user_id	item_id
7	616
7	182
7	497
7	666
7	418
7	81
7	341
7	540
7	552
7	404
7	501
7	219
7	680
7	455
7	541
7	507
7	318
7	576
7	402
7	537
7	498
7	450
7	8
7	635
7	198
7	141
7	100
7	526
7	192
7	586
7	587
7	479
7	273
7	557
7	127
7	151
7	624
7	91
7	634
7	668
7	32
7	275
7	145
7	605
7	307
7	503
7	230
7	39
7	520
7	415
7	625
7	405
7	82
7	420
7	135
7	80
7	484
7	174
7	546
7	28
7	131
7	384
7	386
7	529
7	672
7	556
7	288
7	269
7	152
7	265
7	197
7	679
7	401
7	661
7	68
7	506
7	631
7	646
7	428
7	653
7	435
7	97
7	608
7	618
7	591
7	436
7	488
7	614
7	620
7	496
7	636
7	511
7	596
7	53
7	106
7	259
7	569
7	70
7	52
7	637
7	175
7	615
7	217
7	670
7	382
7	229
7	545
7	499
7	125
7	140
7	613
7	237
7	579
7	399
7	431
7	430
7	675
7	472
7	300
7	543
7	231
7	505
7	660
7	651
7	162
7	663
7	642
7	157
7	142
7	215
7	617
7	671
7	607
7	241
7	530
7	641
7	168
7	154
7	662
7	98
7	674
7	549
7	597
7	648
7	510
7	90
7	562
7	678
7	226
7	487
7	50
7	389
7	489
7	449
7	64
7	581
7	391
7	143
7	599
7	611
7	677
7	180
7	514
7	595
7	628
7	193
7	644
7	201
7	568
7	12
7	652
7	285
7	11
7	144
7	588
7	419
7	521
7	133
7	71
7	601
7	216
7	682
7	571
7	573
7	258
7	632
7	495
7	380
7	264
7	334
7	190
7	178
7	317
7	643
7	574
7	547
7	565
7	429
7	238
7	572
7	683
7	96
7	393
7	551
7	101
7	156
7	163
7	186
7	196
7	665
7	523
7	567
7	134
7	379
7	657
7	504
7	542
7	433
7	205
7	590
7	266
7	491
7	606
7	553
7	228
7	515
7	630
7	427
7	396
7	27
7	654
7	610
7	378
7	440
7	417
7	444
7	23
7	492
7	99
7	89
7	29
7	403
7	177
7	161
7	367
7	669
7	589
7	191
7	324
7	213
7	214
7	645
7	118
7	570
7	423
7	602
7	126
7	47
7	179
7	554
7	62
7	223
7	629
7	181
7	470
7	627
7	195
7	482
7	188
7	584
7	286
7	659
7	69
7	309
7	463
7	527
7	212
7	387
7	452
7	185
7	558
7	619
7	443
7	519
7	294
7	210
7	356
7	667
7	564
7	208
7	465
7	676
7	92
7	79
7	598
7	528
7	136
7	585
7	626
7	10
7	451
7	183
7	72
7	664
7	4
7	447
7	73
7	421
7	448
7	204
7	600
7	207
7	176
7	583
7	171
7	561
7	621
7	153
7	604
7	194
7	132
7	673
7	483
342	723
342	137
342	654
342	381
342	410
342	423
342	192
342	975
342	209
342	319
342	216
342	746
342	732
342	129
342	324
342	179
342	762
342	223
342	135
342	125
342	792
342	517
342	236
342	220
342	357
342	276
342	591
342	182
342	1103
342	327
342	288
342	326
342	153
342	1170
342	4
342	56
342	1010
342	724
342	57
342	95
342	507
342	3
342	160
342	818
342	255
342	193
342	262
342	488
342	535
342	156
342	28
342	1073
342	657
342	1012
342	1057
342	482
342	655
342	1071
342	93
342	100
342	558
342	772
342	1011
342	298
342	428
342	23
342	212
342	89
342	499
342	692
342	574
342	131
342	1167
342	1070
342	584
342	26
342	581
342	1163
342	13
342	9
342	531
342	873
342	727
342	965
342	111
342	1166
342	287
342	461
342	169
342	42
342	1009
342	606
342	523
342	98
342	274
342	88
342	58
342	237
342	408
342	875
342	1094
342	866
342	240
342	427
342	286
342	175
342	1008
342	487
342	134
342	15
342	92
342	1528
342	248
342	547
342	12
342	514
342	320
342	756
342	194
342	844
342	763
342	433
342	297
342	483
342	132
342	716
342	496
342	196
342	486
342	149
342	699
342	204
342	663
342	382
342	1047
342	25
342	1007
342	32
342	1315
342	289
342	108
342	133
342	656
342	251
342	7
342	815
342	282
342	123
342	813
342	68
342	928
342	165
342	475
342	124
342	544
342	294
342	518
342	301
342	144
342	1300
342	208
525	291
525	475
525	293
525	269
525	411
525	124
525	127
525	1014
525	288
525	123
525	597
525	1
525	252
525	289
525	125
525	1047
525	472
525	1011
525	255
525	121
525	596
525	111
525	928
525	332
525	181
525	282
525	25
525	742
525	412
525	118
525	276
525	147
525	1012
525	7
525	106
525	762
525	685
525	300
525	595
525	405
525	100
525	151
525	14
525	250
320	148
320	892
320	96
320	82
320	946
320	833
320	452
320	231
320	95
320	678
320	554
320	552
320	257
320	250
320	156
320	751
320	129
320	123
320	340
320	976
320	71
320	292
320	399
320	27
320	769
320	1215
320	808
320	121
320	1090
320	176
320	99
320	42
320	453
320	100
320	732
320	24
320	177
320	456
320	51
320	550
320	1059
320	145
320	240
320	188
320	164
320	679
320	159
320	210
320	7
320	11
320	568
320	869
320	235
320	627
320	849
320	1011
320	122
320	226
320	202
320	241
320	38
320	433
320	118
320	763
320	625
320	79
320	33
320	2
320	92
320	204
320	66
320	800
320	1291
320	1047
320	274
320	1522
320	470
320	278
320	291
320	739
320	1091
320	716
320	195
320	300
320	1
320	597
320	566
320	276
320	895
320	405
320	411
320	576
320	742
320	358
320	17
320	3
320	89
320	760
320	238
320	431
320	22
320	385
320	50
320	294
320	572
320	368
320	284
320	458
320	586
320	252
320	184
320	1041
320	974
320	62
320	4
320	174
320	1081
320	1210
320	421
320	410
320	1157
320	54
320	472
320	1188
499	463
499	690
499	50
499	1302
499	272
499	153
499	1483
499	257
499	275
499	482
499	527
499	539
499	663
499	519
499	312
499	166
499	661
499	300
499	177
499	525
499	251
499	69
499	313
499	430
499	97
499	328
499	530
499	205
499	238
499	427
499	326
499	425
499	136
499	483
499	11
499	657
499	98
499	12
499	213
499	898
499	692
499	56
499	207
499	271
499	624
499	127
499	202
499	414
499	902
499	486
499	750
499	132
499	879
499	429
499	181
499	1101
499	915
499	258
499	165
499	174
499	55
499	173
499	524
499	7
499	301
499	887
499	87
499	497
499	8
499	194
499	193
499	664
499	605
499	215
499	182
499	516
499	295
499	357
499	318
499	514
499	511
499	100
256	49
256	203
256	51
256	597
256	1109
256	38
256	161
256	443
256	202
256	732
256	866
256	233
256	274
256	232
256	925
256	449
256	1208
256	230
256	12
256	245
256	471
256	174
256	827
256	222
256	781
256	356
256	554
256	849
256	100
256	932
256	550
256	595
256	403
256	77
256	5
256	765
256	4
256	97
256	778
256	722
256	583
256	291
256	1046
256	685
256	79
256	684
256	472
256	724
256	22
256	460
256	288
256	642
256	1040
256	36
256	783
256	276
256	387
256	56
256	930
256	1042
256	1119
256	117
256	1028
256	815
256	228
256	657
256	127
256	785
256	546
256	934
256	66
256	662
256	846
256	123
256	25
256	7
256	294
256	975
256	769
256	125
256	1061
256	413
256	82
256	451
256	54
256	1228
256	237
256	86
256	243
256	739
256	771
256	1033
256	409
256	741
256	11
256	118
256	29
256	381
256	283
256	566
256	89
256	829
256	628
256	98
256	756
256	591
256	188
256	234
256	794
256	147
256	487
256	864
256	1231
256	368
256	406
256	692
256	226
256	538
256	620
256	405
256	552
256	568
256	977
256	363
256	939
256	185
256	526
256	88
256	802
256	665
256	984
256	151
256	172
256	280
256	181
256	1289
256	323
256	989
256	370
256	974
256	775
256	986
256	678
256	473
256	1057
256	21
256	748
256	1041
256	15
256	31
256	742
256	187
256	195
256	808
256	182
256	1051
256	282
256	120
256	1114
256	1086
256	1207
256	988
256	1210
256	92
256	284
256	50
256	96
887	720
887	431
887	578
887	24
887	274
887	288
887	25
887	195
887	559
887	548
887	597
887	1279
887	845
887	176
887	235
887	98
887	47
887	412
887	710
887	1012
887	1015
887	476
887	132
887	1013
887	127
887	82
887	969
887	254
887	1120
887	69
887	756
887	393
887	279
887	385
887	410
887	932
887	1239
887	99
887	187
887	87
887	13
887	318
887	168
887	832
887	455
887	210
887	72
887	38
887	258
887	1063
887	718
887	839
887	1033
887	423
887	1028
887	568
887	1047
887	673
887	143
887	1278
887	96
887	180
887	1084
887	828
887	95
887	928
887	1496
887	1051
887	427
887	164
887	8
887	1060
887	240
887	768
887	151
887	378
887	84
887	633
887	305
887	222
887	655
887	121
887	443
887	926
887	243
887	416
887	202
887	1136
887	1413
887	71
887	1540
887	105
887	204
887	206
887	142
887	368
887	128
887	421
887	692
887	596
887	9
887	699
887	404
887	760
887	109
887	763
887	284
887	100
887	946
887	411
887	115
887	125
887	56
887	1473
887	826
887	432
887	472
887	697
887	50
887	183
887	228
887	1283
887	1383
887	929
887	294
887	111
887	181
887	588
887	562
887	473
887	419
887	609
887	252
887	7
887	369
887	1029
887	496
40	754
40	269
40	340
40	337
40	1038
40	303
40	876
40	302
40	300
40	242
40	345
40	358
40	258
40	346
40	305
40	268
40	271
40	321
40	343
40	333
40	879
40	328
40	347
40	272
40	245
40	286
40	270
40	880
40	310
619	750
619	187
619	55
619	808
619	68
619	288
619	241
619	326
619	651
619	327
619	809
619	174
619	117
619	576
619	1016
619	597
619	307
619	281
619	302
619	1231
619	385
619	562
619	11
619	1314
619	568
619	231
619	684
619	226
619	550
619	294
619	82
619	328
619	879
619	313
619	79
619	121
619	17
619	118
619	403
619	827
619	96
619	53
619	29
619	56
619	685
619	295
619	346
619	195
619	245
619	331
619	144
619	33
619	332
619	849
619	176
619	188
619	333
619	566
619	406
619	665
619	22
619	515
619	258
619	62
619	50
619	578
619	825
619	39
619	183
619	405
619	27
619	720
619	323
534	930
534	276
534	760
534	919
534	370
534	591
534	477
534	325
534	1034
534	25
534	456
534	105
534	1059
534	1052
534	93
534	756
534	322
534	508
534	717
534	294
534	290
534	286
534	24
534	742
534	118
534	1199
534	21
534	820
534	150
534	985
534	926
534	1327
534	129
534	471
534	7
534	1028
534	125
534	825
534	148
534	748
534	121
534	687
534	405
534	1054
534	151
534	291
534	117
534	331
534	546
534	288
534	619
534	300
534	763
534	3
534	273
534	475
534	235
534	410
534	282
534	109
534	243
534	240
534	597
534	595
247	271
247	258
247	1022
247	751
247	111
247	121
247	58
247	269
247	736
247	151
247	1
247	257
247	64
247	750
247	272
247	28
247	100
247	181
247	7
247	259
247	50
247	70
311	238
311	1222
311	739
311	161
311	234
311	627
311	44
311	1035
311	208
311	318
311	570
311	216
311	356
311	62
311	51
311	94
311	443
311	684
311	174
311	518
311	748
311	282
311	39
311	433
311	485
311	469
311	71
311	56
311	194
311	1232
311	527
311	845
311	504
311	482
311	228
311	81
311	750
311	66
311	939
311	82
311	192
311	465
311	173
311	621
311	393
311	432
311	315
311	660
311	699
311	5
311	276
311	576
311	195
311	946
311	98
311	141
311	199
311	125
311	258
311	428
311	177
311	212
311	425
311	86
311	420
311	783
311	133
311	480
311	732
311	99
311	222
311	754
311	73
311	321
311	9
311	47
311	1041
311	1479
311	417
311	403
311	715
311	751
311	431
311	91
311	521
311	523
311	1093
311	241
311	761
311	604
311	519
311	127
311	778
311	495
311	100
311	509
311	708
311	233
311	559
311	239
311	88
311	322
311	1119
311	54
311	385
311	191
311	1297
311	655
311	849
311	423
311	310
311	136
311	1042
311	449
311	186
311	41
311	505
311	941
311	365
311	650
311	198
311	326
311	566
311	366
311	185
311	213
311	702
311	1
311	22
311	170
311	76
311	692
311	578
311	493
311	187
311	15
311	735
311	716
311	648
311	8
311	630
311	168
311	117
311	196
311	1046
311	323
311	451
311	588
311	700
311	204
311	176
311	180
311	181
311	231
311	768
311	43
311	143
311	436
311	193
311	178
311	70
311	306
311	371
311	230
311	775
311	499
311	101
311	1050
311	131
311	415
311	416
311	329
311	539
311	526
311	550
311	642
311	118
311	210
311	496
311	921
311	386
311	218
311	135
311	31
311	392
311	944
311	470
311	79
311	215
311	97
311	515
311	471
311	468
311	209
311	211
311	723
311	785
311	399
311	671
311	83
311	520
311	622
311	483
311	491
311	448
311	203
311	614
311	202
311	568
311	654
311	623
311	200
311	444
311	501
311	188
311	357
311	387
311	651
311	967
311	404
311	227
311	265
311	553
311	300
311	58
311	69
311	510
311	232
311	12
311	172
311	724
311	562
311	378
311	132
311	64
311	942
315	651
315	673
315	203
315	194
315	180
315	216
315	211
315	431
315	137
315	741
315	183
315	603
315	433
315	642
315	654
315	31
315	204
315	327
315	531
315	657
315	466
315	156
315	340
315	238
315	202
315	305
315	288
315	176
315	302
315	23
315	286
315	230
315	461
315	732
315	209
315	55
315	25
315	285
315	475
315	8
315	271
315	234
315	428
315	164
315	523
315	273
315	185
315	301
315	154
315	1065
315	382
315	746
315	508
315	56
315	513
315	17
315	520
315	187
315	318
315	4
315	178
315	100
315	121
315	127
315	173
315	46
315	175
315	93
315	48
315	79
315	13
790	83
790	1028
790	188
790	1183
790	181
790	1
790	216
790	183
790	790
790	41
790	584
790	294
790	721
790	977
790	157
790	1118
790	378
790	79
790	172
790	722
790	208
790	50
790	15
790	63
790	485
790	931
790	431
790	227
790	358
790	222
790	660
790	944
790	65
790	825
790	552
790	135
790	155
790	405
790	2
790	417
790	449
790	1244
790	1188
790	56
790	89
790	268
790	98
790	10
790	241
790	585
790	17
790	411
790	250
790	122
790	364
790	685
790	849
790	380
790	97
790	210
790	123
790	1215
790	275
790	550
790	384
790	258
790	154
790	402
790	1185
790	66
790	209
790	368
790	151
790	781
790	269
790	168
790	738
790	174
790	158
790	143
790	862
790	235
790	145
790	1074
790	949
790	69
790	365
790	572
790	748
790	211
790	273
790	25
790	73
790	755
790	1016
790	121
790	231
790	959
790	240
790	85
790	96
790	708
790	1040
790	1063
790	49
790	117
790	583
790	687
790	1014
790	597
790	373
790	298
790	47
790	774
790	472
790	763
790	196
790	229
790	203
790	284
790	1165
790	249
790	401
790	90
790	475
790	282
790	577
790	259
790	1446
790	1119
790	217
790	609
790	72
790	762
790	42
790	665
790	1044
790	1047
790	546
790	62
790	232
790	427
790	105
790	928
790	709
790	940
790	29
790	248
790	214
790	186
790	739
790	226
790	1282
790	582
790	4
790	678
790	386
790	213
790	1039
790	109
790	1230
790	91
790	233
790	173
790	451
790	792
790	317
790	771
790	202
790	926
790	80
790	367
790	941
790	67
790	237
790	436
790	108
790	274
790	376
790	776
790	1025
790	153
790	561
790	1077
790	228
435	732
435	845
435	1291
435	98
435	1074
435	84
435	49
435	216
435	762
435	204
435	566
435	39
435	100
435	354
435	929
435	1103
435	752
435	797
435	327
435	1044
435	255
435	404
435	3
435	1228
435	946
435	194
435	5
435	121
435	790
435	1039
435	23
435	675
435	67
435	658
435	983
435	943
435	435
435	10
435	554
435	635
435	944
435	1225
435	673
435	1411
435	230
435	473
435	4
435	1
435	12
435	54
435	1217
435	386
435	108
435	627
435	271
435	821
435	156
435	91
435	82
435	717
435	559
435	219
435	585
435	234
435	109
435	317
435	697
435	768
435	406
435	81
435	69
435	298
435	235
435	588
435	756
435	640
435	111
435	1061
435	174
435	831
435	448
435	778
435	550
435	290
435	62
435	268
435	214
435	229
435	154
435	64
435	313
435	80
435	1231
435	128
435	76
435	218
435	501
435	818
435	123
435	443
435	196
435	27
435	742
435	693
435	89
435	284
435	781
435	616
435	411
435	257
435	472
435	161
435	696
435	655
435	409
435	159
435	50
435	182
435	252
435	743
435	203
435	331
435	105
435	173
435	210
435	751
435	376
435	175
435	1128
435	568
435	72
435	193
435	85
435	148
435	1014
435	333
435	820
435	160
435	1401
435	977
435	9
435	1151
435	300
435	56
435	1268
435	152
435	713
435	541
435	95
435	573
435	679
435	755
435	215
435	40
435	1240
435	273
435	862
435	1109
435	721
435	366
435	1028
435	924
435	245
435	343
435	163
435	321
435	567
435	431
435	38
435	240
435	44
435	763
435	141
435	596
435	8
435	382
435	684
435	399
435	1069
435	265
435	476
435	919
435	7
435	188
435	185
435	427
435	52
435	201
435	369
435	792
435	1215
435	381
435	1016
435	423
435	136
435	841
435	63
435	636
435	637
435	584
435	826
435	465
435	157
435	631
435	90
435	181
435	432
435	172
435	628
435	31
435	71
435	393
435	722
435	672
435	15
435	709
435	217
435	338
435	29
435	562
435	73
435	258
435	609
435	206
435	117
435	250
435	153
435	385
435	83
435	1185
435	412
435	318
435	227
435	546
435	96
435	249
435	380
435	587
435	685
435	410
435	625
435	433
435	186
435	79
435	68
435	307
435	42
435	208
435	167
435	1419
435	187
435	164
435	885
435	674
435	649
435	1133
435	447
435	451
435	358
435	179
435	890
435	403
435	603
435	351
435	357
435	659
435	1552
435	961
435	202
435	367
435	441
435	45
435	226
435	953
435	17
435	800
435	930
435	394
435	135
435	1047
435	11
435	28
435	424
435	760
435	168
435	264
435	520
435	572
435	171
435	199
435	549
435	246
435	729
435	405
435	55
435	162
435	665
435	288
435	746
435	24
435	299
435	825
435	571
435	578
435	176
738	151
738	186
738	269
738	98
738	257
738	916
738	568
738	527
738	144
738	418
738	231
738	228
738	28
738	89
738	550
738	117
738	153
738	233
738	229
738	135
738	252
738	434
738	234
738	455
738	42
738	39
738	210
738	747
738	179
738	71
738	177
738	2
738	258
738	191
738	230
738	197
738	136
738	205
738	405
738	238
738	216
738	470
738	199
738	154
738	214
738	96
738	1016
738	88
738	222
738	172
738	254
738	206
738	969
738	54
738	183
738	665
738	655
738	204
738	189
738	732
738	265
738	429
738	173
738	82
738	298
738	176
738	50
738	240
738	474
738	193
738	95
738	651
738	195
738	127
738	209
738	393
738	63
738	250
738	4
738	318
738	271
738	919
738	141
738	343
738	496
738	528
738	7
738	202
738	22
738	423
738	1
738	930
738	403
738	357
738	260
738	56
738	128
738	147
738	203
738	208
738	225
738	385
738	168
738	188
738	178
738	755
738	235
738	47
738	751
738	91
738	517
738	227
738	662
738	449
738	164
738	100
738	408
738	200
738	926
738	951
538	215
538	211
538	127
538	168
538	82
538	183
538	173
538	50
538	528
538	240
538	385
538	195
538	97
538	317
538	294
538	276
538	187
538	196
538	144
538	642
538	172
538	237
538	31
538	381
538	735
538	12
538	423
538	96
538	56
538	208
538	210
538	566
538	79
538	162
538	216
538	137
538	238
538	42
538	234
538	712
538	174
538	181
538	69
538	568
538	527
538	202
538	223
538	176
538	28
538	655
538	98
538	117
538	11
538	318
538	496
538	692
538	258
538	204
538	273
538	405
538	710
538	88
538	100
538	483
538	182
303	230
303	201
303	187
303	783
303	1145
303	229
303	82
303	387
303	1215
303	1014
303	564
303	410
303	240
303	709
303	759
303	597
303	765
303	132
303	245
303	357
303	33
303	1230
303	670
303	152
303	744
303	627
303	221
303	687
303	507
303	1021
303	164
303	544
303	385
303	129
303	98
303	873
303	1046
303	1224
303	250
303	150
303	545
303	1090
303	558
303	270
303	248
303	369
303	198
303	283
303	46
303	318
303	831
303	1267
303	25
303	159
303	22
303	476
303	1510
303	72
303	651
303	402
303	423
303	483
303	871
303	227
303	172
303	99
303	692
303	829
303	960
303	443
303	998
303	735
303	284
303	100
303	1178
303	926
303	1089
303	650
303	418
303	1047
303	69
303	282
303	460
303	324
303	451
303	956
303	246
303	68
303	47
303	653
303	87
303	569
303	182
303	255
303	382
303	50
303	631
303	1220
303	867
303	588
303	763
303	1511
303	568
303	42
303	85
303	574
303	396
303	741
303	233
303	4
303	70
303	391
303	181
303	23
303	276
303	746
303	219
303	257
303	502
303	88
303	171
303	203
303	144
303	685
303	1182
303	658
303	720
303	403
303	432
303	143
303	755
303	482
303	269
303	576
303	167
303	120
303	866
303	1118
303	277
303	780
303	289
303	1095
303	508
303	31
303	264
303	436
303	1226
303	416
303	430
303	552
303	875
303	738
303	805
303	1187
303	844
303	404
303	993
303	1286
303	785
303	501
303	156
303	634
303	358
303	1335
303	1509
303	421
303	725
303	67
303	259
303	1210
303	575
303	779
303	479
303	170
303	425
303	271
303	367
303	549
303	824
303	81
303	334
303	1013
303	1217
303	168
303	8
303	514
303	1023
303	872
303	92
303	582
303	122
303	1315
303	373
303	586
303	1037
303	943
303	869
303	808
303	748
303	1142
303	792
303	739
303	801
303	1092
303	449
303	153
303	43
303	41
303	928
303	715
303	398
303	127
303	204
303	71
303	134
303	1039
303	241
303	231
303	223
303	1040
303	78
303	462
303	722
303	327
303	411
303	388
303	116
303	363
303	53
303	252
303	562
303	815
303	840
303	1135
303	381
303	137
303	235
303	9
303	450
303	2
303	139
303	426
303	654
303	1218
303	195
303	191
303	128
303	1153
303	298
303	49
303	326
303	1258
303	1188
303	1232
303	535
303	176
303	147
303	413
303	117
303	249
303	679
303	232
303	125
303	541
303	90
303	83
303	636
303	93
303	293
303	700
303	1303
303	222
303	236
303	1270
303	260
303	286
303	1048
303	506
303	251
303	1011
303	1109
303	121
303	123
303	1044
303	1337
303	73
303	665
303	742
303	1097
303	97
303	583
303	26
303	939
303	228
303	1041
303	615
303	200
303	281
303	420
303	106
303	1052
303	395
303	38
303	518
303	554
303	294
303	655
303	185
303	616
303	1209
303	24
303	218
303	480
303	62
303	405
303	1088
303	953
303	208
303	288
303	477
303	3
303	1086
303	96
303	809
303	376
303	474
303	328
303	17
303	155
303	161
303	239
303	184
303	111
303	91
303	1012
303	596
303	118
303	458
303	1228
303	21
303	54
303	1034
303	29
303	79
303	577
303	238
303	384
303	160
303	491
303	216
303	1239
303	820
303	209
303	1071
303	141
303	226
303	268
303	1411
303	470
303	65
303	321
303	80
303	287
303	56
303	475
303	323
303	393
303	290
303	678
303	551
303	12
303	427
303	433
303	291
303	95
303	550
303	202
303	800
303	63
303	173
303	1157
303	716
303	386
303	55
303	1426
303	1073
303	1098
303	619
591	514
591	66
591	615
591	934
591	516
591	1028
591	712
591	956
591	662
591	382
591	921
591	381
591	211
591	48
591	285
591	204
591	787
591	202
591	393
591	1120
591	300
591	237
591	1111
591	100
591	1017
591	235
591	56
591	70
591	487
591	603
591	286
591	210
591	182
591	88
591	116
591	13
591	306
591	238
591	866
591	275
591	26
591	72
591	85
591	196
591	511
591	1099
591	194
591	655
591	740
591	127
591	168
591	435
591	451
591	580
591	86
591	172
591	523
591	216
591	508
591	428
591	79
591	25
591	4
591	322
591	923
591	732
591	466
591	283
232	8
232	286
232	523
232	508
232	705
232	419
232	81
232	91
232	48
232	50
232	315
232	181
232	493
232	32
232	582
232	246
232	531
232	423
232	462
232	515
232	690
232	268
232	1
232	173
232	655
232	4
232	209
232	313
232	1149
232	514
232	270
232	117
232	1128
232	483
232	14
232	289
232	172
232	275
232	474
232	425
232	69
232	475
232	170
232	294
232	498
232	269
232	178
232	165
232	132
232	175
232	56
232	589
232	357
232	133
232	186
232	76
232	603
232	234
232	127
232	744
232	52
232	100
232	708
232	919
232	191
232	638
232	272
232	196
232	747
232	166
232	64
232	900
232	96
232	98
232	22
184	738
184	34
184	164
184	93
184	192
184	1014
184	116
184	707
184	283
184	29
184	606
184	521
184	7
184	657
184	72
184	207
184	480
184	14
184	197
184	645
184	65
184	238
184	89
184	443
184	716
184	88
184	837
184	191
184	522
184	1086
184	950
184	411
184	509
184	215
184	780
184	403
184	410
184	517
184	36
184	699
184	739
184	584
184	729
184	1012
184	488
184	478
184	175
184	285
184	56
184	176
184	255
184	172
184	52
184	378
184	553
184	676
184	1398
184	596
184	654
184	79
184	401
184	50
184	66
184	258
184	166
184	134
184	423
184	170
184	642
184	487
184	137
184	216
184	1397
184	13
184	259
184	174
184	9
184	629
184	527
184	473
184	274
184	735
184	287
184	531
184	357
184	949
184	196
184	694
184	508
184	724
184	855
184	447
184	275
184	660
184	631
184	1117
184	836
184	492
184	1101
184	639
184	766
184	529
184	252
184	402
184	512
184	86
184	371
184	11
184	805
184	143
184	185
184	1160
184	1195
184	715
184	218
184	514
184	213
184	203
184	665
184	210
184	127
184	277
184	212
184	372
184	77
184	1232
184	604
184	64
184	451
184	82
184	568
184	161
184	528
184	44
184	97
184	708
184	118
184	1148
184	504
184	1167
184	736
184	1121
184	692
184	602
184	972
184	20
184	591
184	582
184	792
184	95
184	1061
184	340
184	155
184	396
184	942
184	511
184	655
184	250
184	47
184	272
184	428
184	1020
184	221
184	381
184	92
184	182
184	742
184	160
184	1297
184	51
184	1010
184	276
184	124
184	71
184	241
184	318
184	483
184	497
184	254
184	1137
184	462
184	121
184	747
184	1008
184	405
184	223
184	476
184	498
184	15
184	640
184	506
184	91
184	945
184	496
184	393
184	100
184	647
184	57
184	25
184	1396
184	117
405	1229
405	218
405	554
405	1571
405	181
405	101
405	1072
405	99
405	564
405	573
405	859
405	576
405	54
405	426
405	765
405	1004
405	1548
405	816
405	1055
405	1578
405	1530
405	367
405	551
405	1584
405	1408
405	1306
405	392
405	89
405	1166
405	1559
405	1267
405	448
405	182
405	94
405	1574
405	581
405	376
405	1409
405	1062
405	584
405	66
405	663
405	356
405	956
405	1576
405	722
405	1103
405	351
405	234
405	501
405	417
405	303
405	430
405	198
405	228
405	1027
405	197
405	1227
405	1437
405	665
405	1019
405	1442
405	383
405	1429
405	704
405	1346
405	577
405	996
405	1253
405	1119
405	37
405	364
405	739
405	1318
405	238
405	1338
405	58
405	444
405	208
405	1031
405	423
405	226
405	784
405	1591
405	387
405	692
405	62
405	1568
405	951
405	480
405	1423
405	82
405	525
405	781
405	1544
405	770
405	944
405	171
405	672
405	135
405	69
405	724
405	1240
405	674
405	318
405	202
405	1471
405	97
405	536
405	1090
405	1464
405	59
405	186
405	855
405	1005
405	556
405	40
405	184
405	445
405	27
405	1415
405	1579
405	559
405	191
405	715
405	700
405	775
405	1065
405	437
405	788
405	212
405	736
405	921
405	1549
405	1551
405	1488
405	730
405	1078
405	773
405	710
405	203
405	940
405	695
405	1556
405	1422
405	671
405	1195
405	1531
405	1566
405	1555
405	189
405	427
405	142
405	463
405	1553
405	51
405	737
405	75
405	1018
405	1006
405	482
405	1297
405	1266
405	341
405	385
405	391
405	140
405	728
405	2
405	719
405	465
405	241
405	537
405	87
405	149
405	470
405	943
405	731
405	195
405	1545
405	1045
405	553
405	302
405	1517
405	1445
405	48
405	563
405	378
405	1518
405	545
405	792
405	239
405	1035
405	1384
405	433
405	1353
405	1275
405	201
405	379
405	1311
405	1535
405	215
405	518
405	793
405	52
405	68
405	1274
405	1546
405	623
405	654
405	761
405	415
405	361
405	970
405	796
405	697
405	516
405	511
405	357
405	204
405	656
405	449
405	1561
405	231
405	96
405	727
405	504
405	180
405	230
405	1547
405	78
405	561
405	1529
405	1424
405	550
405	657
405	395
405	86
405	703
405	1247
405	98
405	721
405	67
405	1175
405	543
405	57
405	1066
405	1387
405	1580
405	169
405	216
405	1111
405	646
405	947
405	574
405	33
405	71
405	780
405	192
405	185
405	794
405	450
405	1581
405	399
405	726
405	79
405	585
405	429
405	579
405	810
405	1231
405	955
405	1113
405	210
405	381
405	1193
405	172
405	1167
405	640
405	365
405	555
405	552
405	36
405	1074
405	85
405	90
405	170
405	464
405	668
405	26
405	1305
405	372
405	219
405	451
405	675
405	939
405	91
405	1070
405	1222
405	709
405	655
405	942
405	1225
405	1248
405	651
405	904
405	517
405	645
405	745
405	132
405	1394
405	402
405	790
405	4
405	1029
405	661
405	842
405	768
405	1178
405	1359
405	777
405	35
405	64
405	1432
405	211
405	694
405	1583
405	622
405	1265
405	603
405	1479
405	969
405	1200
405	592
405	673
405	567
405	1317
405	55
405	1228
405	575
405	347
405	807
405	308
405	1564
405	366
405	1407
405	714
405	789
405	1232
405	1249
405	1563
405	1184
405	70
405	446
405	510
405	1475
405	439
405	1110
405	1499
405	1590
405	851
405	853
405	8
405	716
405	88
405	644
405	313
405	659
405	447
405	747
405	206
405	540
405	42
405	1585
405	530
405	783
405	1179
405	43
405	1558
405	467
405	435
405	1099
405	178
405	1434
405	60
405	1308
405	923
405	41
405	1587
405	1032
405	196
405	643
405	1182
405	738
405	173
405	1412
405	1478
405	380
405	1177
405	1522
405	436
405	393
405	658
405	1250
405	50
405	642
405	1224
405	1391
405	795
405	1425
405	542
405	669
405	232
405	548
405	1474
405	1570
405	662
405	47
405	1382
405	403
405	1421
405	1441
405	416
405	168
405	1021
405	1230
405	569
405	693
405	102
405	729
405	570
405	1091
405	1217
405	1221
405	28
405	1037
405	1484
405	317
405	1168
405	1159
405	1210
405	233
405	723
405	562
405	420
405	45
405	49
405	418
405	541
405	350
405	288
405	30
405	571
405	774
405	699
405	29
405	648
405	190
405	861
405	1438
405	972
405	469
405	720
405	1588
405	1036
405	858
405	375
405	509
405	73
405	1101
405	771
405	1053
405	1146
405	957
405	1444
405	175
405	384
405	856
405	1509
405	650
405	213
405	782
405	53
405	1104
405	1316
405	1220
405	371
405	419
405	404
405	772
405	217
405	373
405	557
405	1206
405	941
405	1290
405	1573
405	1539
405	453
405	582
405	31
405	549
405	12
405	32
405	421
405	374
405	1577
405	1519
405	1271
405	578
405	1073
405	1209
405	1042
405	583
405	1030
405	734
405	401
405	382
405	698
405	80
405	755
405	707
405	708
405	566
405	1260
405	442
405	428
405	606
405	712
405	414
405	77
405	179
405	1076
405	1148
405	22
405	44
405	521
405	960
405	524
405	61
405	1041
405	1399
405	558
405	785
405	1207
405	1540
405	466
405	621
405	443
405	522
405	733
405	735
405	227
405	638
405	56
405	1562
405	529
405	679
405	920
405	513
405	1107
405	964
405	188
405	1043
405	625
405	725
405	519
405	653
405	527
405	199
405	660
405	422
405	1575
405	515
405	949
405	565
405	1112
405	514
405	63
405	1261
405	441
405	588
405	1592
405	397
405	1063
405	1334
405	72
405	664
405	1572
405	798
405	520
158	11
158	177
158	20
158	29
158	149
158	92
158	38
158	302
158	8
158	216
158	576
158	85
158	583
158	729
158	209
158	286
158	227
158	651
158	244
158	229
158	866
158	235
158	659
158	298
158	1067
158	510
158	684
158	516
158	79
158	502
158	694
158	823
158	120
158	414
158	127
158	284
158	431
158	978
158	148
158	233
158	373
158	450
158	50
158	226
158	294
158	183
158	82
158	239
158	285
158	55
158	182
158	809
158	410
158	744
158	68
158	985
158	580
158	665
158	62
158	770
158	273
158	230
158	525
158	1011
158	129
158	803
158	686
158	124
158	173
158	118
158	550
158	530
158	325
158	184
158	175
158	100
158	53
158	1016
158	825
158	568
158	385
158	514
158	472
158	408
158	483
158	228
158	187
158	72
158	648
158	10
158	123
158	217
158	168
158	154
158	745
158	250
158	188
158	121
158	96
158	204
158	42
158	1
158	1047
158	449
158	137
158	174
158	275
158	252
158	403
158	194
158	798
158	172
158	125
158	1098
158	241
158	511
158	731
158	190
158	70
158	202
158	430
158	117
158	208
158	797
158	163
158	7
158	562
158	277
158	22
158	810
158	116
158	181
158	652
158	161
158	232
158	593
158	83
158	24
158	195
744	238
744	481
744	188
744	428
744	657
744	237
744	963
744	174
744	508
744	479
744	23
744	483
744	50
744	127
744	9
744	1134
744	340
744	302
744	28
744	276
744	1
744	603
744	628
347	432
347	829
347	100
347	96
347	748
347	819
347	117
347	660
347	183
347	1016
347	333
347	418
347	215
347	465
347	930
347	627
347	568
347	1244
347	328
347	222
347	127
347	258
347	24
347	271
347	471
347	17
347	56
347	427
347	742
347	273
347	293
347	1059
347	208
347	404
347	249
347	369
347	550
347	50
347	685
347	156
347	55
347	200
347	260
347	15
347	288
347	386
347	827
347	423
347	180
347	151
347	182
347	403
347	926
347	806
347	65
347	468
347	69
347	204
347	588
347	699
347	455
347	195
347	158
347	609
347	508
347	763
347	164
347	1012
347	284
347	137
347	692
347	11
347	235
347	210
347	756
347	177
347	148
347	276
347	257
347	460
347	73
347	357
347	405
347	181
347	294
347	820
347	416
347	323
347	106
347	1039
347	245
347	421
347	226
347	871
347	174
347	168
347	1088
347	192
347	123
347	203
347	721
347	157
347	118
347	363
347	82
347	1291
347	291
347	144
347	597
347	1028
347	239
347	7
347	298
347	290
347	435
347	173
347	227
347	735
347	462
347	223
347	713
347	1047
347	1035
347	280
347	99
347	318
347	77
347	246
347	163
347	230
347	76
347	544
347	693
347	186
347	4
347	12
347	233
347	686
347	95
347	159
347	470
347	97
347	1
347	1011
347	237
347	87
347	959
347	172
347	176
347	472
347	31
347	252
347	68
347	188
347	147
347	317
347	411
347	879
347	98
347	475
347	79
446	299
446	294
446	327
446	332
446	292
446	326
446	334
446	322
446	883
446	340
446	888
446	300
446	321
446	880
446	245
446	302
446	748
446	270
446	328
446	268
446	338
446	887
446	303
446	288
446	690
446	879
446	359
446	286
446	269
446	306
555	288
555	87
555	546
555	249
555	47
555	252
555	340
555	120
555	13
555	405
555	117
555	301
555	265
555	328
555	181
555	244
555	489
555	111
555	480
555	248
555	357
555	21
555	236
555	285
555	269
555	195
555	235
555	147
555	121
555	150
555	302
555	505
555	762
555	271
555	89
555	318
555	118
555	129
555	100
555	169
555	50
555	326
567	173
567	673
567	604
567	653
567	1252
567	1
567	212
567	59
567	293
567	56
567	188
567	221
567	847
567	511
567	195
567	434
567	484
567	1131
567	654
567	132
567	174
567	340
567	675
567	1021
567	299
567	608
567	525
567	429
567	271
567	612
567	504
567	306
567	257
567	209
567	521
567	483
567	679
567	100
567	318
567	12
567	497
567	493
567	89
567	248
567	183
567	1451
567	9
567	507
567	303
567	1204
567	156
567	496
567	646
567	1022
567	152
567	194
567	187
567	177
567	469
567	650
567	1298
567	246
567	234
567	582
567	517
567	659
567	198
567	168
567	611
567	603
567	10
567	182
567	647
567	175
567	705
567	474
567	811
567	491
567	109
567	433
567	39
567	606
567	489
567	181
567	192
567	197
567	297
567	273
567	615
567	178
567	170
567	50
567	47
567	919
567	427
567	478
567	298
567	475
567	96
567	190
567	185
567	135
567	268
567	79
567	607
567	32
567	179
567	514
567	479
567	648
567	205
567	124
567	23
567	490
567	481
567	7
567	430
567	494
567	127
567	613
567	482
567	836
567	1012
567	134
567	357
509	300
509	343
509	892
509	266
509	338
509	260
509	754
509	50
509	326
509	687
509	301
509	309
509	345
509	268
509	319
509	332
509	302
509	258
509	603
509	328
509	271
509	288
509	294
509	307
509	181
509	705
509	879
313	892
313	482
313	684
313	655
313	520
313	142
313	514
313	735
313	147
313	176
313	1
313	167
313	121
313	99
313	673
313	333
313	414
313	659
313	151
313	331
313	624
313	88
313	177
313	632
313	628
313	519
313	435
313	550
313	542
313	479
313	521
313	152
313	82
313	258
313	357
313	582
313	1066
313	239
313	29
313	696
313	192
313	175
313	195
313	25
313	187
313	823
313	496
313	181
313	191
313	164
313	154
313	141
313	495
313	420
313	153
313	650
313	969
313	629
313	15
313	576
313	487
313	97
313	23
313	615
313	402
313	203
313	95
313	768
313	96
313	546
313	156
313	662
313	837
313	843
313	415
313	1050
313	222
313	204
313	651
313	185
313	229
313	480
313	139
313	670
313	661
313	481
313	527
313	498
313	194
313	210
313	56
313	309
313	566
313	778
313	328
313	100
313	448
313	144
313	616
313	318
313	739
313	186
313	205
313	31
313	237
313	385
313	238
313	8
313	489
313	117
313	820
313	211
313	499
313	202
313	478
313	232
313	452
313	740
313	511
313	625
313	490
313	432
313	216
313	22
313	427
313	745
313	636
313	225
313	174
313	665
313	58
313	322
313	631
313	586
313	501
313	603
313	845
313	135
313	66
313	744
313	633
313	28
313	505
313	64
313	180
313	77
313	231
313	245
313	132
313	531
313	157
313	770
313	69
313	230
313	65
313	578
313	497
313	663
313	200
313	218
313	461
313	683
313	849
313	449
313	403
313	428
313	493
313	1470
313	215
313	649
313	840
313	197
313	102
313	193
313	234
313	484
313	404
313	226
313	148
313	494
313	486
313	608
313	125
313	98
313	143
313	44
313	393
313	504
313	162
313	94
313	161
313	168
313	525
313	133
313	131
313	609
313	405
313	748
313	538
313	178
313	134
313	127
313	71
313	208
313	79
313	89
313	47
313	516
313	300
313	155
291	569
291	214
291	122
291	106
291	77
291	977
291	575
291	825
291	89
291	416
291	772
291	55
291	173
291	70
291	418
291	1253
291	67
291	69
291	125
291	834
291	218
291	466
291	64
291	783
291	402
291	974
291	246
291	1305
291	129
291	1239
291	365
291	181
291	46
291	56
291	159
291	174
291	188
291	28
291	294
291	975
291	1229
291	1079
291	324
291	816
291	562
291	574
291	215
291	21
291	1210
291	11
291	582
291	761
291	22
291	470
291	172
291	1
291	1217
291	94
291	940
291	226
291	722
291	685
291	158
291	421
291	82
291	1277
291	770
291	236
291	1248
291	715
291	395
291	195
291	31
291	742
291	933
291	798
291	200
291	1478
291	558
291	5
291	143
291	448
291	93
291	592
291	496
291	1220
291	829
291	168
291	1042
291	179
291	66
291	1178
291	262
291	401
291	238
291	1273
291	144
291	282
291	769
291	747
291	235
291	411
291	475
291	54
291	998
291	1109
291	273
291	364
291	706
291	581
291	588
291	460
291	369
291	366
291	455
291	71
291	565
291	428
291	412
291	573
291	245
291	820
291	985
291	140
291	385
291	234
291	204
291	38
291	123
291	427
291	946
291	1017
291	356
291	383
291	147
291	117
291	1139
291	501
291	568
291	741
291	237
291	1157
291	285
291	794
291	250
291	96
291	1206
291	9
291	1047
291	1083
291	33
291	85
291	1078
291	824
291	403
291	184
291	833
291	732
291	1376
291	763
291	50
291	124
291	15
291	563
291	249
291	376
291	571
291	8
291	760
291	552
291	155
291	578
291	567
291	417
291	1244
291	27
291	636
291	413
291	1012
291	1077
291	219
291	672
291	801
291	17
291	244
291	175
291	391
291	4
291	844
291	154
291	1016
291	508
291	100
291	1067
291	1059
291	12
291	774
291	576
291	572
291	164
291	469
291	755
291	1188
291	90
291	1090
291	53
291	240
291	95
291	1303
291	92
291	202
291	423
291	232
291	756
291	379
291	577
291	928
291	121
291	393
291	101
291	1505
291	99
291	1215
291	729
291	293
291	1219
291	686
291	550
291	555
291	924
291	1028
291	655
291	367
291	7
291	1209
291	288
291	471
291	72
54	930
54	106
54	237
54	272
54	24
54	333
54	258
54	148
54	1012
54	117
54	295
54	250
54	475
54	25
54	245
54	127
54	50
54	118
54	100
54	291
54	181
54	820
54	340
54	411
54	741
54	255
54	823
54	346
54	273
54	405
54	298
54	827
54	268
54	1
54	748
54	276
54	7
54	240
54	147
54	307
54	1088
54	328
54	1016
54	288
54	338
54	257
54	471
54	252
54	121
54	151
54	829
54	325
54	597
183	229
183	739
183	270
183	258
183	1159
183	241
183	176
183	212
183	273
183	202
183	222
183	1215
183	331
183	55
183	159
183	94
183	294
183	144
183	62
183	265
183	181
183	257
183	720
183	380
183	177
183	226
183	356
183	649
183	274
183	250
183	50
183	485
183	216
183	228
183	449
183	375
183	121
183	450
183	225
183	203
183	230
183	431
183	227
367	324
367	441
367	56
367	559
367	50
367	567
367	769
367	331
367	17
367	5
367	184
367	219
367	448
367	183
367	919
367	326
367	250
367	176
367	563
367	53
367	246
367	561
367	406
367	672
367	164
367	333
367	200
367	179
367	145
367	217
367	98
367	413
367	800
367	452
367	234
367	379
367	100
367	564
367	302
367	637
367	670
367	185
367	774
367	334
367	436
367	268
367	7
367	876
371	496
371	55
371	234
371	393
371	77
371	79
371	69
371	127
371	97
371	746
371	443
371	183
371	98
371	523
371	176
371	24
371	431
371	22
371	64
371	175
371	504
371	194
371	117
371	210
371	627
371	265
371	449
371	435
371	50
371	1
371	186
371	655
371	179
371	174
371	66
371	197
371	202
371	527
371	185
371	177
371	180
360	193
360	879
360	257
360	181
360	357
360	237
360	285
360	195
360	170
360	515
360	748
360	223
360	210
360	845
360	483
360	479
360	191
360	520
360	1
360	963
360	205
360	172
360	23
360	1197
360	13
360	936
360	64
360	271
360	297
360	663
360	50
360	284
360	144
360	275
360	405
360	1149
360	423
360	28
360	523
360	302
360	45
360	588
360	286
360	187
360	651
360	321
360	334
360	306
360	124
360	248
360	100
360	199
360	735
360	238
360	83
360	474
360	933
360	127
360	157
360	303
360	328
360	251
360	1039
360	15
360	242
360	56
360	25
360	496
360	661
360	166
360	309
360	96
360	326
360	69
360	194
360	175
360	197
360	116
360	308
360	955
360	521
360	582
796	1057
796	762
796	1197
796	807
796	1217
796	636
796	291
796	1228
796	89
796	576
796	250
796	271
796	371
796	211
796	655
796	748
796	796
796	485
796	9
796	414
796	182
796	478
796	520
796	121
796	281
796	318
796	381
796	106
796	1012
796	134
796	28
796	217
796	684
796	779
796	8
796	272
796	988
796	477
796	775
796	427
796	559
796	564
796	403
796	685
796	859
796	692
796	761
796	174
796	768
796	731
796	54
796	431
796	248
796	53
796	486
796	200
796	527
796	356
796	188
796	391
796	87
796	783
796	1090
796	269
796	1048
796	1049
796	869
796	96
796	232
796	191
796	1001
796	568
796	270
796	111
796	43
796	794
796	419
796	417
796	418
796	144
796	578
796	1042
796	95
796	423
796	33
796	323
796	735
796	815
796	739
796	510
796	300
796	809
796	1041
796	219
796	181
796	945
796	79
796	173
796	29
796	99
796	203
796	693
796	257
796	301
796	1511
796	849
796	274
796	284
796	401
796	231
796	88
796	153
796	77
796	31
796	483
796	699
796	781
796	447
796	776
796	168
796	387
796	215
796	1036
796	322
796	785
796	493
796	1415
796	732
796	717
796	879
796	665
796	628
796	213
796	720
796	216
796	491
796	1522
796	474
796	12
796	118
796	659
796	736
796	229
796	159
796	198
796	298
796	433
796	378
796	932
796	1046
796	385
796	480
796	467
796	402
796	39
796	588
796	204
796	202
796	82
796	280
796	1269
796	1076
796	316
796	540
796	315
796	615
796	339
796	64
796	1040
796	234
796	500
796	22
796	934
796	283
796	286
796	313
796	98
796	187
796	591
796	226
796	69
796	608
796	48
796	928
796	880
796	145
796	550
796	222
796	152
796	15
796	432
796	679
796	357
796	236
796	553
796	662
796	514
796	49
796	831
796	1032
796	282
796	546
796	45
796	565
796	606
796	342
796	724
796	26
796	94
796	747
796	1163
796	409
796	186
796	487
796	399
796	249
796	86
796	199
796	1
796	649
796	112
796	147
796	530
796	66
796	566
796	97
796	143
796	974
796	810
796	873
796	549
796	393
796	939
796	716
796	185
796	949
796	38
796	728
796	172
796	127
796	237
796	672
796	597
796	218
796	91
796	1074
796	78
796	258
796	573
796	1285
796	778
796	151
796	230
796	178
796	660
796	63
796	525
796	293
796	233
796	570
796	1119
796	196
796	245
796	154
796	195
796	449
796	1037
796	1407
796	755
796	62
796	765
796	4
796	977
796	155
796	434
796	184
796	603
796	117
796	209
796	389
796	451
796	125
796	855
796	722
796	58
796	176
796	36
796	484
69	288
69	1134
69	174
69	117
69	475
69	273
69	689
69	151
69	307
69	197
69	12
69	172
69	7
69	175
69	302
69	181
69	289
69	48
69	235
69	123
69	1144
69	300
69	100
69	182
69	763
69	427
69	591
69	245
69	42
69	234
69	129
69	1143
69	222
69	246
69	9
69	237
69	294
69	886
69	56
69	334
69	298
69	268
69	79
69	333
69	256
69	124
69	50
69	748
69	265
69	742
69	879
69	508
69	1016
163	326
163	258
163	56
163	305
163	272
163	300
163	316
163	347
163	64
163	433
163	202
163	28
163	357
163	318
163	286
163	288
163	234
163	98
163	879
757	188
757	969
757	168
757	17
757	562
757	771
757	229
757	685
757	97
757	143
757	227
757	665
757	566
757	568
757	173
757	570
757	156
757	27
757	423
757	91
757	157
757	550
757	426
757	358
757	11
757	651
757	561
757	248
757	403
757	22
757	433
757	56
757	515
757	333
757	38
757	684
757	250
757	746
757	2
757	183
757	100
757	82
757	121
757	230
757	29
757	151
757	658
757	202
757	751
757	144
757	241
757	323
757	895
757	265
757	101
757	217
757	588
757	129
757	455
757	96
757	172
757	28
757	203
757	1016
757	148
757	71
757	53
757	328
757	732
757	1210
757	195
757	226
757	350
757	128
757	155
757	809
757	276
757	743
757	693
757	326
757	432
757	206
757	64
757	271
757	471
757	470
757	235
757	1073
757	559
757	385
757	1240
757	258
757	431
757	1035
757	98
757	399
757	405
757	62
757	233
757	164
757	68
757	161
757	825
757	450
757	1273
757	210
757	122
757	449
757	145
757	204
757	1090
757	576
757	939
757	222
757	569
757	257
757	125
757	313
757	174
757	4
757	95
757	288
757	270
757	228
757	24
757	69
757	231
757	176
757	298
757	931
757	252
757	58
757	181
757	546
663	603
663	240
663	89
663	98
663	332
663	655
663	928
663	148
663	316
663	864
663	924
663	151
663	284
663	259
663	1067
663	658
663	975
663	678
663	276
663	741
663	245
663	652
663	1245
663	182
663	96
663	1051
663	1119
663	42
663	11
663	1
663	286
663	351
663	129
663	696
663	127
663	1324
663	1009
663	260
663	121
663	307
663	324
663	984
663	1017
663	1073
663	47
663	762
663	111
663	56
663	1048
663	919
663	827
663	210
663	985
663	15
663	948
663	471
663	13
663	591
663	25
663	235
663	1059
663	274
663	333
663	150
663	763
663	321
663	23
663	956
663	174
663	588
663	273
663	315
663	319
663	876
663	287
663	12
663	749
663	978
663	475
663	693
663	322
663	597
663	123
663	844
663	521
663	357
663	282
663	326
663	192
663	1011
663	265
663	872
663	299
663	294
663	272
663	676
663	833
663	710
663	682
663	748
663	134
663	237
663	100
663	473
663	815
663	147
663	508
663	268
663	183
663	243
663	300
663	7
663	509
663	69
663	318
663	619
663	411
663	1161
663	628
663	895
663	31
663	742
663	64
663	50
663	176
663	180
663	181
663	405
901	391
901	144
901	402
901	180
901	69
901	429
901	22
901	1620
901	321
901	13
901	795
901	1
901	216
901	728
901	229
901	756
901	1120
901	864
901	988
901	443
901	168
901	259
901	662
901	409
901	275
901	1047
901	1035
901	866
901	739
901	636
901	38
901	211
901	121
901	82
901	451
901	435
901	135
901	140
901	91
901	234
901	20
901	578
901	63
901	252
901	88
901	405
901	322
901	768
901	1049
901	520
901	196
901	523
901	560
901	378
901	66
901	430
901	94
901	194
901	566
901	679
901	210
901	151
901	181
901	476
901	222
901	174
901	50
901	395
901	35
901	237
901	688
901	250
901	243
901	142
901	949
901	546
901	78
901	235
901	111
901	521
901	230
901	1643
901	12
901	498
901	56
901	436
901	96
901	294
901	8
901	15
901	419
901	161
901	447
901	257
901	732
901	172
901	932
901	568
901	1041
901	71
119	977
119	210
119	473
119	455
119	986
119	685
119	52
119	258
119	879
119	546
119	544
119	315
119	100
119	54
119	323
119	382
119	449
119	1016
119	1202
119	316
119	392
119	717
119	458
119	329
119	70
119	322
119	9
119	1263
119	658
119	254
119	269
119	716
119	924
119	172
119	755
119	301
119	276
119	995
119	741
119	11
119	56
119	7
119	286
119	40
119	132
119	117
119	407
119	1160
119	86
119	147
119	385
119	459
119	340
119	1265
119	823
119	275
119	105
119	31
119	28
119	354
119	710
119	1170
119	405
119	471
119	742
119	338
119	226
119	12
119	537
119	1034
119	182
119	1259
119	257
119	144
119	845
119	982
119	827
119	252
119	274
119	83
119	451
119	412
119	1137
119	87
119	1261
119	825
119	25
119	174
119	22
119	93
119	89
119	511
119	718
119	310
119	237
119	250
119	655
119	287
119	916
119	348
119	82
119	181
119	332
119	204
119	1244
119	199
119	751
119	526
119	562
119	930
119	1264
119	568
119	410
119	1153
119	328
119	209
119	299
119	288
119	124
119	931
119	245
119	272
119	597
119	628
119	492
119	866
119	1101
119	486
119	23
119	591
119	277
119	697
119	1262
119	684
119	64
119	111
119	121
119	349
119	196
119	268
119	1197
119	1166
119	917
119	294
119	762
881	357
881	663
881	136
881	630
881	542
881	178
881	197
881	732
881	90
881	403
881	243
881	484
881	654
881	97
881	430
881	282
881	27
881	423
881	99
881	161
881	25
881	234
881	121
881	228
881	521
881	414
881	576
881	495
881	195
881	401
881	449
881	559
881	94
881	530
881	417
881	478
881	515
881	233
881	504
881	580
881	441
881	498
881	742
881	705
881	550
881	43
881	333
881	476
881	588
881	54
881	31
881	728
881	380
881	1033
881	200
881	826
881	511
881	82
881	582
881	1164
881	763
881	561
881	8
881	117
881	790
881	53
881	768
881	50
881	289
881	100
881	58
881	642
881	139
881	69
881	615
881	14
881	181
881	194
881	651
881	105
881	625
881	490
881	22
881	294
881	831
881	409
881	229
881	4
881	62
881	527
881	23
881	217
881	820
881	208
881	218
881	77
881	259
881	304
881	1118
881	419
881	257
881	175
881	176
881	474
881	89
881	601
881	755
881	141
881	71
881	15
881	375
881	678
881	265
881	1540
881	28
881	132
881	1480
881	281
881	143
881	812
881	103
881	573
881	182
881	226
881	227
881	179
881	205
881	465
881	56
881	191
881	214
881	274
881	120
881	204
881	712
881	81
881	432
881	7
881	399
881	1
881	172
881	864
881	523
881	108
881	177
881	1046
881	506
881	477
881	1057
881	49
881	1177
881	1078
881	118
881	322
881	79
881	620
881	566
881	51
881	72
881	291
881	483
881	196
881	435
881	685
881	395
881	199
881	392
881	943
881	1066
881	174
881	188
881	255
881	63
881	520
881	187
881	356
881	385
881	1089
881	215
881	443
881	9
881	64
881	129
881	655
881	127
881	795
881	98
881	411
881	112
881	238
881	96
881	934
881	95
881	180
881	1217
881	473
881	400
881	70
881	222
881	575
881	1228
881	554
881	185
881	456
881	209
881	568
881	135
881	679
881	1028
111	311
111	301
111	302
111	305
111	1024
111	286
111	326
111	258
111	354
111	304
111	307
111	303
111	328
111	340
111	315
111	344
111	269
111	313
111	896
111	272
583	483
583	83
583	530
583	55
583	200
583	286
583	258
583	100
583	425
583	602
583	357
583	276
583	708
583	209
583	655
583	524
583	195
583	519
583	268
583	198
583	663
583	7
583	239
642	235
642	131
642	623
642	13
642	729
642	54
642	826
642	748
642	166
642	470
642	1285
642	148
642	89
642	801
642	153
642	1133
642	827
642	624
642	80
642	357
642	527
642	1413
642	204
642	468
642	568
642	181
642	151
642	82
642	143
642	135
642	249
642	1066
642	186
642	383
642	934
642	699
642	404
642	1287
642	1136
642	959
642	1023
642	4
642	403
642	259
642	245
642	565
642	1140
642	1178
642	1152
642	366
642	141
642	790
642	378
642	570
642	771
642	485
642	8
642	385
642	944
642	417
642	673
642	40
642	441
642	136
642	1063
642	78
642	1473
642	393
642	1126
642	723
642	367
642	416
642	102
642	1058
642	258
642	560
642	660
642	51
642	99
642	720
642	1311
642	1181
642	156
642	427
642	472
642	70
642	1219
642	56
642	1509
642	783
642	237
642	125
642	218
642	1239
642	97
642	628
642	1028
642	871
642	399
642	22
642	746
642	208
642	812
642	541
642	932
642	73
642	571
642	49
642	780
642	392
642	921
642	585
642	584
642	998
642	1209
642	66
642	569
642	105
642	168
642	202
642	581
642	1425
642	422
642	369
642	779
642	1033
642	165
642	140
642	1055
642	1
642	477
642	402
642	122
642	294
642	728
642	726
642	974
642	1146
642	553
642	231
642	233
642	1039
642	44
642	407
642	257
642	41
642	496
642	356
642	95
642	195
642	559
642	365
642	118
642	147
642	1011
642	769
642	138
642	1336
642	926
642	462
642	625
642	313
642	725
642	1047
642	364
642	451
642	72
642	1179
642	210
642	940
642	423
642	110
642	1224
642	384
642	845
642	765
642	29
642	1091
642	38
642	609
642	69
642	1032
642	58
642	946
642	65
642	400
642	91
642	21
642	1182
642	1415
642	966
642	444
642	679
642	732
642	405
642	1029
642	391
642	465
642	252
642	463
642	88
642	993
642	96
642	368
642	225
642	375
642	50
642	217
642	1049
642	796
642	418
642	142
642	734
642	133
642	63
642	318
642	410
642	83
642	588
642	28
642	1037
642	452
642	2
642	1095
642	15
642	419
642	955
642	975
642	1030
642	90
642	739
642	931
642	234
642	401
642	191
642	768
642	377
642	596
642	949
642	1036
642	928
642	67
642	376
642	1053
642	409
642	755
642	742
642	250
642	1054
642	759
642	64
642	1531
642	501
642	554
642	288
642	132
560	108
560	653
560	515
560	22
560	1265
560	318
560	546
560	654
560	127
560	235
560	423
560	301
560	278
560	1215
560	183
560	137
560	121
560	24
560	1134
560	249
560	405
560	1021
560	222
560	476
560	845
560	1073
560	260
560	255
560	288
560	1008
560	270
560	508
560	496
560	151
560	813
560	928
560	489
560	275
560	246
560	1163
560	480
560	250
560	122
560	58
560	321
560	271
560	606
560	201
560	597
560	211
560	257
560	319
560	12
560	100
560	203
560	134
560	281
560	1014
560	284
560	1171
560	1405
560	264
560	864
560	756
560	847
560	11
560	411
560	197
560	118
560	478
560	132
560	25
560	483
560	429
560	50
560	268
560	89
560	240
560	277
560	472
560	1333
373	707
373	856
373	163
373	206
373	472
373	649
373	15
373	739
373	83
373	510
373	409
373	155
373	64
373	24
373	393
373	94
373	550
373	487
373	173
373	150
373	318
373	161
373	66
373	506
373	79
373	114
373	389
373	166
373	95
373	180
373	209
373	1188
373	50
373	645
373	217
373	392
373	135
373	421
373	485
373	528
373	70
373	699
373	385
373	471
373	169
373	170
373	154
373	627
373	577
373	1135
373	431
373	48
373	28
373	566
373	100
373	317
373	69
373	529
373	715
373	451
373	553
373	238
373	281
373	390
373	90
373	214
373	213
373	80
373	136
373	1530
373	1078
373	382
373	230
373	420
373	514
373	366
373	499
373	229
373	269
373	735
373	278
373	195
373	110
373	151
373	275
373	88
373	1147
373	184
373	225
373	433
373	20
373	105
373	1230
373	403
373	598
373	25
373	99
373	31
373	153
373	520
373	732
373	286
373	459
373	186
373	1039
373	497
373	386
373	208
373	139
373	144
373	488
373	414
373	949
373	404
373	196
373	1119
373	559
373	194
373	748
373	694
373	259
373	679
373	265
373	82
373	402
373	190
373	241
373	941
373	401
373	125
373	633
373	226
373	704
373	81
373	202
373	648
373	197
373	756
373	843
373	189
373	233
373	1079
373	527
373	172
373	842
373	143
373	655
373	4
373	596
373	142
373	367
373	2
373	204
373	1110
373	357
373	705
373	588
373	709
373	380
373	175
373	568
373	684
373	12
373	102
373	168
373	603
373	496
373	399
373	89
373	849
373	211
373	747
373	474
373	632
373	162
373	231
373	658
373	778
373	417
373	727
373	1006
373	216
373	178
373	239
373	651
373	215
373	290
387	455
387	233
387	692
387	58
387	204
387	953
387	96
387	195
387	144
387	665
387	1537
387	217
387	943
387	273
387	81
387	324
387	29
387	578
387	32
387	663
387	243
387	399
387	806
387	151
387	441
387	33
387	619
387	496
387	515
387	526
387	463
387	129
387	532
387	205
387	715
387	475
387	431
387	318
387	188
387	1097
387	325
387	1
387	414
387	1007
387	367
387	488
387	23
387	684
387	286
387	135
387	772
387	173
387	25
387	854
387	180
387	97
387	68
387	737
387	156
387	76
387	7
387	114
387	93
387	277
387	181
387	79
387	61
387	393
387	191
387	531
387	209
387	55
387	116
387	580
387	214
387	187
387	581
387	447
387	674
387	423
387	789
387	458
387	1129
387	518
387	46
387	39
387	47
387	583
387	298
387	4
387	95
387	549
387	202
387	984
387	71
387	444
387	289
387	319
387	107
387	321
387	568
387	477
387	588
387	790
387	189
387	320
387	513
387	206
387	563
387	186
387	201
387	203
387	516
387	1134
387	969
387	435
387	175
387	193
387	42
387	147
387	288
387	268
387	218
387	428
387	208
387	650
387	432
387	174
387	98
387	52
387	470
387	190
387	184
387	10
387	1019
387	559
387	952
387	501
387	744
387	676
387	317
387	250
387	121
387	64
387	1018
387	176
387	27
387	13
387	1069
387	1128
387	1143
387	265
387	1014
387	172
387	196
387	238
387	123
387	230
387	847
387	1078
387	569
387	91
387	731
387	446
387	511
387	1538
387	473
387	194
387	718
387	62
387	48
387	430
387	1187
387	219
387	514
387	183
387	224
387	50
387	215
387	8
387	136
387	550
387	593
387	153
387	679
387	1199
387	558
387	403
387	448
387	528
387	89
387	113
387	1166
387	197
387	1008
387	429
387	1115
387	567
387	582
387	625
387	102
387	642
387	293
387	732
387	12
387	182
387	434
387	768
387	697
387	133
387	31
387	178
387	474
387	381
387	727
387	192
387	229
387	651
387	101
387	222
387	385
387	1091
387	561
387	200
387	1198
387	100
387	109
387	520
387	28
387	508
387	117
387	678
387	410
387	232
387	2
387	566
387	92
387	746
387	227
387	942
387	1110
387	161
387	735
387	773
295	71
295	493
295	56
295	47
295	235
295	961
295	96
295	1170
295	79
295	4
295	809
295	7
295	735
295	70
295	382
295	22
295	1503
295	265
295	727
295	1221
295	414
295	98
295	73
295	412
295	227
295	497
295	215
295	230
295	450
295	739
295	133
295	743
295	421
295	226
295	527
295	68
295	222
295	561
295	218
295	720
295	118
295	417
295	602
295	216
295	1040
295	11
295	208
295	380
295	83
295	704
295	60
295	241
295	161
295	109
295	401
295	102
295	470
295	69
295	740
295	115
295	1050
295	153
295	142
295	121
295	100
295	143
295	229
295	157
295	1133
295	386
295	1188
295	570
295	496
295	485
295	290
295	582
295	513
295	1473
295	196
295	155
295	1401
295	188
295	158
295	52
295	812
295	624
295	84
295	42
295	72
295	423
295	173
295	174
295	427
295	504
295	238
295	1446
295	378
295	213
295	1
295	705
295	164
295	498
295	843
295	25
295	747
295	941
295	511
295	1297
295	648
295	232
295	318
295	946
295	39
295	186
295	431
295	67
295	132
295	449
295	465
295	404
295	642
295	86
295	435
295	385
295	660
295	168
295	357
295	997
295	588
295	790
295	50
295	389
295	546
295	402
295	183
295	162
295	237
295	419
295	461
295	202
295	1115
295	144
295	95
295	1135
295	172
295	381
295	738
295	154
295	43
295	105
295	210
295	204
295	89
295	737
295	395
295	99
295	631
295	228
936	253
936	250
936	116
936	1315
936	248
936	1370
936	748
936	1335
936	282
936	547
936	258
936	295
936	111
936	13
936	333
936	1009
936	1344
936	475
936	898
936	1014
936	276
936	106
936	1115
936	312
936	1016
936	813
936	1008
936	1190
936	766
936	1202
936	952
936	845
936	864
936	257
936	340
936	251
936	405
936	995
936	696
936	1129
936	988
936	1163
936	259
936	281
936	20
936	926
936	1258
936	298
936	275
936	236
936	508
936	678
936	815
936	1279
936	313
936	117
936	455
936	125
936	1377
936	1368
936	14
936	285
936	741
936	975
936	16
936	118
936	7
936	1226
936	319
936	1097
936	273
936	289
936	25
936	324
936	274
936	237
936	1086
936	221
936	294
936	1011
936	255
936	19
936	1323
936	181
936	287
936	928
936	1171
936	252
936	1
936	1079
936	717
936	129
936	1023
936	6
936	1068
936	1007
936	325
936	272
936	9
936	346
936	327
936	827
936	476
936	358
936	535
936	286
936	3
936	244
936	343
936	249
936	268
936	818
936	50
936	904
416	105
416	763
416	1152
416	425
416	255
416	387
416	1007
416	815
416	8
416	866
416	783
416	727
416	997
416	1428
416	568
416	327
416	1168
416	651
416	187
416	329
416	28
416	554
416	126
416	592
416	1540
416	500
416	955
416	1014
416	199
416	97
416	1053
416	385
416	1136
416	357
416	173
416	713
416	549
416	203
416	31
416	682
416	827
416	419
416	480
416	750
416	1074
416	302
416	1300
416	685
416	1098
416	121
416	720
416	423
416	578
416	43
416	44
416	295
416	356
416	931
416	432
416	1119
416	71
416	13
416	873
416	585
416	781
416	443
416	338
416	1217
416	710
416	197
416	915
416	1037
416	111
416	310
416	378
416	421
416	501
416	268
416	195
416	399
416	83
416	1058
416	916
416	250
416	792
416	7
416	721
416	223
416	124
416	509
416	627
416	765
416	1483
416	476
416	559
416	942
416	346
416	875
416	768
416	143
416	81
416	241
416	232
416	259
416	520
416	369
416	11
416	416
416	1220
416	345
416	864
416	498
416	535
416	790
416	462
416	323
416	1286
416	1426
416	869
416	655
416	620
416	287
416	785
416	778
416	300
416	420
416	411
416	738
416	277
416	242
416	452
416	607
416	53
416	924
416	348
416	392
416	1041
416	849
416	693
416	1262
416	258
416	550
416	92
416	510
416	148
416	202
416	680
416	843
416	692
416	265
416	90
416	185
416	1147
416	72
416	1495
416	972
416	747
416	707
416	724
416	36
416	22
416	240
416	699
416	64
416	239
416	103
416	79
416	732
416	132
416	56
416	264
416	898
416	67
416	463
416	55
416	217
416	1226
416	254
416	316
416	657
416	531
416	1517
416	347
416	748
416	294
416	42
416	477
416	70
416	975
416	625
416	69
416	403
416	179
416	289
416	388
416	1188
416	313
416	158
416	172
416	209
416	803
416	396
416	619
416	1135
416	73
416	17
416	985
416	1160
416	405
416	468
416	433
416	1516
416	1139
416	1092
416	930
416	734
416	1132
416	274
416	723
416	564
416	938
416	879
416	288
416	272
416	427
416	1054
416	479
416	1407
416	151
416	98
416	322
416	330
416	928
416	624
416	281
416	696
416	1077
416	303
416	628
416	333
416	980
416	404
416	603
416	354
416	515
416	791
416	1441
416	874
416	257
416	134
416	77
416	273
416	353
416	401
416	14
416	684
416	1503
416	174
416	936
416	136
416	754
416	293
416	1221
416	690
416	15
416	249
416	761
416	331
416	746
416	85
416	469
416	191
416	65
416	729
416	50
416	917
416	990
416	846
416	133
416	538
416	106
416	304
416	285
416	1048
416	532
416	156
416	196
416	184
416	375
416	219
416	122
416	812
416	96
416	895
416	41
416	326
416	234
416	819
416	708
416	591
416	496
416	235
416	125
416	959
416	100
416	269
416	633
416	66
416	150
416	735
416	366
416	840
416	431
416	245
416	833
416	659
416	770
416	140
416	137
416	95
416	448
416	226
416	631
416	597
416	934
416	717
416	1016
416	312
416	807
416	80
416	1400
416	470
416	210
416	117
416	588
416	218
416	276
416	1012
416	834
416	472
416	225
416	576
416	689
416	941
416	1020
416	9
416	278
416	301
416	1229
416	204
416	1264
416	144
416	755
416	248
416	739
416	54
416	402
416	21
416	2
416	220
416	571
416	94
416	794
416	926
416	153
416	213
416	58
416	311
416	318
416	176
416	266
416	246
416	24
416	417
416	164
416	542
416	546
416	32
416	216
416	1469
416	1091
416	157
416	415
416	845
416	475
416	230
416	315
416	918
416	553
416	253
416	842
416	307
416	284
416	231
416	418
625	190
625	209
625	144
625	640
625	22
625	255
625	216
625	692
625	25
625	1020
625	198
625	91
625	732
625	751
625	517
625	433
625	654
625	405
625	191
625	945
625	200
625	214
625	197
625	528
625	181
625	173
625	584
625	855
625	380
625	480
625	428
625	519
625	748
625	212
625	154
625	222
625	192
625	258
625	172
625	97
625	498
625	678
625	588
625	283
625	705
625	134
625	286
625	213
625	486
625	602
625	151
625	202
625	522
625	23
625	70
625	1016
625	294
625	546
625	300
625	516
625	174
625	408
625	195
625	403
625	254
625	165
625	95
625	961
625	257
625	515
625	647
625	476
625	484
625	179
625	210
625	4
625	176
625	183
625	597
625	135
625	514
625	739
625	385
625	204
625	603
625	208
425	286
425	117
425	529
425	1110
425	743
425	385
425	1016
425	669
425	759
425	689
425	346
425	358
425	231
425	145
425	1597
425	97
425	302
425	11
425	38
425	825
425	144
425	89
425	228
425	1222
425	252
425	177
425	5
425	675
425	24
425	751
425	121
425	340
425	204
425	7
425	187
425	39
425	258
425	307
425	684
425	347
425	841
425	823
425	12
425	98
425	1129
425	185
425	322
425	234
425	4
425	156
425	168
425	127
425	53
425	257
425	590
425	672
425	96
425	448
425	362
425	636
425	1188
425	33
425	178
425	1
425	288
425	210
425	327
425	17
425	305
425	241
425	538
425	357
425	2
425	174
425	326
425	445
425	597
425	443
425	147
425	22
425	540
425	566
425	176
425	447
425	678
425	79
425	429
425	157
425	195
425	750
425	191
425	271
425	70
425	1596
425	229
425	1595
425	522
425	68
425	455
425	854
425	520
425	184
425	898
425	333
425	272
425	323
425	334
425	281
425	1089
425	1416
425	200
425	398
425	298
425	976
425	1314
425	209
425	50
425	879
425	679
425	379
425	265
425	259
425	877
425	222
425	912
425	124
425	100
425	475
425	92
425	895
425	424
425	474
425	316
425	172
425	325
425	405
425	161
425	831
425	1434
425	273
425	491
425	583
425	181
425	32
425	56
425	403
425	435
425	301
425	62
425	515
425	207
425	319
425	227
425	318
425	1013
425	853
425	576
425	188
425	250
425	180
425	568
425	289
425	363
425	338
82	343
82	413
82	919
82	476
82	596
82	409
82	274
82	174
82	458
82	318
82	472
82	338
82	276
82	357
82	235
82	834
82	69
82	496
82	118
82	286
82	1101
82	185
82	21
82	56
82	170
82	527
82	1001
82	9
82	237
82	211
82	495
82	520
82	1063
82	597
82	283
82	717
82	640
82	582
82	199
82	70
82	430
82	240
82	13
82	1033
82	705
82	121
82	222
82	22
82	289
82	588
82	432
82	216
82	477
82	134
82	481
82	127
82	1162
82	15
82	238
82	513
82	191
82	475
82	519
82	135
82	822
82	456
82	178
82	895
82	479
82	514
82	181
82	484
82	418
82	539
82	241
82	125
82	7
82	678
82	8
82	483
82	671
82	480
82	202
82	508
82	151
82	97
82	603
82	220
82	111
82	1028
82	197
82	1134
82	1
82	414
82	175
82	529
82	225
82	109
82	25
82	3
82	326
82	770
82	169
82	133
82	218
82	866
82	79
82	87
82	820
82	411
82	112
82	504
82	183
82	230
82	1163
82	412
82	50
82	284
82	367
82	294
82	482
82	1128
82	946
82	208
82	228
82	310
82	657
82	147
82	462
82	455
82	740
82	304
82	212
82	73
82	288
82	756
110	802
110	1188
110	366
110	82
110	794
110	1206
110	232
110	905
110	468
110	64
110	1179
110	1182
110	31
110	332
110	739
110	333
110	1229
110	215
110	258
110	301
110	1246
110	550
110	88
110	569
110	338
110	585
110	315
110	313
110	895
110	188
110	43
110	327
110	947
110	402
110	340
110	288
110	732
110	307
110	233
110	184
110	873
110	790
110	54
110	68
110	1228
110	63
110	12
110	376
110	204
110	96
110	1250
110	22
110	1222
110	230
110	29
110	384
110	401
110	748
110	33
110	294
110	77
110	161
110	300
110	385
110	226
110	28
110	566
110	791
110	2
110	1249
110	808
110	231
110	684
110	196
110	734
110	94
110	682
110	79
110	1248
110	451
110	245
110	272
110	651
110	326
110	576
110	575
110	540
110	195
110	325
110	212
110	367
110	780
110	56
110	69
110	1210
110	715
110	689
110	658
110	393
110	397
110	1090
110	806
110	779
110	578
110	1247
110	1218
110	364
898	271
898	1296
898	343
898	751
898	748
898	334
898	347
898	302
898	358
898	689
898	309
898	286
898	315
898	270
898	258
898	243
898	327
898	328
898	310
898	312
898	683
898	288
898	319
898	313
766	28
766	523
766	231
766	202
766	173
766	216
766	177
766	386
766	77
766	487
766	191
766	23
766	1444
766	654
766	53
766	1050
766	434
766	568
766	52
766	382
766	134
766	396
766	98
766	367
766	1298
766	431
766	493
766	214
766	318
766	197
766	497
766	212
766	810
766	183
766	229
766	226
766	403
766	187
766	436
766	219
766	294
766	482
766	604
766	577
766	185
766	526
766	499
766	712
766	747
766	550
766	521
766	211
766	837
766	230
766	498
766	71
766	133
766	82
766	447
766	1021
766	483
766	584
766	484
766	435
766	265
766	485
766	433
766	402
766	357
766	559
766	238
766	393
766	514
766	679
766	272
766	607
766	481
766	69
766	65
766	135
766	588
766	99
766	217
766	215
766	646
766	510
766	198
766	659
766	209
766	496
766	196
766	672
766	518
766	494
766	530
766	90
766	40
766	419
766	606
766	507
766	228
766	423
766	428
766	664
766	503
766	208
766	465
766	182
766	161
766	127
766	662
766	72
766	186
766	192
766	965
766	605
766	968
766	520
766	132
766	639
766	729
766	705
766	194
766	675
766	175
766	443
766	630
766	1126
766	429
766	633
766	385
766	91
766	648
766	205
766	527
766	609
766	180
766	519
766	739
766	22
766	62
868	382
868	186
868	1076
868	229
868	451
868	589
868	501
868	90
868	1035
868	89
868	96
868	176
868	429
868	128
868	398
868	434
868	218
868	726
868	403
868	156
868	240
868	135
868	23
868	187
868	783
868	419
868	214
868	506
868	199
868	173
868	202
868	755
868	151
868	685
868	825
868	209
868	55
868	2
868	61
868	174
868	230
868	762
868	68
868	206
868	317
868	132
868	581
868	239
868	73
868	410
868	91
868	747
868	615
868	204
868	474
868	843
868	80
868	566
868	496
868	216
868	568
868	778
868	24
868	47
868	385
868	567
868	636
868	201
868	408
868	455
868	219
868	65
868	217
868	127
868	56
868	509
868	746
868	181
868	265
868	417
868	183
868	12
868	1188
868	150
868	1285
868	679
868	94
868	164
868	191
868	210
868	922
868	621
868	447
868	1031
868	67
868	168
868	432
868	188
868	578
868	550
868	167
868	423
868	139
868	82
868	59
868	155
868	854
868	228
868	136
868	480
868	475
868	208
868	433
868	1
868	145
868	588
868	234
868	426
868	193
868	358
868	100
868	436
868	524
868	631
868	732
868	232
868	200
868	402
868	169
868	153
868	69
868	579
868	651
868	710
868	709
868	646
868	1028
868	367
868	1480
868	95
868	172
868	919
868	117
868	195
868	162
868	237
868	520
868	739
868	273
868	160
868	448
868	233
868	470
868	658
868	556
868	655
868	222
868	1206
868	158
868	184
868	738
868	154
868	211
868	180
868	498
868	64
868	81
868	238
721	87
721	332
721	879
721	303
721	196
721	222
721	435
721	699
721	262
721	878
721	720
721	527
721	359
721	323
721	380
721	632
721	335
721	81
721	881
721	70
721	732
721	107
721	145
721	261
721	877
721	1392
721	260
721	329
721	990
721	457
721	1442
721	197
721	403
721	319
721	175
721	228
721	51
721	304
721	77
721	194
721	84
721	50
721	204
721	1065
721	209
721	69
721	302
721	292
721	264
721	326
721	174
721	382
721	581
721	157
721	237
721	161
721	518
721	191
721	681
721	97
721	215
721	82
721	181
721	660
721	938
721	300
721	357
721	1296
721	327
721	243
721	263
721	680
721	455
721	991
721	406
721	655
721	880
721	875
721	1295
721	299
721	1025
721	127
721	748
721	135
721	809
721	245
721	321
721	258
721	334
721	22
721	1
721	64
721	301
721	988
721	328
721	269
721	1265
721	162
721	58
721	688
721	690
721	216
721	678
721	288
721	284
721	331
721	749
721	1119
721	1039
721	735
721	317
721	65
721	984
721	172
721	173
721	1221
721	874
721	402
721	393
721	358
721	286
721	153
721	1393
721	324
721	948
721	333
721	995
721	423
721	876
721	989
721	715
721	739
721	687
721	56
721	229
721	937
114	56
114	505
114	186
114	522
114	210
114	474
114	98
114	496
114	100
114	89
114	200
114	615
114	482
114	654
114	507
114	153
114	520
114	224
114	180
114	171
114	357
114	176
114	191
114	183
114	659
114	485
114	179
114	204
114	135
114	655
114	640
114	172
114	168
114	269
114	855
114	157
114	318
114	483
114	156
114	197
714	477
714	255
714	121
714	294
714	471
714	9
714	597
714	3
714	151
714	258
714	1028
714	405
714	323
714	1
714	237
714	250
714	281
714	369
714	685
714	100
714	181
714	1016
714	117
714	252
714	7
714	257
714	289
714	1014
714	748
714	1152
714	763
714	282
714	111
714	410
714	291
714	276
613	258
613	12
613	576
613	89
613	1315
613	297
613	509
613	279
613	303
613	435
613	318
613	126
613	514
613	176
613	28
613	607
613	1157
613	603
613	632
613	478
613	530
613	127
613	471
613	272
216	67
216	282
216	315
216	228
216	531
216	1
216	433
216	789
216	298
216	168
216	496
216	9
216	628
216	215
216	577
216	25
216	231
216	747
216	423
216	15
216	318
216	47
216	202
216	22
216	697
216	368
216	55
216	81
216	234
216	216
216	108
216	153
216	218
216	1047
216	91
216	221
216	508
216	97
216	93
216	28
216	56
216	693
216	673
216	402
216	1101
216	210
216	150
216	1035
216	408
216	237
216	356
216	396
216	72
216	313
216	403
216	833
216	204
216	498
216	364
216	466
216	276
216	764
216	655
216	65
216	42
216	169
216	181
216	416
216	201
216	1010
216	188
216	274
216	280
216	1067
216	58
216	651
216	12
216	4
216	122
216	79
216	1218
216	172
216	412
216	790
216	943
216	421
216	100
216	286
216	546
216	302
216	763
216	367
216	66
216	144
216	405
216	98
216	156
216	184
216	238
216	3
216	147
216	50
216	257
216	129
216	196
846	705
846	549
846	491
846	430
846	746
846	570
846	488
846	609
846	608
846	1220
846	486
846	39
846	432
846	1107
846	530
846	227
846	510
846	50
846	585
846	318
846	603
846	1109
846	504
846	1518
846	378
846	648
846	665
846	182
846	655
846	135
846	28
846	806
846	238
846	657
846	565
846	229
846	659
846	140
846	271
846	205
846	684
846	558
846	99
846	1050
846	633
846	269
846	396
846	68
846	662
846	507
846	616
846	580
846	638
846	427
846	400
846	294
846	654
846	387
846	1035
846	302
846	651
846	98
846	810
846	526
846	426
846	55
846	87
846	1411
846	612
846	23
846	849
846	203
846	425
846	172
846	191
846	178
846	679
846	604
846	513
846	200
846	91
846	770
846	732
846	448
846	719
846	1479
846	212
846	610
846	1311
846	755
846	615
846	382
846	566
846	12
846	79
846	180
846	640
846	663
846	739
846	211
846	88
846	697
846	380
846	780
846	702
846	555
846	1218
846	47
846	463
846	377
846	949
846	1182
846	1540
846	63
846	495
846	837
846	540
846	52
846	393
846	614
846	428
846	218
846	642
846	270
846	802
846	435
846	56
846	1221
846	209
846	735
846	569
846	673
846	511
846	95
846	398
846	69
846	785
846	404
846	525
846	415
846	528
846	449
846	1069
846	414
846	94
846	403
846	474
846	58
846	134
846	1239
846	102
846	1473
846	622
846	357
846	468
846	494
846	188
846	183
846	197
846	173
846	65
846	786
846	2
846	1179
846	1439
846	552
846	542
846	578
846	792
846	51
846	559
846	66
846	483
846	796
846	4
846	82
846	527
846	794
846	561
846	213
846	470
846	141
846	258
846	73
846	168
846	1045
846	747
846	554
846	1530
846	515
846	226
846	101
846	514
846	602
846	955
846	630
846	787
846	729
846	751
846	185
846	92
846	64
846	509
846	131
846	289
846	505
846	1478
846	239
846	1267
846	1066
846	1110
846	97
846	1209
846	234
846	143
846	1044
846	967
846	1118
846	288
846	601
846	26
846	385
846	110
846	693
846	506
846	96
846	90
846	132
846	493
846	737
846	562
846	524
846	365
846	692
846	386
846	67
846	230
846	83
846	1148
846	499
846	232
846	190
846	176
846	42
846	391
846	1249
846	174
846	195
846	228
846	660
846	1078
846	127
846	193
846	519
846	716
846	1074
846	59
846	8
846	136
846	518
846	606
846	133
846	721
846	72
846	233
846	1101
846	523
846	498
846	139
846	485
846	142
846	373
846	392
846	452
846	436
846	1206
846	768
846	723
846	60
846	1210
846	490
846	520
846	268
846	672
846	54
846	22
846	1029
846	478
846	161
846	44
846	367
846	186
846	217
846	36
846	231
846	487
846	728
846	496
846	1133
846	40
846	265
846	516
846	1041
846	720
846	942
846	57
846	715
846	731
846	699
846	469
846	46
846	576
846	492
846	1188
846	177
846	194
846	484
846	80
846	76
846	419
846	61
846	179
846	48
846	727
846	317
798	21
798	568
798	1539
798	281
798	243
798	781
798	138
798	403
798	699
798	14
798	832
798	283
798	391
798	1066
798	491
798	949
798	926
798	239
798	1049
798	465
798	417
798	259
798	1089
798	444
798	81
798	62
798	476
798	162
798	1509
798	1003
798	151
798	486
798	961
798	1270
798	432
798	1032
798	265
798	671
798	722
798	705
798	155
798	420
798	692
798	756
798	805
798	15
798	845
798	924
798	930
798	289
798	1411
798	577
798	821
798	785
798	97
798	1164
798	585
798	1446
798	728
798	172
798	95
798	1435
798	380
798	419
798	191
798	163
798	560
798	703
798	1337
798	1540
798	395
798	66
798	1285
798	1023
798	399
798	1043
798	941
798	1119
798	402
798	133
798	63
798	254
798	210
798	648
798	1035
798	828
798	825
798	755
798	1544
798	384
798	164
798	158
798	1425
798	356
798	367
798	588
798	418
798	306
798	29
798	1284
798	988
798	810
798	111
798	121
798	801
798	482
798	623
798	1
798	110
798	197
798	571
798	707
798	493
798	878
798	1063
798	736
798	584
798	140
798	1076
798	768
798	932
798	394
798	90
798	204
798	498
798	1224
798	225
798	839
798	116
798	82
798	275
798	79
798	393
798	168
798	694
798	196
798	576
798	819
798	563
798	72
798	1239
798	98
798	87
798	929
798	231
798	554
798	323
798	687
798	945
798	946
798	400
798	365
798	161
798	610
798	125
798	940
798	228
798	603
798	1517
798	28
798	734
798	815
798	586
798	274
798	38
798	258
798	993
798	480
798	88
798	719
798	951
798	662
798	378
798	748
798	2
798	720
798	1034
798	132
798	83
798	112
798	1102
798	202
798	405
798	1297
798	602
798	862
798	377
798	709
798	118
798	740
798	827
798	953
798	321
553	615
553	174
553	86
553	177
553	589
553	617
553	490
553	474
553	134
553	100
553	559
553	191
553	434
553	513
553	1009
553	631
553	275
553	190
553	111
553	478
553	1451
553	435
553	89
553	213
553	132
553	607
553	56
553	1124
553	181
553	655
553	523
553	641
553	507
553	496
553	661
553	131
553	367
553	265
553	482
553	182
553	609
553	515
553	479
553	505
553	50
553	525
553	657
553	498
553	483
553	484
553	170
553	98
553	604
553	205
553	611
553	153
553	307
553	427
553	186
553	23
553	506
553	187
553	136
553	1200
553	646
553	487
553	511
553	238
553	527
553	135
553	1
553	514
553	378
553	99
553	423
553	485
553	1021
553	648
553	528
553	480
870	395
870	79
870	10
870	196
870	470
870	475
870	497
870	1230
870	653
870	856
870	23
870	317
870	462
870	289
870	481
870	1044
870	793
870	12
870	1412
870	21
870	520
870	53
870	58
870	772
870	1134
870	66
870	939
870	603
870	9
870	327
870	591
870	511
870	1046
870	216
870	514
870	286
870	354
870	197
870	582
870	253
870	692
870	235
870	690
870	180
870	258
870	134
870	952
870	179
870	517
870	318
870	273
870	70
870	100
870	724
870	435
870	710
870	69
870	713
870	181
870	673
870	135
870	1090
870	1451
870	461
870	508
870	238
870	606
870	644
870	209
870	477
870	792
870	203
870	195
870	528
870	288
870	480
870	47
870	1221
870	1008
870	558
870	631
870	873
870	284
870	48
870	65
870	328
870	218
870	202
870	1074
870	684
870	332
870	268
870	959
870	95
870	77
870	841
870	433
870	474
870	13
870	191
870	949
870	505
870	192
870	333
870	68
870	210
870	494
870	425
870	124
870	54
870	188
870	194
870	219
870	813
870	396
870	988
870	513
870	313
870	443
870	148
870	193
870	223
870	722
870	1073
870	111
870	171
870	647
870	527
870	496
870	732
870	7
870	1664
870	1118
870	489
870	646
870	458
870	315
870	239
870	385
870	178
870	1014
870	381
870	770
870	11
870	1041
870	168
870	51
870	56
870	172
870	1208
870	479
870	574
870	6
870	471
870	340
870	693
870	211
870	554
870	1019
870	503
870	427
870	186
870	549
870	789
870	255
870	589
870	810
870	272
870	654
870	943
870	1210
870	170
870	132
870	704
870	98
870	521
870	651
870	735
870	174
870	96
870	736
870	559
870	746
870	382
870	89
870	583
870	131
870	198
870	83
870	550
870	569
870	640
870	649
870	169
870	1021
870	697
870	367
870	1020
870	87
870	401
870	659
870	88
870	763
870	663
870	487
870	52
870	22
870	302
870	90
870	246
870	1098
870	378
870	499
870	1006
870	204
870	276
870	1
127	380
127	690
127	62
127	750
127	288
127	228
127	258
127	268
127	294
127	227
127	901
127	229
127	230
127	50
127	450
127	243
127	271
127	286
127	222
117	895
117	743
117	268
117	405
117	240
117	96
117	829
117	168
117	181
117	1095
117	184
117	164
117	271
117	597
117	173
117	406
117	257
117	546
117	210
117	156
117	742
117	174
117	1057
117	368
117	475
117	150
117	122
117	748
117	109
117	252
117	1016
117	758
117	1047
117	1014
117	237
117	151
117	307
117	298
117	421
117	596
117	588
117	1165
117	132
117	423
117	1059
117	176
117	763
117	628
117	282
117	12
117	886
117	772
117	338
117	117
117	56
117	249
117	172
117	214
117	789
117	222
117	1
117	411
117	410
117	678
117	98
117	258
117	195
117	50
117	358
117	313
389	418
389	736
389	378
389	82
389	559
389	756
389	1041
389	204
389	131
389	160
389	410
389	23
389	142
389	501
389	824
389	151
389	1036
389	499
389	923
389	176
389	608
389	187
389	503
389	25
389	946
389	630
389	181
389	629
389	412
389	118
389	179
389	435
389	401
389	430
389	926
389	209
389	527
389	507
389	490
389	4
389	778
389	239
389	524
389	955
389	286
389	475
389	346
389	152
389	521
389	154
389	1052
389	525
389	72
389	127
389	604
389	526
389	100
389	602
389	485
389	59
389	99
389	194
389	423
389	471
389	550
389	172
389	498
389	847
389	965
389	173
389	427
389	615
389	94
389	662
389	29
389	174
389	671
389	504
389	234
389	945
389	240
389	404
389	168
389	185
389	159
389	591
389	1119
389	202
389	969
389	792
389	519
389	178
389	15
389	618
389	56
389	371
389	161
389	191
389	69
389	649
389	205
389	509
389	603
389	477
389	820
389	454
389	487
389	715
389	491
389	480
389	136
389	732
389	631
389	47
389	1530
389	494
389	612
389	520
389	196
389	134
389	517
389	28
389	40
389	584
389	285
389	583
389	693
389	64
389	383
389	763
389	699
389	238
389	208
389	1197
389	684
389	1121
389	197
389	496
389	153
389	105
389	579
389	1204
389	722
389	1286
389	402
389	845
389	675
389	954
389	605
389	300
389	407
389	302
389	1007
389	135
389	616
389	664
389	506
389	429
389	686
389	95
389	484
389	90
389	780
389	661
389	728
389	274
389	257
389	654
389	50
389	109
389	642
389	132
389	478
389	588
389	482
389	731
389	674
389	451
389	428
389	785
389	489
389	58
389	835
389	607
389	479
389	386
389	393
389	739
389	416
389	216
389	492
389	111
389	301
389	275
389	483
389	80
389	553
389	474
389	1114
389	347
389	53
389	1298
389	997
389	486
389	79
389	488
389	700
389	42
389	283
389	65
389	1203
389	531
389	143
389	514
389	613
389	124
389	1168
221	215
221	174
221	407
221	27
221	268
221	327
221	721
221	470
221	227
221	1267
221	109
221	128
221	70
221	186
221	1016
221	1437
221	118
221	544
221	56
221	1090
221	496
221	633
221	259
221	335
221	76
221	1134
221	92
221	154
221	940
221	1217
221	69
221	1035
221	469
221	1185
221	476
221	467
221	257
221	1098
221	1250
221	684
221	288
221	423
221	172
221	12
221	685
221	358
221	204
221	1012
221	150
221	763
221	210
221	737
221	121
221	64
221	108
221	94
221	780
221	39
221	566
221	578
221	7
221	246
221	1067
221	789
221	42
221	100
221	184
221	282
221	161
221	385
221	29
221	55
221	151
221	250
221	318
221	1407
221	386
221	895
221	59
221	178
221	144
221	568
221	943
221	391
221	1208
221	173
221	931
221	732
221	1011
221	286
221	384
221	231
221	623
221	695
221	17
221	403
221	265
221	402
221	32
221	399
221	1073
221	218
221	1059
221	272
221	96
221	33
221	468
221	508
221	258
221	588
221	23
221	48
221	4
221	1010
221	461
221	230
221	156
221	50
181	359
181	763
181	1324
181	827
181	146
181	303
181	129
181	291
181	986
181	981
181	1395
181	1346
181	274
181	240
181	742
181	1049
181	1387
181	952
181	283
181	124
181	767
181	1060
181	948
181	1174
181	932
181	989
181	1129
181	369
181	121
181	749
181	1198
181	1084
181	407
181	740
181	844
181	1291
181	1391
181	1061
181	1378
181	1383
181	1355
181	242
181	824
181	1026
181	826
181	1363
181	718
181	279
181	328
181	937
181	1369
181	3
181	678
181	864
181	924
181	321
181	117
181	284
181	1381
181	938
181	934
181	929
181	1379
181	475
181	149
181	1361
181	1047
181	919
181	874
181	508
181	1385
181	104
181	1321
181	281
181	1040
181	1384
181	871
181	21
181	150
181	1009
181	256
181	1025
181	18
181	1173
181	1067
181	748
181	1343
181	1338
181	1351
181	1317
181	979
181	1255
181	14
181	323
181	1353
181	1068
181	308
181	299
181	285
181	1390
181	473
181	873
181	282
181	1339
181	1348
181	410
181	1352
181	7
181	1334
181	459
181	990
181	109
181	363
181	1197
181	928
181	1296
181	1335
181	332
181	595
181	1085
181	825
181	1102
181	276
181	713
181	302
181	881
181	1330
181	235
181	289
181	1028
181	683
181	1393
181	546
181	1086
181	866
181	1150
181	300
181	287
181	243
181	887
181	118
181	982
181	1357
181	306
181	619
181	123
181	1359
181	1171
181	926
181	236
181	922
181	1287
181	1362
181	476
181	1372
181	1059
181	1164
181	596
181	405
181	19
181	841
181	477
181	1319
181	950
181	1087
181	620
181	224
181	456
181	591
181	976
181	1368
181	988
181	148
181	682
181	933
181	370
181	220
181	120
181	1202
181	758
181	151
181	107
181	1350
181	1326
181	1376
181	288
181	116
181	756
181	744
181	597
181	991
181	280
181	258
181	25
181	1322
181	1337
181	100
181	1366
181	1284
181	741
181	1340
181	137
181	1320
181	927
181	325
181	335
181	978
181	764
181	10
181	878
181	1022
181	1373
181	1327
181	876
181	292
181	1252
181	1276
181	685
181	262
181	1281
181	1165
181	1328
181	1344
181	409
181	690
181	20
181	676
181	1002
181	1331
181	829
181	264
181	828
181	294
181	1137
181	832
181	598
181	925
181	336
181	766
181	1382
181	237
181	1095
181	931
181	885
181	412
181	1377
181	1161
181	358
181	1392
181	1354
181	1187
181	879
181	1048
181	1011
181	1302
181	1093
181	681
181	1329
181	547
181	278
181	111
181	9
181	1081
181	413
181	872
181	16
181	1115
181	628
181	1318
181	93
181	593
181	251
181	24
181	106
181	322
181	1120
181	13
181	882
181	1114
181	883
181	846
181	1323
181	304
181	130
181	360
181	1386
181	1265
181	105
181	1259
181	455
181	406
181	1358
181	334
181	1057
181	1356
181	307
181	1054
181	301
181	225
181	818
181	6
181	1349
181	1341
181	260
181	762
181	337
181	840
181	333
181	1370
181	1033
181	1245
181	1295
181	1371
181	259
181	813
181	696
181	680
181	1374
181	743
181	983
181	15
181	1325
181	834
181	1
181	408
181	472
181	1272
181	1367
181	845
181	329
181	1162
181	877
181	368
181	1152
181	884
181	1094
181	930
181	319
181	458
181	1364
181	831
181	1242
181	290
181	424
181	1134
181	760
181	1289
181	125
181	245
562	485
562	427
562	385
562	432
562	173
562	174
562	133
562	458
562	88
562	161
562	204
562	56
562	181
562	79
562	50
562	5
562	132
562	194
562	684
562	504
562	197
562	550
562	514
562	566
562	191
562	591
562	480
562	82
562	144
562	230
562	141
562	582
562	89
562	1039
562	218
562	234
562	462
562	73
562	98
562	720
562	357
562	477
562	402
562	135
562	435
562	418
562	286
562	443
562	511
562	185
562	66
562	483
562	1126
562	114
562	190
562	318
562	323
562	416
381	294
381	378
381	682
381	100
381	79
381	485
381	847
381	304
381	512
381	1533
381	432
381	462
381	50
381	77
381	1401
381	1119
381	259
381	13
381	855
381	487
381	517
381	596
381	129
381	139
381	99
381	582
381	175
381	94
381	640
381	178
381	268
381	150
381	83
381	225
381	318
381	281
381	59
381	1532
381	212
381	191
381	459
381	631
381	124
381	652
381	705
381	96
381	898
381	1400
381	120
381	49
381	89
381	97
381	95
381	1060
381	14
381	498
381	742
381	479
381	778
381	526
381	16
381	1115
381	634
381	1098
381	934
381	135
381	1018
381	520
381	121
381	501
381	403
381	493
381	771
381	228
381	1439
381	694
381	443
381	307
381	514
381	276
381	588
381	102
381	418
381	118
381	313
381	217
381	693
381	483
381	159
381	15
381	196
381	656
381	419
381	566
381	176
381	216
381	473
381	214
381	20
381	995
381	607
381	30
381	724
727	1222
727	12
727	550
727	238
727	405
727	398
727	198
727	89
727	206
727	105
727	283
727	101
727	2
727	1437
727	866
727	204
727	635
727	95
727	72
727	1215
727	413
727	771
727	187
727	1
727	94
727	1244
727	239
727	226
727	43
727	483
727	155
727	928
727	180
727	380
727	250
727	790
727	282
727	260
727	39
727	378
727	28
727	510
727	566
727	209
727	879
727	385
727	56
727	219
727	65
727	432
727	544
727	926
727	542
727	207
727	63
727	1303
727	122
727	658
727	1088
727	148
727	169
727	410
727	268
727	257
727	692
727	423
727	258
727	246
727	576
727	100
727	1615
727	470
727	930
727	628
727	424
727	685
727	1034
727	79
727	163
727	312
727	121
727	265
727	1025
727	114
727	609
727	80
727	343
727	88
727	1250
727	70
727	167
727	840
727	125
727	363
727	161
727	1224
727	538
727	109
727	181
727	123
727	201
727	392
727	11
727	33
727	68
727	729
727	158
727	977
727	755
727	680
727	217
727	174
727	154
727	841
727	941
727	949
727	1231
727	802
727	211
727	186
727	159
727	831
727	421
727	66
727	451
727	118
727	585
727	815
727	627
727	507
727	403
727	982
727	92
727	596
727	553
727	232
727	588
727	665
727	90
727	108
727	271
727	651
727	408
727	748
727	291
727	1217
727	176
727	1273
727	809
727	369
727	539
727	433
727	384
727	25
727	597
727	202
727	1035
727	552
727	526
727	444
727	183
727	751
727	29
727	67
727	82
727	199
727	747
727	135
727	1185
727	678
727	227
727	810
727	684
727	569
727	371
727	132
727	808
727	491
727	940
727	746
727	173
727	447
727	1047
727	53
727	395
727	636
727	229
727	578
727	228
727	73
727	419
727	1249
727	720
727	820
727	188
727	38
727	386
727	42
727	128
727	356
727	54
727	1657
727	520
727	177
727	131
727	399
727	849
727	679
727	471
727	366
727	775
727	153
727	234
727	284
727	111
727	722
727	179
727	27
727	168
727	294
727	379
727	5
727	472
727	549
727	441
727	117
727	233
727	562
727	71
727	208
727	1206
727	435
727	184
727	434
727	127
727	7
727	474
727	556
727	91
727	440
727	993
727	890
727	1119
727	774
727	191
727	164
727	827
727	62
727	1049
727	933
727	259
727	570
727	401
727	801
727	1016
727	402
727	96
727	230
634	515
634	282
634	273
634	933
634	93
634	281
634	290
634	1197
634	109
634	742
634	288
634	763
634	15
634	315
634	748
634	845
634	333
634	405
634	125
634	325
634	924
634	546
634	1048
634	322
634	285
634	1
634	118
634	979
634	50
634	117
634	1047
634	313
634	678
634	934
634	676
634	740
634	1067
634	283
634	410
634	762
634	221
634	237
634	950
634	240
634	690
634	919
634	760
634	1009
634	121
634	508
634	269
634	341
634	756
634	287
634	14
634	929
634	275
634	235
634	741
634	988
634	124
634	300
634	477
634	294
634	471
634	922
634	286
634	476
634	473
634	21
634	819
634	129
634	628
634	1049
634	340
634	717
634	13
634	150
634	293
634	106
634	696
634	547
634	245
634	1011
634	458
634	460
634	685
634	127
634	248
634	276
634	1028
634	475
634	977
634	302
634	544
634	25
634	100
634	591
634	932
634	225
634	597
634	595
634	1335
634	1284
634	272
634	840
634	596
634	744
634	116
374	226
374	281
374	126
374	449
374	1210
374	665
374	930
374	151
374	280
374	1001
374	620
374	228
374	162
374	619
374	9
374	144
374	5
374	925
374	234
374	66
374	412
374	164
374	934
374	1059
374	1093
374	458
374	1033
374	159
374	50
374	717
374	143
374	472
374	1215
374	87
374	1042
374	1049
374	71
374	88
374	111
374	356
374	450
374	846
374	96
374	55
374	294
374	247
374	1094
374	1013
374	150
374	124
374	928
374	161
374	233
374	147
374	64
374	28
374	1322
374	25
374	2
374	137
374	273
374	223
374	692
374	832
374	257
374	411
374	637
374	591
374	393
374	844
374	195
374	735
374	427
374	552
374	789
374	1
374	424
374	597
374	743
374	824
374	363
374	558
374	310
374	17
374	932
374	252
374	248
374	289
374	819
374	239
374	168
374	818
374	98
374	1047
374	278
374	540
374	121
374	240
374	27
374	483
374	880
374	948
374	95
374	185
374	763
374	443
374	12
374	581
374	568
374	741
374	200
374	566
374	276
374	526
374	123
374	116
374	544
374	963
374	173
374	546
374	31
374	148
374	241
374	106
374	1048
374	1011
374	405
374	684
374	454
374	527
374	227
374	1101
374	100
374	216
374	56
374	1051
374	406
374	713
374	79
374	11
374	423
374	463
374	979
374	815
374	466
374	1134
374	318
374	196
374	1277
374	974
374	1197
374	192
374	222
374	1248
374	468
374	230
374	770
374	1513
374	48
374	986
374	779
374	39
374	550
374	193
374	77
374	1206
374	806
374	181
374	235
374	628
374	120
374	288
374	127
374	924
374	182
374	521
374	15
374	89
374	29
374	685
374	693
374	651
374	504
374	156
374	475
374	237
374	254
374	292
374	829
374	291
374	118
374	174
374	279
374	1217
374	1218
374	197
374	70
374	572
374	758
374	117
374	465
374	323
374	554
374	931
374	978
374	69
374	823
374	952
374	457
374	403
374	654
374	153
374	467
374	385
374	210
374	274
374	203
374	122
374	1046
374	202
503	729
503	297
503	503
503	268
503	423
503	10
503	293
503	185
503	183
503	275
503	615
503	303
503	223
503	125
503	463
503	654
503	168
503	12
503	479
503	134
503	137
503	164
503	694
503	132
503	1475
503	692
503	248
503	1009
503	98
503	949
503	1194
503	194
503	1317
503	529
503	387
503	237
503	485
503	482
503	224
503	199
503	210
503	603
503	280
503	1
503	88
503	246
503	732
503	526
503	221
503	747
503	443
503	402
503	306
503	659
503	736
503	356
503	285
503	1316
503	47
503	739
503	69
503	740
503	963
503	127
503	226
503	283
503	496
503	124
503	498
503	385
503	684
503	432
503	190
503	778
503	197
503	582
503	430
503	900
503	347
503	54
503	66
503	702
503	14
503	181
503	182
503	714
503	313
503	216
503	25
503	44
503	707
503	86
503	381
503	509
503	174
503	121
503	205
503	133
503	20
503	19
503	58
503	13
503	488
503	97
503	840
503	186
503	489
503	321
503	405
503	435
503	8
503	744
503	116
503	416
503	234
503	38
503	452
503	211
503	130
503	580
503	640
503	286
503	823
503	166
503	546
503	558
503	633
503	70
96	83
96	100
96	198
96	514
96	474
96	519
96	196
96	183
96	216
96	435
96	1
96	7
96	174
96	50
96	91
96	185
96	486
96	479
96	170
96	89
96	190
96	64
96	445
96	8
96	318
96	173
96	1232
96	478
96	423
96	484
96	127
96	96
96	182
96	195
96	483
96	200
96	156
96	23
96	181
96	153
96	187
96	673
96	194
96	176
96	525
96	1154
450	1249
450	497
450	133
450	269
450	33
450	418
450	671
450	482
450	125
450	254
450	956
450	519
450	1039
450	940
450	221
450	480
450	169
450	774
450	61
450	465
450	729
450	723
450	347
450	345
450	865
450	382
450	1212
450	356
450	123
450	966
450	739
450	613
450	761
450	170
450	63
450	628
450	714
450	214
450	476
450	1044
450	495
450	1092
450	371
450	13
450	471
450	154
450	523
450	422
450	205
450	207
450	582
450	414
450	518
450	252
450	1221
450	141
450	654
450	111
450	967
450	557
450	526
450	399
450	28
450	49
450	191
450	311
450	87
450	662
450	162
450	1116
450	614
450	81
450	1222
450	507
450	1263
450	751
450	182
450	735
450	928
450	528
450	650
450	43
450	1091
450	485
450	516
450	630
450	604
450	1303
450	749
450	610
450	90
450	73
450	642
450	866
450	934
450	71
450	731
450	504
450	381
450	183
450	417
450	354
450	305
450	1054
450	386
450	530
450	696
450	1446
450	227
450	750
450	178
450	4
450	479
450	415
450	1192
450	86
450	1603
450	776
450	38
450	606
450	208
450	288
450	501
450	280
450	514
450	180
450	722
450	94
450	112
450	469
450	274
450	845
450	79
450	50
450	328
450	126
450	11
450	693
450	1521
450	727
450	812
450	584
450	312
450	400
450	1115
450	60
450	488
450	143
450	384
450	69
450	229
450	59
450	222
450	66
450	713
450	597
450	496
450	186
450	427
450	82
450	474
450	500
450	277
450	142
450	491
450	965
450	144
450	64
450	10
450	588
450	281
450	155
450	487
450	847
450	1033
450	612
450	490
450	76
450	503
450	402
450	77
450	1297
450	29
450	741
450	1271
450	1479
450	434
450	25
450	435
450	747
450	1050
450	659
450	660
450	506
450	673
450	100
450	908
450	936
450	136
450	1126
450	832
450	292
450	204
450	619
450	633
450	15
450	705
450	905
450	629
450	583
450	1028
450	661
450	405
450	467
450	443
450	591
450	527
450	278
450	26
450	1282
450	685
450	197
450	566
450	401
450	926
450	228
450	35
450	232
450	194
450	878
450	275
450	692
450	318
450	432
450	145
450	101
450	700
450	1444
450	842
450	181
450	457
450	431
450	748
450	1048
450	1490
450	188
450	762
450	1047
450	211
450	511
450	196
450	1053
450	357
450	494
450	173
450	264
450	1286
450	689
450	510
450	233
450	258
450	783
450	1160
450	161
450	97
450	96
450	98
450	923
450	455
450	80
450	12
450	366
450	95
450	190
450	939
450	313
450	1208
450	322
450	176
450	430
450	632
450	481
450	492
450	166
450	1425
450	265
450	231
450	969
450	294
450	300
450	1401
450	239
450	472
450	172
450	1284
450	712
450	1107
450	602
450	218
450	185
450	210
450	1112
450	734
450	151
450	419
450	756
450	114
450	385
450	771
450	56
450	451
450	389
450	1
450	241
450	601
450	505
450	315
450	2
450	58
450	781
450	316
450	631
450	1248
450	403
450	561
450	83
450	7
450	259
450	520
450	589
450	393
450	717
450	433
450	127
450	710
450	213
450	1152
450	470
450	620
450	301
450	622
450	704
450	220
450	1184
450	1036
450	902
450	428
450	192
450	702
450	139
450	158
450	383
450	1140
450	647
450	273
450	795
450	468
450	1311
450	299
450	1197
450	637
450	550
450	1402
450	88
450	234
450	846
450	78
450	1135
450	873
450	99
450	968
450	648
450	230
450	118
450	237
450	728
450	134
450	1172
450	448
450	44
450	921
450	67
450	380
450	559
450	478
450	611
450	270
450	736
450	521
450	525
450	709
450	616
450	807
450	785
450	47
450	302
450	416
450	1226
450	942
450	1203
450	707
450	332
450	815
450	498
450	23
450	373
450	603
450	801
450	3
450	290
450	203
450	223
450	367
450	287
450	1041
450	260
450	395
450	1435
450	1020
450	1037
450	282
450	1480
450	1220
450	1441
450	199
450	286
450	22
450	336
450	724
450	152
450	489
450	1261
234	1446
234	288
234	243
234	486
234	238
234	137
234	445
234	945
234	181
234	692
234	1461
234	749
234	485
234	635
234	498
234	1203
234	1269
234	47
234	601
234	427
234	479
234	966
234	622
234	198
234	471
234	465
234	319
234	307
234	93
234	496
234	443
234	989
234	174
234	242
234	1170
234	421
234	686
234	510
234	1168
234	147
234	1369
234	630
234	14
234	507
234	490
234	588
234	204
234	210
234	550
234	152
234	1397
234	32
234	614
234	638
234	844
234	1051
234	610
234	626
234	847
234	161
234	705
234	855
234	782
234	290
234	481
234	641
234	951
234	286
234	180
234	154
234	1330
234	964
234	1445
234	928
234	497
234	709
234	608
234	1221
234	431
234	557
234	229
234	1078
234	619
234	13
234	124
234	842
234	258
234	611
234	746
234	7
234	209
234	963
234	28
234	1449
234	493
234	527
234	735
234	277
234	223
234	650
234	1463
234	316
234	1462
234	300
234	1454
234	525
234	142
234	959
234	241
234	148
234	872
234	806
234	9
234	464
234	651
234	1460
234	95
234	925
234	631
234	45
234	546
234	526
234	1204
234	549
234	484
234	480
234	929
234	495
234	22
234	294
234	1020
234	1453
234	612
234	434
234	143
234	329
234	808
234	503
234	274
234	224
234	358
234	178
234	66
234	15
234	4
234	447
234	88
234	474
234	134
234	172
234	414
234	618
234	878
234	177
234	521
234	25
234	1186
234	291
234	301
234	166
234	197
234	647
234	1126
234	448
234	144
234	317
234	218
234	102
234	1456
234	1003
234	970
234	950
234	1263
234	653
234	64
234	605
234	505
234	187
234	984
234	100
234	845
234	237
234	89
234	215
234	54
234	873
234	188
234	175
234	168
234	702
234	176
234	472
234	403
234	69
234	942
234	16
234	125
234	393
234	867
234	226
234	770
234	50
234	1452
234	160
234	1451
234	212
234	76
234	97
234	153
234	513
234	164
234	73
234	132
234	517
234	91
234	140
234	313
234	48
234	221
234	1101
234	671
234	499
234	236
234	304
234	835
234	285
234	228
234	213
234	8
234	207
234	491
234	582
234	77
234	12
234	648
234	589
234	511
234	613
234	591
234	1198
234	751
234	433
234	524
234	629
234	616
234	482
234	921
234	163
234	419
234	607
234	193
234	1048
234	634
234	52
234	1021
234	523
234	1133
234	381
234	56
234	478
234	552
234	23
234	765
234	328
234	1064
234	21
234	1448
234	1063
234	85
234	259
234	745
234	502
234	615
234	70
234	520
234	131
234	1120
234	190
234	234
234	222
234	192
234	1298
234	127
234	530
234	99
234	385
234	233
234	887
234	157
234	265
234	636
234	72
234	283
234	136
234	747
234	82
234	602
234	606
234	417
234	416
234	389
234	659
234	863
234	287
234	179
234	727
234	1447
234	1121
234	117
234	836
234	1075
234	768
234	646
234	1100
234	694
234	528
234	367
234	432
234	156
234	516
234	571
234	625
234	435
234	843
234	660
234	531
234	429
234	923
234	487
234	693
234	1149
234	642
234	1011
234	1044
234	185
234	739
234	195
234	1459
234	2
234	656
234	378
234	86
234	20
234	1
234	162
234	219
234	837
234	208
234	1457
234	1285
234	489
234	31
234	173
234	111
234	165
234	268
234	436
234	519
234	939
234	781
234	1050
234	11
234	628
234	661
234	10
234	40
234	322
234	318
234	1123
234	428
234	1185
234	81
234	451
234	470
234	596
234	79
234	401
234	202
234	216
234	71
234	279
234	874
234	617
234	463
519	335
519	1617
519	325
519	346
519	350
519	288
519	348
519	330
519	339
519	336
519	991
519	1295
519	328
519	680
519	1062
519	340
519	243
519	1293
519	264
519	351
519	1238
519	327
519	1612
519	349
519	1591
519	878
519	313
519	887
519	259
519	909
519	333
519	324
519	1592
519	748
519	268
519	874
519	1434
519	332
519	263
519	895
519	266
872	928
872	476
872	300
872	313
872	332
872	748
872	258
872	290
872	405
872	977
872	864
872	925
872	815
872	895
872	905
872	871
872	280
872	974
872	597
872	288
872	628
872	409
872	151
872	682
872	310
872	363
872	117
872	932
872	930
872	347
872	273
872	845
872	975
872	328
872	1165
872	1011
872	274
872	1028
872	272
872	1040
872	334
872	323
872	546
872	685
872	282
872	893
872	1376
872	892
872	826
872	237
872	354
872	106
872	926
872	1284
872	118
872	284
872	717
694	584
694	657
694	226
694	203
694	510
694	28
694	692
694	423
694	241
694	187
694	177
694	216
694	645
694	193
694	69
694	530
694	9
694	318
694	495
694	604
694	641
694	474
694	183
694	519
694	606
694	427
694	1050
694	143
694	211
694	199
694	71
694	185
694	153
694	141
694	181
694	135
694	582
694	434
694	654
694	490
694	492
694	659
694	1035
694	1263
694	178
694	482
694	665
694	194
694	191
694	605
694	480
694	1126
694	52
694	506
694	614
694	511
694	630
694	100
694	496
694	205
694	504
694	179
694	393
694	432
694	98
694	485
694	1203
694	197
694	483
694	275
694	632
694	378
694	648
694	523
694	429
694	617
694	357
694	176
694	172
694	491
694	526
694	200
694	204
694	230
694	22
694	836
694	385
694	180
694	699
694	202
694	1455
694	520
694	356
694	82
694	603
694	663
694	138
694	470
694	517
694	521
694	451
694	1221
694	528
694	195
694	228
694	1020
694	484
694	157
694	50
694	127
694	610
694	133
694	527
694	23
694	89
694	671
694	163
694	131
694	229
694	239
694	161
694	238
694	237
694	449
694	661
694	481
694	188
582	948
582	258
582	760
582	455
582	742
582	15
582	321
582	313
582	676
582	477
582	181
582	269
582	1215
582	410
582	748
582	118
582	294
582	25
582	3
582	473
582	831
582	508
582	411
582	268
582	919
582	222
582	7
582	988
582	257
582	1033
582	50
582	100
582	750
582	763
582	288
582	1
582	151
582	841
582	293
582	300
582	369
582	826
582	475
582	93
582	237
582	547
582	328
582	405
582	271
582	597
85	152
85	228
85	58
85	499
85	1137
85	175
85	1170
85	517
85	241
85	1021
85	211
85	124
85	281
85	108
85	697
85	282
85	50
85	501
85	191
85	582
85	1173
85	492
85	1101
85	792
85	707
85	1018
85	1098
85	1009
85	286
85	298
85	483
85	496
85	277
85	194
85	182
85	526
85	272
85	1153
85	690
85	222
85	735
85	216
85	10
85	630
85	317
85	1006
85	521
85	702
85	1131
85	229
85	495
85	318
85	464
85	661
85	458
85	476
85	28
85	425
85	301
85	232
85	639
85	1168
85	508
85	433
85	1074
85	172
85	13
85	181
85	205
85	506
85	642
85	83
85	1039
85	193
85	246
85	174
85	333
85	647
85	204
85	514
85	420
85	474
85	300
85	921
85	133
85	56
85	507
85	134
85	168
85	596
85	924
85	1169
85	984
85	479
85	654
85	622
85	209
85	516
85	712
85	527
85	45
85	186
85	268
85	213
85	715
85	203
85	316
85	150
85	212
85	512
85	179
85	136
85	313
85	163
85	405
85	1136
85	284
85	190
85	923
85	971
85	709
85	94
85	127
85	528
85	462
85	195
85	199
85	97
85	488
85	153
85	289
85	657
85	237
85	418
85	71
85	310
85	1075
85	162
85	955
85	655
85	327
85	1174
85	170
85	82
85	215
85	1172
85	478
85	523
85	14
85	664
85	372
85	529
85	465
85	328
85	447
85	566
85	95
85	1149
85	160
85	482
85	659
85	8
85	86
85	481
85	509
85	660
85	663
85	435
85	822
85	604
85	515
85	208
85	250
85	412
85	319
85	629
85	161
85	419
85	1103
85	1171
85	121
85	414
85	9
85	192
85	443
85	238
85	357
85	504
85	498
85	423
85	510
85	143
85	64
85	99
85	231
85	568
85	345
85	855
85	530
85	1010
85	404
85	52
85	89
85	325
85	658
85	1167
85	1121
85	751
85	57
85	511
85	157
85	230
85	485
85	641
85	100
85	378
85	258
85	65
85	340
85	173
85	234
85	87
85	79
85	1065
85	141
85	269
85	98
85	813
85	70
85	389
85	417
85	382
148	7
148	228
148	507
148	473
148	174
148	238
148	432
148	189
148	418
148	78
148	1039
148	168
148	70
148	177
148	163
148	474
148	151
148	181
148	173
148	501
148	135
148	50
148	185
148	140
148	357
148	495
148	172
148	521
148	114
148	8
148	408
148	1
148	98
148	69
148	132
148	222
148	588
148	175
148	164
148	596
148	509
148	169
148	663
148	549
148	194
148	71
148	227
148	969
148	127
148	234
148	116
148	993
148	204
489	1243
489	319
489	294
489	327
489	457
489	266
489	338
489	315
489	872
489	353
489	885
489	689
489	988
489	300
489	948
489	301
489	895
489	245
489	288
489	332
489	358
489	984
489	343
489	750
489	883
489	875
489	333
489	1025
489	351
489	688
489	349
489	326
489	683
489	316
489	286
489	270
489	310
489	538
489	243
489	312
489	260
489	687
489	1280
489	321
489	681
489	258
489	360
489	678
489	340
489	908
489	355
489	322
489	874
489	307
489	1238
489	272
489	752
489	347
489	328
489	263
489	1265
489	881
489	539
489	1293
489	292
489	334
489	261
489	302
489	879
489	259
489	304
489	299
489	902
489	313
489	359
489	330
489	1612
489	264
489	1613
489	308
489	342
489	887
489	989
489	897
489	346
489	898
489	754
489	268
489	682
267	69
267	174
267	474
267	2
267	1185
267	172
267	143
267	5
267	128
267	47
267	77
267	386
267	480
267	405
267	597
267	153
267	1336
267	202
267	559
267	1110
267	127
267	1145
267	54
267	1090
267	431
267	89
267	475
267	498
267	209
267	155
267	647
267	33
267	367
267	214
267	156
267	810
267	210
267	81
267	483
267	218
267	926
267	181
267	578
267	114
267	679
267	294
267	380
267	28
267	188
267	273
267	515
267	135
267	423
267	98
267	576
267	293
267	550
267	484
267	742
267	121
267	226
267	1073
267	238
267	229
267	455
267	183
267	216
267	195
267	654
267	217
267	545
267	53
267	3
267	546
267	157
267	693
267	1035
267	161
267	179
267	568
267	203
267	141
267	175
267	187
267	408
267	144
267	840
267	566
267	233
267	94
267	684
267	67
267	169
267	385
267	479
267	124
267	1401
267	410
267	92
267	12
267	108
267	1471
267	24
267	715
267	239
267	433
267	642
267	449
267	450
267	240
267	1240
267	17
267	739
267	222
267	727
267	186
267	411
267	7
267	826
267	959
267	944
267	158
267	720
267	64
267	780
267	265
267	22
267	198
267	65
267	231
267	393
267	980
267	82
267	206
267	159
267	685
267	771
267	177
267	55
267	391
267	324
267	204
267	622
267	732
267	56
267	250
267	464
267	50
267	579
409	489
409	204
409	466
409	945
409	300
409	174
409	98
409	1346
409	48
409	153
409	1558
409	855
409	511
409	89
409	647
409	514
409	1537
409	127
409	523
409	50
409	1593
409	209
409	481
409	404
409	484
409	632
409	661
409	134
409	876
409	709
409	538
409	210
409	338
409	136
409	195
409	604
409	1524
409	676
409	83
409	1392
409	303
409	201
409	367
409	631
409	733
409	22
409	9
409	203
409	65
409	664
409	485
409	154
409	289
409	327
409	937
409	6
409	965
409	116
409	343
409	181
409	923
409	520
409	206
409	173
409	1449
409	214
409	171
409	429
409	1328
409	207
409	135
409	45
409	608
409	1369
409	321
409	30
409	714
409	1242
409	1295
409	461
409	705
409	433
409	266
409	478
409	435
409	162
409	518
409	382
409	430
409	180
409	23
409	1050
409	100
409	493
409	339
409	854
409	60
409	659
409	482
409	283
409	1065
409	187
409	97
409	79
409	318
409	211
409	527
409	428
409	275
409	178
409	156
409	529
409	1097
409	498
409	749
409	1070
409	879
409	172
409	479
409	1541
409	491
409	197
409	326
409	483
409	615
409	1021
409	1379
409	186
409	499
409	497
409	115
409	200
409	264
409	216
409	165
409	191
409	285
409	58
409	179
409	28
409	1020
409	474
409	526
409	12
409	480
409	1194
409	708
409	606
409	475
409	427
409	633
409	381
409	890
409	175
409	1099
409	654
409	192
409	1393
409	205
409	223
409	170
409	270
409	607
178	11
178	210
178	302
178	469
178	117
178	491
178	566
178	511
178	155
178	260
178	483
178	495
178	195
178	133
178	50
178	173
178	756
178	318
178	500
178	124
178	319
178	203
178	340
178	316
178	873
178	823
178	783
178	339
178	92
178	9
178	232
178	508
178	200
178	187
178	1119
178	288
178	506
178	73
178	332
178	255
178	535
178	82
178	148
178	367
178	764
178	763
178	1314
178	792
178	322
178	354
178	720
178	684
178	742
178	1012
178	846
178	62
178	66
178	230
178	735
178	180
178	405
178	7
178	271
178	196
178	89
178	762
178	274
178	472
178	280
178	993
178	183
178	70
178	215
178	258
178	98
178	184
178	596
178	8
178	87
178	39
178	651
178	249
178	134
178	978
178	71
178	1051
178	568
178	123
178	1197
178	96
178	269
178	16
178	197
178	546
178	790
178	317
178	751
178	194
178	531
178	161
178	286
178	849
178	864
178	222
178	284
178	174
178	625
178	607
178	1048
178	729
178	739
178	1011
178	228
178	549
178	744
178	591
178	106
178	454
178	147
178	510
178	131
178	51
178	654
178	157
178	58
178	56
178	326
178	696
178	226
178	38
178	220
178	819
178	265
178	781
178	181
178	216
178	64
178	235
178	282
178	342
178	31
178	1315
178	234
178	204
178	926
178	427
178	1047
178	77
178	15
178	100
178	455
178	268
178	223
178	246
178	984
178	1028
178	121
178	1038
178	248
178	111
178	193
178	881
178	431
178	877
178	731
178	465
178	423
178	1035
178	245
178	273
178	1004
178	1033
178	118
178	323
178	241
178	283
178	724
178	685
178	244
178	178
178	99
178	12
178	90
178	748
178	682
178	410
178	24
178	214
178	79
178	588
178	257
178	578
178	293
178	275
178	1
178	809
178	276
178	328
178	678
178	229
178	540
178	298
178	358
178	658
178	435
178	28
178	484
178	746
178	294
178	363
178	1283
178	476
178	385
178	209
178	281
178	313
178	127
178	25
178	458
378	420
378	576
378	582
378	696
378	9
378	1107
378	787
378	301
378	723
378	396
378	318
378	568
378	172
378	501
378	176
378	11
378	52
378	949
378	404
378	49
378	1232
378	1531
378	148
378	265
378	382
378	181
378	803
378	629
378	392
378	302
378	204
378	1074
378	294
378	174
378	63
378	79
378	194
378	1523
378	44
378	121
378	21
378	1181
378	155
378	5
378	479
378	1091
378	845
378	715
378	173
378	694
378	728
378	191
378	693
378	731
378	569
378	543
378	233
378	70
378	132
378	210
378	921
378	196
378	755
378	160
378	162
378	4
378	1439
378	89
378	238
378	500
378	97
378	575
378	1230
378	509
378	118
378	22
378	1180
378	432
378	164
378	443
378	287
378	588
378	542
378	531
378	282
378	1147
378	67
378	1035
378	447
378	699
378	549
378	254
378	703
378	401
378	230
378	660
378	14
378	245
378	319
378	8
378	528
378	144
378	1037
378	722
378	77
378	692
378	780
378	193
378	951
378	417
378	572
378	183
378	591
378	285
378	686
378	292
378	15
378	12
378	651
378	508
378	747
378	38
378	1042
378	1009
378	365
378	195
378	623
378	313
378	635
378	942
378	111
378	1092
378	1284
378	98
378	928
378	1134
378	62
378	288
378	215
378	218
378	96
378	403
378	458
378	918
378	241
378	71
378	596
378	972
378	1145
378	1168
378	133
378	792
378	665
378	59
378	1400
378	961
378	1478
378	409
378	1407
378	405
378	100
378	269
378	550
378	25
378	1047
378	157
378	161
378	806
378	257
378	68
378	78
378	939
378	280
378	632
378	1058
378	451
378	756
378	402
378	88
378	55
378	51
378	631
378	473
378	207
378	566
378	53
378	180
378	326
378	231
378	411
378	217
378	419
378	82
378	1028
378	258
378	186
378	106
378	151
378	926
378	223
378	554
378	663
378	932
378	930
378	561
378	386
378	58
378	471
378	304
378	482
378	793
378	202
378	321
378	274
378	203
378	275
378	959
378	559
378	220
378	10
378	13
378	485
378	1211
378	73
378	433
378	272
378	399
378	95
378	225
378	64
378	367
378	796
378	43
378	226
378	153
378	66
378	141
378	684
378	222
378	708
378	736
378	441
378	744
378	40
378	94
378	65
378	724
378	1135
378	248
378	50
378	597
378	435
378	175
378	956
378	1063
378	620
378	1438
378	179
378	227
378	1425
378	323
378	1044
378	255
378	200
378	412
378	410
378	702
378	775
378	1267
378	31
378	768
378	356
378	875
378	762
378	2
378	69
378	468
378	328
378	896
378	167
378	47
378	1053
378	729
378	237
378	636
378	135
378	428
378	735
378	381
378	470
378	606
378	123
378	197
378	234
378	252
378	86
378	727
378	924
378	778
378	317
378	450
344	494
344	463
344	1142
344	707
344	50
344	306
344	151
344	215
344	926
344	301
344	716
344	487
344	530
344	284
344	216
344	203
344	509
344	208
344	459
344	1082
344	663
344	69
344	431
344	198
344	25
344	281
344	127
344	88
344	118
344	313
344	1050
344	190
344	647
344	268
344	462
344	269
344	9
344	22
344	486
344	421
344	476
344	709
344	124
344	70
344	290
344	246
344	235
344	121
344	176
344	73
344	244
344	14
344	588
344	228
344	1007
344	137
344	12
344	298
344	122
344	117
344	87
344	815
344	1172
344	546
344	684
344	89
344	316
344	291
344	129
344	357
344	479
344	39
344	71
344	372
344	97
344	322
344	26
344	173
344	64
344	1137
344	302
344	86
344	285
344	248
344	367
344	405
344	280
344	1
344	288
344	511
344	451
344	251
344	311
344	183
344	597
344	471
344	508
344	845
344	5
344	562
344	286
344	619
344	1020
344	742
344	11
344	295
344	713
344	756
344	678
344	119
344	222
344	181
344	1165
344	8
344	58
344	210
344	276
344	96
344	844
344	694
344	125
344	7
344	568
344	255
344	972
344	111
344	433
344	751
344	106
344	696
344	478
344	175
344	408
344	715
344	195
344	283
344	191
344	79
344	169
344	762
344	529
344	864
344	13
344	172
344	274
344	202
344	273
344	174
344	473
344	477
344	237
344	304
848	606
848	484
848	133
848	1118
848	179
848	1063
848	393
848	199
848	127
848	479
848	185
848	151
848	443
848	679
848	215
848	504
848	642
848	25
848	141
848	603
848	501
848	610
848	108
848	23
848	812
848	588
848	32
848	423
848	181
848	72
848	647
848	530
848	478
848	430
848	435
848	480
848	1101
848	481
848	173
848	210
848	166
848	176
848	638
848	433
848	584
848	97
848	170
848	633
848	209
848	125
848	419
848	234
848	186
848	747
848	95
848	180
848	1126
848	899
848	512
848	483
848	99
848	855
848	490
848	154
848	357
848	204
848	163
848	162
848	663
848	89
848	135
848	421
848	196
848	265
848	134
848	174
848	197
848	431
848	476
848	42
848	650
848	528
848	739
848	238
848	216
848	200
848	50
848	69
848	519
848	153
848	428
848	462
848	109
848	132
848	529
848	294
848	805
848	207
848	118
848	689
848	517
848	318
848	82
848	183
848	195
848	165
848	152
848	523
848	514
848	451
848	202
848	1065
848	214
848	845
848	945
848	71
848	1021
848	527
848	489
848	427
767	486
767	28
767	524
767	98
767	141
767	648
767	300
767	22
767	659
767	506
767	344
767	187
767	481
767	921
767	180
767	56
767	163
767	170
767	183
767	207
767	483
767	222
767	176
767	495
767	177
767	1121
767	724
767	242
767	657
767	1068
767	1
882	211
882	204
882	101
882	290
882	121
882	180
882	202
882	393
882	284
882	546
882	465
882	378
882	932
882	177
882	7
882	28
882	380
882	71
882	183
882	684
882	476
882	98
882	132
882	25
882	258
882	294
882	86
882	151
882	56
882	423
882	168
882	208
882	147
882	4
882	70
882	230
882	526
882	582
882	176
882	210
882	815
882	79
882	135
882	228
882	122
882	597
882	420
882	588
882	117
882	756
882	566
882	739
882	411
882	21
882	215
882	357
882	186
882	185
882	1
882	203
882	455
882	419
882	510
882	216
882	501
882	105
882	692
882	746
882	196
882	820
882	174
882	841
882	988
882	473
882	409
882	8
882	412
882	191
882	118
882	929
882	66
882	291
882	181
882	199
882	172
882	194
882	96
882	195
882	662
882	748
882	275
882	660
882	1116
882	616
882	1060
882	222
882	429
882	515
882	1052
882	496
882	288
882	131
882	405
882	225
882	143
882	1015
882	95
882	369
882	265
882	15
882	69
586	849
586	470
586	226
586	144
586	218
586	427
586	217
586	182
586	1207
586	276
586	254
586	578
586	397
586	241
586	761
586	56
586	159
586	117
586	183
586	451
586	249
586	756
586	67
586	184
586	790
586	83
586	358
586	202
586	405
586	161
586	679
586	559
586	92
586	188
586	841
586	452
586	431
586	53
586	550
586	227
586	68
586	820
586	3
586	229
586	569
586	22
586	210
586	1042
586	250
586	1090
586	96
586	1047
586	926
586	1407
586	436
586	31
586	17
586	665
586	655
586	939
586	1249
586	281
586	39
586	204
586	735
586	628
586	720
586	121
586	800
586	232
586	763
586	411
586	80
586	651
586	230
586	468
586	586
586	379
586	551
586	1218
586	76
586	284
586	200
586	174
586	123
586	176
586	27
586	566
586	581
586	237
586	696
586	50
586	44
586	222
586	239
586	672
586	153
586	195
586	72
586	273
586	33
586	1046
586	410
586	51
586	82
586	318
586	11
586	219
586	257
586	423
586	541
586	85
586	127
586	568
586	591
586	28
586	356
586	295
586	173
586	54
586	228
586	77
586	576
586	79
586	240
586	742
586	235
586	164
586	155
586	808
586	181
586	234
586	676
586	496
301	447
301	281
301	735
301	1052
301	1091
301	182
301	373
301	79
301	429
301	162
301	195
301	203
301	658
301	419
301	97
301	604
301	66
301	1283
301	237
301	426
301	94
301	1035
301	151
301	160
301	41
301	393
301	90
301	462
301	323
301	550
301	763
301	138
301	470
301	199
301	193
301	746
301	42
301	684
301	231
301	771
301	164
301	39
301	1228
301	606
301	407
301	157
301	144
301	67
301	88
301	702
301	357
301	196
301	180
301	4
301	1028
301	80
301	194
301	820
301	95
301	120
301	232
301	431
301	25
301	455
301	227
301	523
301	423
301	222
301	265
301	395
301	831
301	183
301	226
301	427
301	250
301	69
301	127
301	174
301	864
301	241
301	21
301	2
301	515
301	443
301	121
301	496
301	17
301	631
301	99
301	1112
301	210
301	521
301	105
301	418
301	403
301	404
301	77
301	276
301	228
301	742
301	154
301	363
301	240
301	340
301	588
301	401
301	176
301	53
301	58
301	673
301	202
301	299
301	117
301	54
301	514
301	552
301	217
301	1230
301	187
301	28
301	1016
301	385
301	216
301	51
301	258
301	527
301	660
301	739
301	797
301	12
301	132
301	29
301	76
301	959
301	566
301	71
301	43
301	159
301	554
301	155
301	273
301	288
301	1074
301	161
301	318
301	249
301	502
301	181
301	64
301	607
301	179
301	721
301	871
301	22
301	68
301	215
301	156
301	334
301	284
301	651
301	96
301	693
301	756
301	269
301	230
301	655
301	610
301	300
301	172
301	582
301	33
301	15
301	409
301	47
301	692
301	11
301	219
301	405
301	732
301	152
301	387
301	678
301	665
301	184
301	50
301	772
301	111
301	98
301	239
301	24
301	8
301	145
301	402
301	191
301	456
301	1012
301	173
301	546
301	91
301	849
301	142
301	562
301	380
301	719
301	9
301	3
301	465
301	1013
301	82
301	153
301	7
301	503
301	636
301	420
301	204
301	710
301	568
301	235
301	73
301	81
301	685
655	196
655	92
655	728
655	262
655	502
655	2
655	301
655	250
655	903
655	880
655	468
655	324
655	4
655	558
655	172
655	86
655	942
655	1106
655	1406
655	1118
655	906
655	210
655	607
655	936
655	1516
655	252
655	734
655	1649
655	271
655	131
655	89
655	1170
655	307
655	1098
655	723
655	359
655	111
655	672
655	56
655	79
655	1174
655	1100
655	458
655	1607
655	459
655	274
655	956
655	513
655	511
655	651
655	708
655	66
655	87
655	251
655	303
655	297
655	1257
655	156
655	372
655	410
655	405
655	953
655	975
655	447
655	443
655	995
655	22
655	93
655	1642
655	170
655	803
655	773
655	654
655	354
655	686
655	1462
655	237
655	909
655	806
655	276
655	1266
655	476
655	1160
655	1135
655	533
655	882
655	1090
655	248
655	1071
655	157
655	919
655	190
655	1646
655	904
655	899
655	289
655	152
655	346
655	690
655	1142
655	127
655	1007
655	1421
655	1549
655	670
655	454
655	1514
655	393
655	1648
655	149
655	1074
655	503
655	1113
655	647
655	191
655	1395
655	42
655	959
655	321
655	1101
655	448
655	1605
655	211
655	65
655	1475
655	24
655	1238
655	205
655	475
655	945
655	97
655	265
655	27
655	684
655	30
655	423
655	813
655	865
655	712
655	387
655	52
655	483
655	181
655	15
655	610
655	505
655	234
655	403
655	1466
655	144
655	902
655	1248
655	1426
655	255
655	512
655	913
655	1147
655	58
655	1084
655	1044
655	433
655	1029
655	1198
655	531
655	280
655	1322
655	698
655	576
655	25
655	281
655	382
655	270
655	831
655	655
655	733
655	155
655	1602
655	527
655	96
655	1166
655	1288
655	1193
655	662
655	559
655	51
655	337
655	242
655	619
655	534
655	38
655	55
655	805
655	1268
655	1153
655	132
655	166
655	770
655	226
655	317
655	135
655	1086
655	45
655	417
655	357
655	1256
655	296
655	249
655	729
655	319
655	1131
655	656
655	727
655	650
655	825
655	1099
655	1017
655	1645
655	1196
655	741
655	116
655	275
655	1499
655	1042
655	134
655	312
655	213
655	1107
655	1144
655	693
655	215
655	122
655	328
655	192
655	288
655	629
655	1479
655	1061
655	731
655	1641
655	216
655	700
655	118
655	572
655	578
655	19
655	1418
655	915
655	653
655	1018
655	1403
655	584
655	1233
655	1351
655	1490
655	781
655	1169
655	287
655	1082
655	644
655	121
655	1070
655	935
655	428
655	466
655	1356
655	200
655	786
655	298
655	143
655	958
655	658
655	742
655	203
655	50
655	224
655	1167
655	302
655	183
655	792
655	800
655	910
655	221
655	88
655	385
655	176
655	707
655	603
655	160
655	504
655	179
655	685
655	1585
655	363
655	1644
655	295
655	1134
655	887
655	722
655	198
655	64
655	1111
655	1538
655	471
655	1262
655	292
655	233
655	150
655	1370
655	1378
655	1506
655	238
655	874
655	963
655	1296
655	896
655	291
655	8
655	345
655	330
655	1636
655	327
655	507
655	1108
655	1560
655	520
655	875
655	239
655	581
655	69
655	863
655	730
655	847
655	1128
655	1278
655	316
655	553
655	47
655	1284
655	939
655	236
655	1161
655	1252
655	76
655	1578
655	240
655	188
655	474
655	1319
655	5
655	944
655	1273
655	186
655	305
655	1344
655	1063
655	649
655	1643
655	310
655	396
655	1068
655	900
655	219
655	81
655	46
655	126
655	640
655	823
655	796
655	207
655	916
655	1136
655	547
655	717
655	1400
655	746
655	204
655	724
655	257
655	1651
655	566
655	462
655	1016
655	162
655	782
655	1141
655	411
655	772
655	1532
655	636
655	927
655	845
655	9
655	44
655	165
655	1554
655	371
655	1103
655	657
655	1628
655	1211
655	320
655	1024
655	1501
655	167
655	1600
655	867
655	778
655	293
655	282
655	574
655	333
655	14
655	1041
655	1149
655	1265
655	1639
655	1129
655	171
655	1009
655	59
655	500
655	195
655	1647
655	464
655	954
655	1436
655	914
655	61
655	185
655	1232
655	1553
655	889
655	631
655	966
655	1
655	761
655	7
655	1632
655	612
655	26
655	1281
655	481
655	632
655	279
655	283
655	974
655	660
655	1155
655	451
655	628
655	60
655	751
655	340
655	1022
655	1375
655	1465
655	960
655	43
655	209
655	100
655	367
655	536
655	1069
655	1629
655	1186
655	228
655	1171
655	762
655	272
655	125
655	673
655	529
655	923
655	972
655	694
655	31
655	726
655	498
655	1650
655	117
655	449
655	535
655	1633
655	332
655	794
655	1379
655	736
655	1255
655	676
655	467
655	1194
655	1445
655	1121
655	197
655	789
655	1267
655	1158
655	605
655	815
655	193
655	347
655	1638
655	28
655	715
655	1208
655	326
655	744
655	955
655	1176
655	1005
655	739
655	1143
655	304
655	344
655	53
655	273
655	285
655	128
655	1623
655	961
655	375
655	921
655	979
655	427
655	508
655	645
655	23
655	325
655	716
655	912
655	378
655	785
655	311
655	256
655	246
655	709
655	313
655	1635
655	1226
655	32
655	980
655	1197
655	1529
655	895
655	517
655	860
655	642
655	391
655	1192
640	33
640	64
640	201
640	170
640	357
640	347
640	770
640	385
640	1258
640	750
640	391
640	14
640	568
640	231
640	693
640	1073
640	2
640	12
640	62
640	1010
640	689
640	180
640	182
640	1016
640	150
640	68
640	354
640	174
640	56
640	186
640	168
640	38
640	580
640	189
640	269
640	96
640	92
640	941
640	214
640	1228
640	751
640	663
640	47
640	301
640	4
640	578
640	761
640	461
640	550
640	338
640	802
640	85
640	382
640	184
640	566
640	346
640	952
640	53
640	233
640	210
640	369
640	336
640	304
640	919
640	169
640	79
640	315
640	175
640	496
640	134
640	342
640	474
640	173
640	81
640	790
640	195
640	202
640	151
640	22
640	66
640	313
640	55
640	720
640	239
640	226
640	827
640	926
640	126
640	691
630	1055
630	357
630	127
630	550
630	412
630	243
630	1023
630	213
630	125
630	742
630	1079
630	975
630	15
630	472
630	477
630	22
630	815
630	620
630	264
630	819
630	300
630	535
630	930
630	272
630	1197
630	295
630	191
630	496
630	932
630	411
630	123
630	895
630	120
630	216
630	325
630	96
630	64
630	153
630	25
630	12
630	11
630	174
630	732
630	820
630	934
630	687
630	1
630	193
630	100
630	278
630	294
630	70
630	240
630	257
630	118
630	172
630	50
630	222
630	255
630	121
630	866
630	871
630	280
630	1040
630	546
630	864
630	756
630	983
630	322
630	117
630	9
630	69
630	250
630	595
630	126
630	845
630	568
630	282
630	239
630	597
630	988
630	111
630	181
630	7
630	71
630	195
630	298
630	98
130	427
130	184
130	731
130	1245
130	328
130	49
130	939
130	89
130	410
130	508
130	255
130	1019
130	183
130	286
130	68
130	682
130	534
130	470
130	542
130	367
130	98
130	550
130	455
130	295
130	940
130	55
130	802
130	564
130	29
130	99
130	833
130	346
130	234
130	298
130	54
130	159
130	721
130	469
130	299
130	315
130	122
130	332
130	800
130	444
130	90
130	665
130	44
130	294
130	1215
130	681
130	63
130	501
130	426
130	443
130	379
130	354
130	143
130	588
130	132
130	147
130	658
130	174
130	975
130	412
130	1278
130	678
130	1136
130	930
130	350
130	769
130	245
130	134
130	5
130	109
130	53
130	642
130	746
130	423
130	254
130	403
130	93
130	216
130	1277
130	1228
130	1231
130	1246
130	1210
130	249
130	596
130	200
130	411
130	1207
130	1276
130	452
130	144
130	824
130	864
130	217
130	215
130	932
130	1028
130	982
130	4
130	121
130	333
130	305
130	67
130	565
130	1280
130	373
130	270
130	95
130	619
130	449
130	689
130	552
130	176
130	210
130	418
130	890
130	322
130	84
130	1047
130	752
130	717
130	572
130	685
130	79
130	227
130	876
130	472
130	756
130	1088
130	684
130	471
130	236
130	356
130	357
130	281
130	27
130	158
130	765
130	532
130	233
130	267
130	761
130	771
130	794
130	1151
130	343
130	100
130	433
130	1058
130	219
130	105
130	331
130	335
130	231
130	569
130	150
130	161
130	239
130	392
130	268
130	1248
130	313
130	816
130	1
130	269
130	798
130	566
130	404
130	1046
130	123
130	2
130	815
130	959
130	342
130	1217
130	567
130	353
130	944
130	820
130	993
130	229
130	949
130	250
130	284
130	82
130	243
130	625
130	928
130	806
130	554
130	11
130	77
130	1208
130	226
130	179
130	321
130	1275
130	246
130	363
130	148
130	252
130	892
130	475
130	329
130	419
130	1157
130	64
130	1089
130	622
130	888
130	1049
130	407
130	300
130	31
130	779
130	24
130	39
130	195
130	389
130	118
130	330
130	42
130	41
130	453
130	894
130	901
130	436
130	1014
130	929
130	222
130	12
130	33
130	1016
130	538
130	751
130	881
130	568
130	692
130	218
130	290
130	1079
130	228
130	589
130	974
130	17
130	181
130	235
130	477
130	257
130	597
130	203
130	289
130	420
130	230
130	282
130	1274
130	173
130	819
130	739
130	125
130	393
130	385
130	240
130	450
130	38
130	1244
130	156
130	262
130	895
130	1220
130	742
130	1273
130	288
130	358
130	405
130	763
130	366
130	627
130	307
211	455
211	300
211	687
211	215
211	357
211	257
211	528
211	1025
211	526
211	705
211	228
211	263
211	890
211	205
211	303
211	1330
211	286
211	127
211	199
211	678
211	423
211	462
211	9
211	1127
211	117
211	69
211	443
211	230
211	64
211	275
211	310
505	54
505	495
505	591
505	332
505	755
505	144
505	66
505	748
505	568
505	692
505	164
505	471
505	79
505	31
505	307
505	378
505	95
505	423
505	88
505	177
505	660
505	173
505	1285
505	604
505	1063
505	237
505	1039
505	151
505	358
505	705
505	402
505	77
505	510
505	199
505	227
505	385
505	623
505	202
505	265
505	82
505	584
505	190
505	56
505	132
505	96
505	496
505	193
505	498
505	195
505	228
505	651
505	97
505	69
505	258
505	588
505	1409
505	742
505	203
505	435
505	174
505	210
505	313
505	713
505	951
505	172
505	98
505	328
505	117
505	71
505	123
505	140
505	176
505	50
505	125
505	526
505	154
505	300
505	181
505	161
505	121
505	988
505	245
505	614
505	566
505	127
505	183
505	99
505	422
505	182
505	724
940	746
940	170
940	357
940	301
940	651
940	382
940	568
940	316
940	319
940	183
940	1137
940	69
940	172
940	436
940	12
940	508
940	70
940	50
940	259
940	527
940	205
940	174
940	1167
940	427
940	1401
940	89
940	264
940	95
940	171
940	116
940	347
940	137
940	238
940	7
940	150
940	302
940	655
940	310
940	610
940	9
940	315
940	4
940	66
940	529
940	147
940	516
940	216
940	420
940	215
940	161
940	879
940	168
940	100
940	343
940	792
940	678
940	355
940	430
940	204
940	289
940	317
940	8
940	313
940	358
940	873
940	321
940	213
940	47
940	855
940	272
940	709
940	354
940	258
940	521
940	153
940	209
940	193
940	271
940	708
940	164
940	151
940	181
940	269
940	549
940	98
940	294
940	194
128	815
128	172
128	65
128	1063
128	202
128	173
128	568
128	692
128	210
128	317
128	215
128	131
128	69
128	462
128	197
128	1
128	191
128	54
128	468
128	690
128	652
128	392
128	238
128	283
128	924
128	132
128	117
128	404
128	294
128	702
128	729
128	182
128	328
128	204
128	723
128	274
128	82
128	151
128	869
128	507
128	218
128	387
128	471
128	223
128	181
128	423
128	228
128	140
128	179
128	770
128	73
128	494
128	133
128	97
128	785
128	603
128	64
128	393
128	190
128	417
128	1192
128	50
128	622
128	614
128	496
128	966
128	276
128	319
128	660
128	174
128	873
128	732
128	609
128	58
128	432
128	265
128	196
128	121
128	483
128	26
128	685
128	98
128	508
128	71
128	686
128	482
128	193
128	229
128	88
128	588
128	66
128	425
128	99
128	655
128	159
128	268
128	790
128	505
128	209
128	478
128	965
128	275
128	227
128	419
128	340
128	433
128	427
128	216
128	1221
128	322
128	605
128	487
128	222
128	531
128	77
128	458
128	284
128	949
128	405
128	1039
128	25
128	1053
128	213
128	602
128	258
128	501
128	1035
128	237
128	282
128	28
128	86
128	465
128	380
128	180
128	402
128	416
128	56
128	111
128	485
128	684
128	747
128	79
128	506
128	367
128	553
128	955
128	418
128	161
552	50
552	591
552	117
552	7
552	1315
552	286
552	294
552	222
552	249
552	1152
552	934
552	405
552	111
552	280
552	619
552	288
552	866
552	237
552	258
552	988
552	274
552	1047
552	240
552	243
552	932
552	118
552	13
552	873
552	620
552	1048
552	225
552	1278
552	252
552	123
552	323
552	1
552	284
552	826
552	471
552	147
552	815
552	864
552	1277
552	628
552	322
552	1014
552	100
552	336
552	257
552	455
552	125
552	126
552	301
552	515
552	148
552	291
552	15
552	1095
552	742
552	1362
552	756
552	281
552	181
552	14
552	121
552	127
552	300
552	845
682	527
682	190
682	834
682	65
682	259
682	559
682	195
682	699
682	85
682	363
682	257
682	419
682	1428
682	447
682	258
682	216
682	191
682	581
682	164
682	250
682	187
682	210
682	1118
682	27
682	254
682	86
682	797
682	51
682	98
682	182
682	1188
682	332
682	1039
682	1067
682	1091
682	7
682	509
682	1089
682	174
682	50
682	687
682	1
682	716
682	713
682	66
682	693
682	144
682	346
682	386
682	948
682	95
682	75
682	573
682	265
682	710
682	1221
682	720
682	551
682	71
682	379
682	451
682	465
682	92
682	881
682	475
682	735
682	167
682	55
682	556
682	804
682	252
682	546
682	282
682	943
682	1019
682	280
682	790
682	290
682	288
682	17
682	1220
682	553
682	470
682	9
682	5
682	76
682	238
682	183
682	781
682	80
682	8
682	294
682	1074
682	58
682	263
682	1093
682	179
682	940
682	423
682	692
682	127
682	157
682	83
682	696
682	100
682	87
682	49
682	15
682	719
682	325
682	186
682	420
682	47
682	746
682	357
682	281
682	122
682	1231
682	628
682	625
682	399
682	291
682	219
682	774
682	298
682	235
682	89
682	582
682	672
682	431
682	1090
682	942
682	1035
682	405
682	518
682	597
682	135
682	541
682	385
682	233
682	28
682	586
682	147
682	895
682	163
682	772
682	161
682	455
682	150
682	323
682	562
682	678
682	11
682	708
682	72
682	944
682	201
682	761
682	410
682	959
682	82
682	806
682	317
682	276
682	922
682	352
682	2
682	245
682	158
682	378
682	274
682	67
682	686
682	393
682	578
682	240
682	185
682	226
682	24
682	121
682	657
682	568
682	215
682	154
682	97
682	658
682	54
682	358
682	627
682	117
682	660
682	572
682	566
682	655
682	977
682	1084
682	395
682	1228
682	159
682	808
682	366
682	239
682	300
682	205
682	273
682	204
682	403
682	384
682	1217
682	33
682	196
682	284
682	351
682	576
682	717
682	1046
682	1011
682	1440
682	722
682	862
682	558
682	111
682	890
682	153
682	999
682	1478
682	318
682	570
682	202
682	737
682	29
682	217
682	651
682	762
682	619
682	724
682	156
682	62
682	742
682	723
682	124
682	77
682	1303
682	333
682	181
682	833
682	673
682	1012
682	26
682	549
682	866
682	339
682	48
682	468
682	231
682	232
682	471
682	476
682	412
682	1132
682	685
682	1410
682	143
682	520
682	249
682	64
682	824
682	148
682	70
682	4
682	467
682	1028
682	248
682	176
682	246
682	21
682	401
682	748
682	293
682	443
682	946
682	769
682	79
682	168
682	39
682	1655
682	234
682	925
682	1016
682	268
682	721
682	683
682	42
682	175
682	304
682	23
682	654
682	362
682	427
682	729
682	237
682	125
682	775
682	3
682	924
682	550
682	801
682	209
682	172
682	94
682	1047
682	192
682	223
682	88
682	697
682	367
682	12
682	151
682	222
682	272
682	1437
18	188
18	609
18	425
18	57
18	663
18	549
18	614
18	178
18	480
18	482
18	404
18	708
18	276
18	162
18	135
18	476
18	284
18	527
18	402
18	486
18	152
18	1
18	432
18	970
18	32
18	175
18	166
18	607
18	23
18	528
18	430
18	393
18	125
18	443
18	523
18	209
18	236
18	612
18	26
18	170
18	13
18	143
18	242
18	735
18	61
18	12
18	64
18	716
18	182
18	8
18	778
18	65
18	200
18	221
18	863
18	493
18	211
18	463
18	739
18	517
18	724
18	378
18	736
18	707
18	94
18	969
18	631
18	474
18	423
18	172
18	367
18	153
18	492
18	414
18	151
18	97
18	427
18	515
18	775
18	603
18	174
18	14
18	952
18	428
18	234
18	961
18	709
18	157
18	88
18	22
18	111
18	19
18	530
18	181
18	195
18	79
18	286
18	737
18	237
18	133
18	318
18	794
18	116
18	198
18	968
18	95
18	488
18	660
18	955
18	512
18	202
18	630
18	25
18	513
18	168
18	81
18	319
18	497
18	28
18	962
18	957
18	194
18	127
18	699
18	403
18	462
18	451
18	602
18	4
18	56
18	461
18	285
18	186
18	654
18	9
18	498
18	132
18	180
18	99
18	387
18	951
18	287
18	753
18	633
18	113
18	185
18	357
18	48
18	214
18	223
18	613
18	967
18	169
18	193
18	954
18	520
18	435
18	137
18	964
18	381
18	52
18	210
18	136
18	416
18	190
18	762
18	238
18	516
18	732
18	494
18	659
18	419
18	956
18	15
18	216
18	86
18	627
18	639
18	72
18	269
18	588
18	729
18	187
18	100
18	317
18	921
18	485
18	529
18	524
18	953
18	519
18	805
18	213
18	82
18	965
18	960
18	950
18	582
18	963
18	142
18	208
18	386
18	89
18	959
18	649
18	604
18	42
18	610
18	179
18	647
18	478
18	69
18	197
18	434
18	215
18	973
18	177
18	705
18	59
18	126
18	58
18	856
18	196
16	654
16	603
16	946
16	144
16	155
16	27
16	28
16	282
16	546
16	168
16	367
16	286
16	228
16	732
16	940
16	164
16	629
16	178
16	66
16	39
16	234
16	160
16	498
16	502
16	476
16	294
16	125
16	302
16	564
16	480
16	423
16	191
16	199
16	79
16	945
16	469
16	99
16	655
16	947
16	208
16	583
16	11
16	194
16	705
16	15
16	692
16	642
16	161
16	606
16	948
16	230
16	479
16	657
16	944
16	197
16	180
16	31
16	202
16	357
16	172
16	602
16	318
16	510
16	418
16	12
16	288
16	410
16	531
16	504
16	482
16	96
16	240
16	70
16	100
16	941
16	233
16	509
16	467
16	195
16	56
16	58
16	151
16	237
16	943
16	812
16	273
16	770
16	204
16	284
16	76
16	22
16	942
16	939
16	661
16	98
16	7
16	92
16	443
16	158
16	152
16	9
16	127
16	447
16	64
16	109
16	216
16	448
16	200
16	183
16	761
16	51
16	735
896	50
896	271
896	468
896	173
896	549
896	1240
896	1220
896	123
896	210
896	849
896	202
896	1351
896	518
896	211
896	127
896	760
896	660
896	128
896	20
896	55
896	161
896	1112
896	800
896	1248
896	384
896	233
896	1208
896	238
896	231
896	810
896	71
896	476
896	234
896	358
896	720
896	325
896	80
896	157
896	1
896	420
896	241
896	179
896	96
896	313
896	58
896	196
896	124
896	493
896	1681
896	248
896	527
896	928
896	426
896	511
896	187
896	497
896	768
896	300
896	25
896	422
896	79
896	148
896	654
896	845
896	191
896	820
896	307
896	1406
896	257
896	436
896	229
896	482
896	385
896	1284
896	144
896	709
896	651
896	82
896	798
896	484
896	1672
896	425
896	402
896	508
896	228
896	1194
896	310
896	562
896	265
896	87
896	15
896	39
896	713
896	632
896	1042
896	85
896	70
896	258
896	679
896	801
896	288
896	19
896	569
896	461
896	462
896	993
896	696
896	554
896	1522
896	824
896	674
896	452
896	186
896	568
896	887
896	550
896	282
896	763
896	201
896	274
896	239
896	225
896	237
896	742
896	662
896	735
896	222
896	9
896	69
896	765
896	481
896	1074
896	470
896	31
896	320
896	100
896	705
896	411
896	46
896	1303
896	181
896	159
896	774
896	1437
896	227
896	427
896	217
896	176
896	636
896	1046
896	708
896	7
896	11
896	53
896	133
896	730
896	566
896	33
896	872
896	23
896	1018
896	174
896	591
896	952
896	121
896	1011
896	199
896	719
896	101
896	1078
896	752
896	1098
896	230
896	29
896	160
896	4
896	578
896	1622
896	195
896	525
896	431
896	83
896	299
896	22
896	42
896	95
896	219
896	575
896	570
896	526
896	136
896	542
896	1267
896	43
896	392
896	721
896	64
896	496
896	154
896	739
896	597
896	318
896	291
896	98
896	1423
896	164
896	515
896	260
896	76
896	198
896	245
896	770
896	746
896	429
896	77
896	275
896	479
896	273
896	480
896	715
896	572
896	458
896	182
896	478
896	226
896	661
896	250
896	474
896	1134
896	489
896	1045
896	73
896	455
896	147
896	183
896	328
896	582
896	672
896	8
896	371
896	97
896	184
896	665
896	587
896	143
896	132
896	379
896	206
896	380
896	640
896	1028
896	808
896	209
896	809
896	118
896	108
896	1222
896	655
896	423
896	398
896	215
896	135
896	557
896	54
896	91
896	686
896	2
896	153
896	92
896	631
896	393
896	281
896	204
896	317
896	966
896	642
896	684
896	48
896	24
896	180
896	232
896	880
896	895
896	692
896	28
896	68
896	212
896	504
896	129
896	188
768	1061
768	288
768	682
768	65
768	763
768	476
768	332
768	255
768	313
768	25
768	274
768	591
768	597
768	278
768	16
768	471
768	15
768	269
768	742
768	315
768	252
768	744
768	815
768	248
768	117
768	282
768	346
768	300
768	14
768	284
768	826
768	275
768	405
768	620
768	272
768	235
768	70
768	475
768	257
768	1
768	628
768	354
768	762
768	245
768	222
768	340
768	1014
768	756
768	301
768	535
768	100
768	173
795	407
795	135
795	1052
795	1041
795	564
795	410
795	121
795	174
795	747
795	202
795	231
795	431
795	928
795	931
795	655
795	402
795	319
795	405
795	72
795	143
795	719
795	173
795	108
795	89
795	514
795	240
795	820
795	576
795	472
795	154
795	568
795	425
795	559
795	50
795	210
795	167
795	716
795	583
795	265
795	235
795	705
795	386
795	825
795	150
795	70
795	209
795	17
795	381
795	419
795	214
795	998
795	28
795	79
795	58
795	191
795	105
795	189
795	1555
795	25
795	7
795	429
795	175
795	658
795	68
795	502
795	238
795	96
795	581
795	434
795	465
795	153
795	546
795	710
795	184
795	132
795	151
795	12
795	1199
795	1036
795	234
795	182
795	403
795	257
795	550
795	172
795	675
795	169
795	4
795	204
795	1413
795	1110
795	577
795	95
795	200
795	395
795	554
795	120
795	1095
795	3
795	768
795	1101
795	168
795	97
795	432
795	144
795	81
795	222
795	109
795	436
795	181
795	412
795	208
795	1030
795	117
795	382
795	2
795	473
795	831
795	756
795	367
795	636
795	226
795	797
795	727
795	219
795	186
795	771
795	80
795	100
561	470
561	639
561	790
561	661
561	596
561	501
561	425
561	943
561	578
561	132
561	537
561	715
561	478
561	109
561	240
561	461
561	568
561	479
561	655
561	222
561	241
561	405
561	515
561	53
561	645
561	17
561	511
561	31
561	178
561	286
561	79
561	431
561	1267
561	62
561	678
561	952
561	233
561	215
561	207
561	921
561	49
561	210
561	154
561	228
561	1018
561	428
561	153
561	393
561	198
561	2
561	1210
561	1524
561	960
561	285
561	7
561	362
561	379
561	474
561	615
561	709
561	193
561	356
561	531
561	657
561	1059
561	184
561	218
561	175
561	890
561	157
561	617
561	1139
561	724
561	651
561	652
561	1153
561	507
561	93
561	55
561	77
561	1021
561	427
561	733
561	475
561	805
561	611
561	430
561	432
561	1
561	32
561	200
561	197
561	1131
561	608
561	468
561	455
561	530
561	518
561	660
561	426
561	69
561	946
561	15
561	1009
561	631
561	642
561	1220
561	302
561	91
561	895
561	304
561	72
561	616
561	526
561	762
561	11
561	117
561	523
561	24
561	371
561	183
561	174
561	13
561	656
561	1070
561	582
561	679
561	505
561	345
561	71
561	171
561	1230
561	1010
561	542
561	629
561	492
561	212
561	230
561	96
561	58
561	802
561	746
561	182
561	209
561	1229
561	203
561	1110
561	205
561	644
561	3
561	214
561	1119
561	46
561	510
561	503
561	170
561	710
561	80
561	319
561	506
561	199
561	65
561	1149
561	1074
561	176
561	99
561	52
561	14
561	1039
561	708
561	849
561	928
561	488
561	794
561	188
561	550
561	443
561	671
561	675
561	539
561	489
561	664
561	1069
561	219
561	607
561	204
561	88
561	143
561	163
561	942
561	692
561	436
561	206
561	273
561	133
561	22
561	343
561	484
561	191
561	483
561	603
561	435
561	705
561	737
561	42
561	346
561	549
561	234
561	811
561	8
561	98
561	95
561	423
561	772
561	12
561	447
561	92
561	70
561	195
561	211
561	673
561	544
561	956
561	1120
561	258
561	494
561	1044
561	47
561	56
561	232
561	1529
561	925
561	597
561	4
561	719
561	284
561	433
561	317
561	19
561	226
561	151
561	367
561	513
561	748
561	676
561	959
561	462
561	702
561	229
561	497
561	116
561	144
561	693
561	100
561	566
561	382
561	684
561	9
561	636
561	451
561	196
561	357
561	473
561	417
561	164
561	403
561	50
561	504
561	159
561	1101
561	614
561	735
561	162
561	520
561	971
561	1478
561	1115
561	25
561	130
561	28
561	546
561	121
561	238
561	732
561	202
561	81
561	186
514	432
514	175
514	470
514	275
514	651
514	403
514	134
514	890
514	15
514	70
514	49
514	65
514	50
514	195
514	68
514	64
514	191
514	1074
514	48
514	152
514	402
514	169
514	898
514	11
514	83
514	237
514	204
514	114
514	294
514	269
514	214
514	527
514	98
514	189
514	732
514	170
514	222
514	26
514	385
514	431
514	435
514	22
514	69
514	392
514	735
514	313
514	243
514	423
514	421
514	715
514	647
514	268
514	1600
514	111
514	405
514	188
514	510
514	393
514	132
514	1035
514	648
514	216
514	144
514	215
514	306
514	713
514	4
514	384
514	425
514	10
514	13
514	185
514	196
514	19
514	474
514	178
514	462
514	209
514	367
514	709
514	748
514	1160
514	486
514	710
514	210
514	176
514	582
514	109
514	156
514	199
514	307
514	118
514	197
514	568
514	265
514	336
514	168
514	511
514	31
514	153
514	631
514	558
514	58
514	531
514	988
514	659
514	257
514	259
514	1115
514	181
514	342
514	609
514	682
514	47
514	190
514	88
514	172
514	483
514	655
514	136
514	658
514	180
514	97
514	14
514	95
514	177
514	747
514	24
514	154
514	433
514	1101
514	96
514	729
514	28
514	652
514	429
514	200
514	211
514	408
514	1
514	183
514	1039
514	116
514	89
514	179
514	344
514	949
514	79
514	100
514	796
514	173
514	137
514	73
514	157
514	274
514	318
13	166
13	94
13	837
13	5
13	814
13	152
13	308
13	596
13	585
13	424
13	429
13	273
13	830
13	163
13	756
13	340
13	784
13	89
13	260
13	914
13	178
13	615
13	690
13	760
13	223
13	629
13	846
13	323
13	665
13	516
13	759
13	188
13	181
13	355
13	671
13	177
13	50
13	7
13	829
13	269
13	317
13	444
13	350
13	896
13	630
13	229
13	801
13	217
13	770
13	462
13	320
13	758
13	835
13	792
13	554
13	885
13	87
13	881
13	319
13	884
13	827
13	691
13	410
13	371
13	590
13	176
13	843
13	497
13	652
13	764
13	654
13	313
13	754
13	808
13	904
13	733
13	33
13	99
13	821
13	824
13	157
13	60
13	314
13	651
13	175
13	351
13	864
13	12
13	484
13	530
13	437
13	179
13	670
13	815
13	137
13	898
13	300
13	401
13	632
13	795
13	394
13	889
13	870
13	518
13	428
13	58
13	663
13	586
13	215
13	541
13	143
13	14
13	481
13	522
13	79
13	463
13	174
13	667
13	182
13	147
13	527
13	879
13	38
13	614
13	216
13	73
13	494
13	650
13	288
13	639
13	396
13	773
13	875
13	71
13	471
13	436
13	202
13	631
13	167
13	816
13	1
13	876
13	869
13	195
13	669
13	443
13	712
13	540
13	747
13	86
13	276
13	91
13	224
13	709
13	427
13	683
13	893
13	173
13	353
13	400
13	509
13	279
13	883
13	150
13	49
13	446
13	208
13	613
13	573
13	504
13	334
13	828
13	871
13	740
13	138
13	810
13	568
13	604
13	348
13	492
13	563
13	118
13	878
13	880
13	13
13	438
13	811
13	354
13	411
13	447
13	794
13	638
13	299
13	420
13	916
13	903
13	409
13	9
13	860
13	674
13	170
13	286
13	402
13	848
13	435
13	839
13	886
13	97
13	553
13	668
13	190
13	347
13	720
13	739
13	59
13	564
13	646
13	268
13	292
13	144
13	597
13	812
13	40
13	619
13	657
13	451
13	576
13	183
13	165
13	589
13	272
13	303
13	511
13	417
13	42
13	769
13	453
13	750
13	274
13	232
13	78
13	566
13	290
13	912
13	894
13	421
13	66
13	901
13	117
13	833
13	339
13	900
13	39
13	817
13	588
13	859
13	866
13	882
13	367
13	205
13	45
13	793
13	805
13	888
13	357
13	100
13	706
13	90
13	799
13	230
13	25
13	342
13	70
13	551
13	917
13	349
13	432
13	431
13	856
13	160
13	116
13	72
13	53
13	659
13	64
13	198
13	228
13	201
13	791
13	155
13	694
13	692
13	862
13	387
13	128
13	442
13	414
13	27
13	800
13	185
13	211
13	204
13	398
13	315
13	242
13	635
13	850
13	29
13	895
13	515
13	636
13	501
13	433
13	802
13	61
13	121
13	865
13	790
13	316
13	845
13	67
13	781
13	346
13	855
13	546
13	191
13	892
13	449
13	333
13	788
13	382
13	861
13	505
13	238
13	797
13	776
13	475
13	688
13	264
13	813
13	478
13	752
13	572
13	318
13	831
13	762
13	578
13	716
13	915
13	405
13	705
13	851
13	570
13	832
13	68
13	569
13	332
13	301
13	329
13	822
13	519
13	761
13	514
13	684
13	219
13	565
13	854
13	416
13	457
13	823
13	689
13	661
13	804
13	467
13	218
13	877
13	8
13	360
13	158
13	873
13	498
13	472
13	908
13	11
13	212
13	768
13	746
13	265
13	662
13	796
13	261
13	803
13	732
13	22
13	820
13	430
13	403
13	164
13	450
13	110
13	857
13	807
13	502
13	606
13	842
13	480
13	239
13	887
13	413
13	145
13	826
13	305
13	2
13	757
13	452
13	423
13	476
13	226
13	210
13	771
13	844
13	98
13	287
13	517
13	473
13	529
13	550
13	872
13	774
13	441
13	262
13	749
13	778
13	56
13	270
13	172
13	819
13	477
13	763
13	520
13	775
13	735
13	834
13	766
13	863
13	755
13	345
13	197
13	507
13	785
13	209
13	910
13	682
13	88
13	905
13	234
13	809
13	779
13	612
13	780
13	783
13	445
13	326
13	69
13	109
13	199
13	135
13	621
13	625
13	686
13	525
13	868
13	419
13	647
13	328
13	358
13	341
13	493
13	161
13	474
13	675
13	548
13	485
13	491
13	897
13	124
13	840
13	62
13	777
13	549
13	393
13	918
13	21
13	559
13	243
13	222
13	48
13	233
13	765
13	637
13	307
13	656
13	567
13	737
13	679
13	154
13	141
13	853
13	263
13	92
771	114
771	222
771	189
771	403
771	408
771	164
771	313
771	289
771	873
771	993
771	709
771	242
771	596
771	1129
771	69
771	1
771	98
771	275
771	652
771	86
771	690
771	496
771	15
771	462
771	181
771	82
771	4
771	172
771	542
771	91
771	694
771	144
771	251
771	283
771	243
771	79
771	381
771	237
771	137
771	241
771	83
771	762
771	71
771	892
771	274
771	294
771	97
771	477
771	258
771	169
771	203
771	286
771	134
771	154
771	197
771	128
773	432
773	428
773	780
773	90
773	720
773	127
773	1475
773	170
773	100
773	364
773	568
773	769
773	258
773	182
773	2
773	384
773	60
773	61
773	218
773	1097
773	475
773	189
773	204
773	235
773	89
773	732
773	183
773	238
773	840
773	354
773	509
773	919
773	855
773	91
773	231
773	655
773	7
773	145
773	228
773	318
773	251
773	72
773	174
773	109
773	1188
773	737
773	1069
773	13
773	792
773	1
773	179
773	64
773	1367
773	96
773	68
773	1170
773	92
773	268
773	6
773	191
773	24
773	522
773	153
773	239
773	185
773	59
773	212
773	47
773	357
773	940
773	1018
773	181
773	639
773	675
773	1021
773	152
773	176
773	198
773	45
773	56
773	210
773	221
773	408
773	196
773	541
773	948
773	121
773	382
773	462
773	710
773	652
773	209
773	809
773	217
773	730
773	324
773	958
773	455
773	386
773	232
773	403
773	790
773	168
773	895
773	959
773	11
773	1529
773	567
773	265
773	547
773	53
773	393
773	665
773	200
773	175
773	184
773	433
773	1071
773	264
773	70
773	286
773	229
773	14
773	343
773	37
773	367
773	42
773	260
773	240
718	282
718	689
718	975
718	1028
718	405
718	1047
718	284
718	274
718	300
718	1165
718	717
718	471
718	111
718	879
718	685
718	15
718	756
718	597
718	118
718	289
718	831
718	982
718	841
718	815
718	273
718	240
718	744
718	751
718	222
718	820
718	750
718	926
718	255
222	941
222	97
222	90
222	1239
222	578
222	944
222	72
222	597
222	750
222	559
222	432
222	66
222	73
222	15
222	552
222	1336
222	168
222	127
222	849
222	662
222	769
222	678
222	234
222	8
222	293
222	825
222	282
222	94
222	393
222	63
222	577
222	71
222	412
222	323
222	173
222	651
222	183
222	378
222	77
222	475
222	280
222	755
222	41
222	284
222	580
222	215
222	241
222	232
222	1066
222	11
222	162
222	1226
222	100
222	693
222	147
222	288
222	895
222	125
222	67
222	571
222	1054
222	658
222	585
222	1045
222	89
222	1029
222	1178
222	738
222	62
222	471
222	214
222	238
222	790
222	79
222	49
222	1439
222	934
222	1016
222	1042
222	135
222	591
222	12
222	1057
222	540
222	133
222	4
222	734
222	245
222	537
222	153
222	198
222	271
222	145
222	939
222	53
222	252
222	210
222	172
222	101
222	455
222	627
222	364
222	1145
222	840
222	93
222	159
222	628
222	1438
222	433
222	672
222	276
222	796
222	473
222	69
222	763
222	51
222	246
222	328
222	418
222	225
222	157
222	1220
222	281
222	780
222	248
222	326
222	48
222	541
222	118
222	619
222	735
222	1284
222	719
222	180
222	470
222	121
222	426
222	218
222	40
222	239
222	181
222	356
222	1139
222	222
222	185
222	1074
222	44
222	227
222	569
222	368
222	636
222	379
222	521
222	233
222	56
222	64
222	250
222	9
222	366
222	566
222	302
222	655
222	717
222	452
222	772
222	186
222	476
222	1250
222	715
222	230
222	117
222	770
222	826
222	363
222	50
222	816
222	689
222	413
222	388
222	679
222	380
222	724
222	1059
222	441
222	833
222	670
222	155
222	247
222	160
222	92
222	17
222	1041
222	422
222	1089
222	501
222	1218
222	300
222	407
222	268
222	722
222	451
222	258
222	7
222	568
222	208
222	781
222	700
222	58
222	654
222	150
222	395
222	29
222	806
222	405
222	294
222	576
222	869
222	468
222	176
222	209
222	231
222	255
222	665
222	423
222	318
222	80
222	550
222	446
222	257
222	144
222	1206
222	96
222	82
222	449
222	2
222	26
222	436
222	812
222	729
222	1207
222	70
222	175
222	949
222	167
222	477
222	385
222	240
222	386
222	223
222	373
222	542
222	506
222	237
222	81
222	403
222	1035
222	692
222	685
222	195
222	620
222	808
222	465
222	710
222	91
222	1078
222	815
222	106
222	391
222	1419
222	25
222	546
222	1044
222	783
222	768
222	78
222	333
222	35
222	450
222	219
222	54
222	365
222	642
222	120
222	204
222	68
222	154
222	228
222	24
222	411
222	554
222	716
222	472
222	810
222	431
222	527
222	972
222	623
222	712
222	401
222	396
222	929
222	338
222	367
222	402
222	270
222	756
222	357
222	158
222	762
222	1291
222	164
758	298
758	315
758	506
758	431
758	154
758	344
758	282
758	1046
758	13
758	28
758	316
758	355
758	1283
758	183
758	489
758	650
758	291
758	184
758	343
758	307
758	320
758	61
758	441
758	331
758	1052
758	384
758	139
758	889
758	195
758	566
758	238
758	287
758	350
758	211
758	14
758	6
758	310
758	732
758	1090
758	249
758	338
758	313
758	285
758	82
758	290
758	286
758	526
758	448
758	213
758	411
758	435
758	780
758	428
758	202
758	540
758	170
758	520
758	997
758	628
758	1111
758	827
758	391
758	802
758	837
758	1007
758	7
758	223
758	273
758	746
758	508
758	12
758	968
758	301
758	177
758	571
758	373
758	527
758	509
758	1292
758	118
758	135
758	144
758	38
758	209
758	239
758	234
758	436
758	230
758	150
758	276
758	217
758	221
758	689
758	68
758	425
758	56
758	1142
758	117
758	752
758	29
758	685
758	865
758	387
758	196
758	385
758	91
758	179
758	735
758	4
758	24
758	176
758	959
758	569
758	362
758	235
758	8
758	289
758	462
758	231
758	31
758	216
758	568
758	684
758	305
758	159
758	124
758	505
758	955
758	895
758	388
758	174
758	1244
758	654
758	294
758	550
758	131
758	100
758	640
758	64
758	765
758	1143
758	430
758	919
758	713
758	605
758	227
758	185
758	270
758	99
758	1039
758	288
758	121
758	88
758	197
758	607
758	1047
758	481
758	151
758	1012
758	319
758	229
758	116
758	81
758	496
758	69
758	764
758	129
758	580
758	831
758	248
758	199
758	405
758	1074
758	192
758	412
758	887
758	241
758	347
758	312
758	224
758	302
758	11
758	208
758	892
758	173
758	153
758	597
758	433
758	479
758	141
758	250
758	272
758	619
758	26
758	125
758	512
758	751
758	653
758	253
758	652
758	155
758	237
758	576
758	33
758	127
758	687
758	608
758	841
758	1019
758	542
758	181
758	1022
758	890
758	665
758	603
758	474
758	109
758	353
758	554
758	292
758	93
758	1025
758	143
758	300
758	356
758	346
758	578
758	50
758	529
758	297
758	567
758	76
758	896
758	39
758	303
758	434
758	634
758	311
758	108
758	531
758	488
758	737
758	96
758	293
758	191
758	43
758	820
758	23
758	790
758	98
758	656
758	1088
758	750
758	676
758	1135
758	58
758	269
758	864
758	1001
758	1085
758	484
758	455
758	393
758	137
758	123
758	517
758	482
758	352
758	105
758	748
758	1159
758	340
758	262
758	1016
758	324
758	705
758	582
758	147
758	240
758	1527
758	212
758	616
758	172
758	95
758	480
758	186
758	1098
537	24
537	83
537	136
537	48
537	1045
537	464
537	107
537	327
537	179
537	485
537	523
537	488
537	258
537	271
537	193
537	269
537	65
537	70
537	30
537	123
537	448
537	633
537	318
537	568
537	506
537	380
537	661
537	699
537	639
537	310
537	507
537	150
537	89
537	1009
537	283
537	1
537	979
537	1069
537	192
537	837
537	1445
537	1197
537	733
537	890
537	6
537	471
537	694
537	955
537	715
537	206
537	431
537	211
537	323
537	573
537	187
537	519
537	140
537	735
537	478
537	513
537	272
537	228
537	628
537	660
537	965
537	762
537	26
537	90
537	182
537	92
537	482
537	582
537	960
537	736
537	98
537	980
537	1073
537	698
537	209
537	923
537	616
537	325
537	1139
537	613
537	609
537	928
537	1065
537	19
537	651
537	642
537	307
537	173
537	455
537	663
537	521
537	213
537	15
537	387
537	330
537	201
537	236
537	259
537	732
537	681
537	1147
537	208
537	147
537	652
537	462
537	423
537	693
537	47
537	614
537	180
537	235
537	491
537	337
537	299
537	10
537	285
537	702
537	606
537	566
537	265
537	243
537	570
537	174
537	239
537	234
537	1163
537	959
537	664
537	972
537	921
537	490
537	135
537	69
537	417
537	1006
537	553
537	238
537	25
537	526
537	185
537	294
537	302
537	1101
537	1011
537	117
537	338
537	703
537	50
537	495
537	498
537	475
537	59
537	770
537	948
537	91
537	558
537	486
537	289
537	1129
537	963
537	312
537	151
537	195
537	956
537	676
537	569
537	42
537	657
537	352
537	300
537	493
537	170
537	492
537	121
537	168
537	88
537	792
537	750
537	290
537	176
537	131
537	1010
537	547
537	205
537	382
537	647
537	581
537	640
537	896
537	328
537	1050
537	882
537	210
537	20
537	516
537	607
537	873
537	13
537	1335
537	461
537	134
537	141
537	207
537	479
537	52
537	143
537	392
537	85
537	806
537	749
537	602
537	978
537	11
537	286
537	705
537	404
537	746
537	557
537	347
537	517
537	3
537	1134
537	381
537	399
537	514
537	971
537	171
537	723
537	782
537	426
537	97
537	682
537	588
537	472
537	306
537	190
537	196
537	549
537	447
537	648
537	101
537	87
537	79
537	284
537	1113
537	385
537	281
537	22
537	276
537	61
537	72
537	730
537	772
537	224
537	655
537	443
537	14
537	313
537	349
537	191
537	708
537	1005
537	28
537	721
537	226
537	357
537	419
537	64
537	435
537	457
537	539
537	275
537	467
537	96
537	23
537	625
537	718
537	924
537	321
537	484
537	99
537	480
537	713
537	345
537	1245
537	1068
537	315
537	186
537	231
537	494
537	518
537	504
537	463
537	303
537	688
537	1404
537	198
537	434
537	499
537	184
537	340
537	279
537	529
537	1008
537	433
537	919
537	216
537	427
537	875
537	32
537	511
537	421
537	942
537	215
537	937
537	615
537	1105
537	301
537	346
537	510
537	1420
537	1267
537	990
537	855
537	958
537	483
537	466
537	292
537	653
537	966
537	402
537	789
537	132
537	333
537	194
537	188
537	610
537	1070
537	314
537	58
537	496
537	133
537	970
537	638
537	262
537	405
537	527
537	1019
537	724
537	525
537	459
537	1194
537	922
537	39
537	964
537	470
537	425
537	273
537	1048
537	950
537	460
537	60
537	197
537	177
537	291
537	311
537	414
537	709
537	268
537	727
537	690
537	76
537	4
537	129
537	678
537	137
537	497
537	371
537	81
537	102
537	1084
537	901
537	111
537	109
537	53
537	778
537	172
537	684
651	301
651	515
651	286
651	327
651	332
651	322
651	276
651	285
651	116
651	309
651	294
651	690
651	683
651	268
651	269
651	292
651	995
21	948
21	294
21	974
21	619
21	994
21	281
21	322
21	687
21	379
21	688
21	670
21	858
21	696
21	98
21	148
21	299
21	551
21	444
21	436
21	473
21	875
21	876
21	628
21	323
21	748
21	820
21	717
21	443
21	671
21	975
21	742
21	358
21	438
21	106
21	816
21	563
21	668
21	656
21	983
21	565
21	218
21	596
21	56
21	995
21	413
21	547
21	298
21	1
21	264
21	222
21	992
21	635
21	987
21	981
21	53
21	319
21	559
21	330
21	558
21	9
21	986
21	327
21	320
21	301
21	219
21	564
21	406
21	121
21	100
21	573
21	292
21	767
21	993
21	259
21	590
21	17
21	7
21	260
21	706
21	103
21	925
21	448
21	321
21	396
21	678
21	675
21	989
21	977
21	370
21	680
21	984
21	201
21	441
21	760
21	437
21	674
21	931
21	978
21	878
21	263
21	769
21	980
21	669
21	286
21	289
21	672
21	591
21	300
21	326
21	439
21	295
21	569
21	561
21	665
21	872
21	15
21	242
21	445
21	988
21	185
21	834
21	859
21	324
21	452
21	291
21	50
21	860
21	200
21	234
21	123
21	258
21	164
21	273
21	817
21	262
21	839
21	979
21	217
21	976
21	261
21	990
21	245
21	982
21	844
21	127
332	763
332	276
332	471
332	264
332	257
332	406
332	552
332	824
332	411
332	235
332	451
332	118
332	5
332	562
332	225
332	1244
332	273
332	70
332	367
332	232
332	127
332	452
332	95
332	866
332	895
332	233
332	123
332	291
332	122
332	628
332	651
332	370
332	64
332	1157
332	770
332	229
332	245
332	204
332	746
332	685
332	1047
332	840
332	983
332	98
332	1315
332	12
332	323
332	449
332	249
332	693
332	302
332	748
332	182
332	322
332	682
332	978
332	295
332	472
332	230
332	385
332	54
332	234
332	597
332	356
332	841
332	218
332	1013
332	258
332	931
332	619
332	328
332	655
332	333
332	288
332	678
332	879
332	568
332	8
332	73
332	228
332	684
332	79
332	172
332	756
332	307
332	89
332	982
332	554
332	550
332	470
332	456
332	742
332	566
332	96
332	121
332	660
332	148
332	77
332	1188
332	195
332	1011
332	106
332	1150
332	974
332	82
332	210
332	928
332	354
332	181
332	975
332	271
332	147
332	240
332	845
332	174
332	546
332	595
332	298
332	56
332	1090
332	7
332	1016
332	871
332	984
332	284
332	44
332	827
332	237
332	1042
332	769
332	300
332	327
332	405
332	9
332	41
332	53
332	728
332	717
332	1210
332	450
332	105
332	673
332	97
332	820
332	350
332	125
332	120
894	883
894	462
894	595
894	198
894	212
894	26
894	1153
894	591
894	1038
894	1073
894	116
894	147
894	698
894	960
894	248
894	316
894	855
894	223
894	252
894	628
894	166
894	888
894	344
894	285
894	165
894	1226
894	1115
894	702
894	275
894	124
894	1080
894	170
894	936
894	339
894	311
894	1251
894	50
894	293
894	280
894	246
894	690
894	100
894	744
894	284
894	289
894	535
894	52
894	902
894	689
894	245
894	582
894	109
894	12
894	45
894	508
894	236
894	32
894	691
894	107
894	93
894	511
894	19
894	113
894	324
894	258
894	7
894	1
894	971
894	845
894	283
894	83
894	315
894	134
894	137
894	313
894	125
894	312
894	754
894	250
894	237
894	718
894	295
894	752
894	270
894	1404
894	190
894	277
894	323
894	269
894	330
894	935
894	221
894	318
894	923
894	257
894	736
894	509
894	334
894	345
894	121
894	740
894	326
894	1501
894	297
894	1313
894	558
894	919
894	512
894	16
894	57
894	148
894	1295
894	292
894	61
894	264
894	333
894	471
894	268
894	340
894	638
894	279
894	129
894	9
894	60
894	900
894	276
894	262
894	331
894	347
894	887
894	1010
894	1255
894	299
894	1007
894	249
894	13
894	978
894	922
894	286
894	213
894	111
894	1005
894	534
894	1281
894	355
894	288
894	885
894	1142
894	847
894	256
894	639
894	1048
894	328
894	515
894	903
894	25
894	171
894	531
894	346
894	979
894	30
894	20
894	863
894	676
894	933
894	904
894	255
894	405
894	306
894	298
894	287
894	536
894	272
894	937
894	319
894	70
894	463
894	59
894	1462
894	242
894	307
894	961
894	818
894	879
894	1560
894	179
894	1089
894	117
894	126
894	472
894	14
894	1009
894	310
894	86
894	1150
894	905
894	909
843	211
843	234
843	674
843	151
843	56
843	435
843	672
843	226
843	501
843	228
843	7
843	170
843	91
843	1118
843	168
843	141
843	551
843	627
843	99
843	225
843	270
843	145
843	219
843	420
843	159
843	473
843	252
843	62
843	1135
843	550
843	800
843	50
843	380
843	465
843	229
843	97
843	657
843	133
843	667
843	632
843	615
843	96
843	194
843	186
843	561
843	222
843	188
843	423
843	419
843	526
843	185
843	52
843	210
843	578
843	485
843	357
843	566
843	1411
843	132
843	176
843	443
843	83
843	82
843	79
843	1480
843	569
843	144
843	53
843	102
843	675
843	71
843	596
843	227
843	655
843	671
843	250
843	25
843	152
843	199
843	440
843	288
843	206
843	142
843	590
843	238
843	637
843	204
843	265
843	195
843	635
843	162
843	708
843	959
843	191
843	143
843	177
843	582
843	504
843	625
843	447
843	431
843	175
843	298
843	498
843	193
843	1039
843	432
843	521
843	661
843	208
843	173
843	603
843	1065
843	413
843	164
843	239
843	258
843	28
843	636
843	209
843	182
843	528
843	217
843	651
843	180
843	429
843	215
843	214
843	446
843	392
843	77
843	205
843	300
843	379
843	628
843	179
843	495
843	157
843	21
843	588
843	474
843	158
843	660
843	393
843	515
843	121
843	633
843	427
843	616
843	385
843	416
843	679
843	434
843	135
843	650
843	452
843	181
843	530
843	174
843	450
843	1
843	271
843	69
843	183
497	185
497	77
497	808
497	183
497	325
497	588
497	1
497	153
497	403
497	627
497	433
497	248
497	431
497	603
497	167
497	792
497	553
497	29
497	810
497	100
497	364
497	89
497	208
497	225
497	96
497	568
497	394
497	590
497	402
497	187
497	363
497	252
497	98
497	450
497	204
497	128
497	1415
497	739
497	80
497	412
497	452
497	1407
497	141
497	168
497	1046
497	54
497	1615
497	385
497	3
497	440
497	720
497	240
497	432
497	395
497	121
497	780
497	1228
497	67
497	298
497	566
497	232
497	584
497	1092
497	188
497	273
497	388
497	413
497	152
497	549
497	12
497	373
497	758
497	195
497	386
497	118
497	216
497	22
497	87
497	472
497	174
497	164
497	416
497	11
497	508
497	725
497	258
497	797
497	391
497	55
497	242
497	679
497	202
497	765
497	651
497	408
497	210
497	716
497	122
497	25
497	127
497	249
497	177
497	552
497	56
497	1077
497	625
497	161
497	91
497	951
497	741
497	70
497	944
497	155
497	226
497	774
497	31
497	182
497	172
497	97
497	38
497	229
497	629
497	94
497	1052
497	946
497	722
497	465
497	783
497	449
497	105
497	237
497	145
497	943
497	68
497	1419
497	189
497	291
497	288
497	684
497	655
497	418
497	230
497	1000
497	731
497	234
497	1303
497	451
497	239
497	28
497	781
497	108
497	231
497	53
497	90
497	175
497	367
497	802
497	184
497	540
497	7
497	63
497	163
497	268
497	227
497	95
497	622
497	455
497	559
497	181
497	926
497	1210
497	144
497	743
497	405
497	1555
497	940
497	763
497	692
497	83
497	197
497	724
497	66
497	257
497	111
497	33
497	423
497	771
497	795
497	652
497	746
497	381
497	1177
497	265
497	73
497	49
497	39
497	562
497	1041
497	475
497	545
497	50
497	384
497	382
497	156
497	42
497	228
497	2
497	79
497	809
497	642
497	4
497	72
497	24
497	13
497	407
497	393
497	82
497	569
497	1047
497	417
497	864
497	570
497	176
497	217
497	578
852	290
852	100
852	926
852	515
852	117
852	568
852	121
852	408
852	506
852	546
852	50
852	826
852	274
852	681
852	118
852	122
852	678
852	25
852	289
852	827
852	358
852	257
852	820
852	127
852	259
852	841
852	473
852	7
852	472
852	181
852	1052
852	109
852	685
852	1
852	250
852	323
852	405
852	151
852	1615
852	969
852	252
89	121
89	213
89	716
89	235
89	221
89	762
89	107
89	13
89	49
89	197
89	127
89	815
89	736
89	25
89	1074
89	93
89	222
89	216
89	86
89	83
89	212
89	151
89	845
89	402
89	381
89	739
89	1048
89	246
89	14
89	88
89	451
89	202
89	275
89	137
89	173
89	1119
89	277
89	707
89	50
89	813
89	517
89	66
89	150
89	240
89	875
89	7
89	731
89	949
89	694
89	321
89	117
89	724
89	268
89	269
89	236
89	187
89	181
89	15
89	257
89	237
89	301
89	405
380	86
380	177
380	211
380	1065
380	121
380	98
380	194
380	474
380	286
380	176
380	729
380	69
380	161
380	663
380	651
380	587
380	182
380	100
380	923
380	1404
380	425
380	222
380	670
380	435
380	109
380	631
380	708
380	132
380	518
380	549
380	181
380	654
380	31
380	357
380	856
380	419
380	736
380	190
380	506
380	170
380	234
380	215
380	614
380	770
380	340
380	95
380	135
380	665
380	515
380	664
380	208
380	414
380	480
380	154
380	462
380	139
380	28
380	22
380	416
380	272
380	318
380	709
380	81
380	1045
380	179
380	443
380	1039
380	168
380	213
380	573
380	751
380	61
380	570
380	845
380	60
380	712
380	196
380	151
380	1
380	630
380	1444
380	959
380	483
380	554
380	9
380	753
380	300
380	134
380	12
380	750
380	561
380	423
380	529
380	265
380	64
380	118
380	302
380	512
380	427
380	71
380	629
380	382
380	732
380	50
380	530
380	58
380	652
380	197
380	433
380	163
380	498
380	62
380	238
380	514
380	306
380	185
380	502
380	313
380	270
380	174
380	38
380	59
380	463
380	582
380	496
380	199
380	172
380	315
380	956
380	744
763	625
763	879
763	280
763	510
763	212
763	234
763	56
763	151
763	737
763	1039
763	732
763	125
763	11
763	819
763	629
763	97
763	176
763	60
763	464
763	1006
763	283
763	658
763	230
763	85
763	237
763	941
763	466
763	955
763	16
763	703
763	961
763	144
763	100
763	213
763	627
763	171
763	527
763	137
763	461
763	47
763	702
763	375
763	275
763	609
763	88
763	367
763	111
763	317
763	498
763	13
763	87
763	1065
763	418
763	238
763	191
763	12
763	210
763	28
763	483
763	143
763	194
763	79
763	462
763	4
763	55
763	157
763	258
763	50
763	132
763	692
763	742
763	174
763	432
763	286
763	607
763	59
763	5
763	127
763	1098
763	209
763	507
763	164
763	382
763	392
763	845
763	738
763	475
763	25
763	509
763	1
763	515
763	198
763	200
763	83
763	1180
763	588
763	469
763	96
763	22
763	173
763	224
763	730
763	518
763	190
763	98
854	512
854	696
854	322
854	522
854	93
854	855
854	619
854	928
854	1
854	652
854	150
854	258
854	979
854	135
854	15
854	487
854	100
854	479
854	1283
854	507
854	488
854	945
854	1284
854	1226
854	591
854	238
854	664
854	270
854	287
854	151
854	286
854	176
854	472
854	246
854	535
854	1134
854	492
854	1086
854	603
854	840
854	222
854	127
854	223
854	122
854	466
854	185
854	799
854	357
854	811
854	826
854	1011
854	106
854	9
854	461
854	511
854	604
854	132
854	509
854	220
854	431
854	1014
854	291
854	79
854	83
854	8
854	343
854	111
854	925
854	469
854	358
854	7
854	382
854	1047
854	195
854	42
854	282
854	3
854	32
854	126
854	321
854	235
854	275
854	484
854	924
854	1197
854	297
854	409
854	815
854	168
854	757
854	19
854	58
854	318
854	237
854	273
854	264
854	483
854	302
854	620
854	709
854	200
854	537
854	25
854	498
854	271
854	823
854	846
854	129
854	188
854	117
854	121
854	505
854	528
854	632
854	705
854	744
854	606
854	98
854	255
854	12
854	268
854	281
854	23
854	514
854	269
854	455
854	14
854	1077
854	186
854	257
854	508
854	290
854	89
854	22
854	133
854	333
854	597
854	156
854	922
854	124
854	405
854	260
854	69
854	174
854	458
854	4
854	735
854	175
854	13
854	482
854	475
854	274
854	1677
854	249
854	225
854	713
854	144
854	616
854	829
854	203
854	499
854	96
854	55
854	134
854	423
854	288
854	756
854	197
854	118
854	216
854	421
854	1016
854	493
854	825
854	1013
11	9
11	90
11	752
11	12
11	259
11	401
11	719
11	370
11	745
11	654
11	52
11	663
11	291
11	699
11	573
11	738
11	258
11	357
11	69
11	580
11	8
11	241
11	24
11	733
11	107
11	603
11	561
11	237
11	727
11	739
11	196
11	175
11	746
11	729
11	431
11	402
11	47
11	203
11	86
11	15
11	405
11	318
11	597
11	213
11	748
11	717
11	40
11	747
11	173
11	268
11	718
11	731
11	11
11	100
11	176
11	577
11	740
11	350
11	98
11	372
11	734
11	367
11	180
11	742
11	433
11	382
11	215
11	434
11	29
11	239
11	659
11	646
11	277
11	527
11	710
11	57
11	690
11	38
11	749
11	744
11	508
11	300
11	191
11	290
11	135
11	544
11	168
11	660
11	83
11	726
11	22
11	707
11	121
11	383
11	39
11	356
11	190
11	732
11	713
11	425
11	111
11	185
11	721
11	735
11	204
11	549
11	558
11	393
11	724
11	652
11	51
11	317
11	429
11	229
11	227
11	58
11	222
11	324
11	301
11	751
11	28
11	208
11	70
11	312
11	88
11	428
11	395
11	449
11	423
11	714
11	521
11	435
11	332
11	56
11	211
11	722
11	42
11	715
11	728
11	109
11	662
11	736
11	194
11	455
11	451
937	286
937	874
937	294
937	275
937	268
937	93
937	408
937	19
937	508
937	237
937	126
937	100
937	258
937	50
937	283
937	988
937	293
937	864
937	124
937	304
937	137
937	300
937	301
937	242
937	847
937	222
937	225
937	224
937	9
937	285
937	14
937	297
892	215
892	739
892	760
892	100
892	67
892	479
892	182
892	131
892	73
892	117
892	500
892	70
892	378
892	449
892	239
892	708
892	192
892	648
892	1035
892	636
892	588
892	705
892	276
892	265
892	1224
892	172
892	385
892	5
892	87
892	97
892	447
892	99
892	202
892	515
892	208
892	684
892	425
892	419
892	187
892	1091
892	568
892	542
892	58
892	210
892	441
892	612
892	969
892	526
892	521
892	49
892	436
892	88
892	229
892	482
892	176
892	203
892	1118
892	222
892	28
892	380
892	465
892	422
892	613
892	729
892	768
892	837
892	25
892	826
892	401
892	191
892	625
892	79
892	578
892	1124
892	125
892	481
892	566
892	134
892	845
892	849
892	615
892	227
892	180
892	1454
892	1078
892	495
892	951
892	237
892	188
892	157
892	143
892	523
892	76
892	288
892	121
892	732
892	429
892	228
892	501
892	195
892	110
892	417
892	403
892	511
892	56
892	31
892	12
892	7
892	484
892	604
892	781
892	273
892	15
892	431
892	582
892	132
892	22
892	204
892	177
892	226
892	1285
892	663
892	432
892	71
892	214
892	659
892	151
892	516
892	196
892	168
892	274
892	29
892	473
892	194
892	1219
892	1444
892	679
892	483
892	54
892	82
892	671
892	98
892	1269
892	95
892	155
892	480
892	159
892	633
892	318
892	102
892	133
892	175
892	68
892	661
892	478
892	173
892	64
892	405
892	470
892	570
892	27
892	472
892	497
892	525
892	150
892	596
892	420
892	477
892	118
892	230
892	238
892	641
892	183
892	367
892	69
892	321
892	233
892	357
892	2
892	174
892	825
892	430
456	4
456	1057
456	1604
456	99
456	86
456	919
456	3
456	672
456	979
456	1059
456	91
456	480
456	1009
456	42
456	150
456	1
456	578
456	568
456	185
456	197
456	580
456	427
456	402
456	57
456	92
456	1008
456	955
456	294
456	135
456	289
456	94
456	265
456	170
456	168
456	228
456	708
456	395
456	217
456	546
456	161
456	443
456	232
456	1421
456	50
456	13
456	608
456	180
456	380
456	32
456	1551
456	1267
456	818
456	1218
456	739
456	222
456	943
456	523
456	12
456	662
456	186
456	1547
456	9
456	410
456	1198
456	1129
456	100
456	479
456	655
456	710
456	419
456	1107
456	216
456	581
456	181
456	191
456	204
456	483
456	693
456	673
456	231
456	226
456	922
456	325
456	1240
456	1010
456	414
456	789
456	177
456	447
456	211
456	69
456	179
456	845
456	23
456	952
456	97
456	187
456	559
456	508
456	1168
456	588
456	208
456	68
456	485
456	210
456	462
456	1478
456	720
456	603
456	490
456	1328
456	933
456	423
456	234
456	22
456	959
456	109
456	218
456	696
456	268
456	274
456	80
456	129
456	772
456	101
456	182
456	125
456	547
456	484
456	660
456	1081
456	405
456	258
456	175
456	133
456	367
456	448
456	1248
456	127
456	806
456	346
456	59
456	505
456	506
456	985
456	658
456	461
456	498
456	98
456	79
456	33
456	143
456	121
456	550
456	1017
456	763
456	824
456	286
456	1101
456	431
456	1324
456	544
456	357
456	474
456	238
456	54
456	1222
456	864
456	421
456	196
456	366
456	747
456	963
456	737
456	369
198	1244
198	56
198	127
198	222
198	923
198	172
198	823
198	201
198	228
198	70
198	511
198	518
198	249
198	195
198	1142
198	24
198	148
198	33
198	1169
198	636
198	549
198	385
198	131
198	323
198	690
198	31
198	265
198	132
198	204
198	276
198	58
198	673
198	411
198	693
198	382
198	1094
198	447
198	191
198	475
198	820
198	509
198	143
198	343
198	979
198	135
198	959
198	108
198	215
198	581
198	71
198	97
198	151
198	182
198	69
198	164
198	23
198	871
198	559
198	498
198	682
198	629
198	185
198	101
198	692
198	241
198	153
198	214
198	95
198	431
198	7
198	824
198	217
198	51
198	176
198	98
198	181
198	216
198	15
198	156
198	237
198	73
198	410
198	174
198	208
198	248
198	93
198	531
198	238
198	480
198	684
198	81
198	89
198	568
198	631
198	11
198	258
198	196
198	300
198	654
198	369
198	65
198	188
198	64
198	746
198	298
198	203
198	50
198	184
198	367
198	210
198	6
198	727
198	128
198	318
198	381
198	291
198	179
198	423
198	405
198	100
198	501
198	660
198	25
198	280
198	428
198	433
198	197
198	193
198	229
198	183
198	122
198	198
198	1117
198	180
198	218
198	4
198	79
198	118
198	652
198	640
198	154
198	403
198	1
198	763
198	707
314	418
314	25
314	138
314	496
314	122
314	597
314	787
314	1048
314	8
314	54
314	781
314	1503
314	710
314	106
314	508
314	155
314	126
314	942
314	476
314	1012
314	56
314	1136
314	873
314	1032
314	699
314	756
314	322
314	540
314	7
314	379
314	1028
314	1016
314	147
314	405
314	794
314	70
314	377
314	795
314	735
314	11
314	393
314	24
314	71
314	378
314	216
314	1089
314	692
314	73
314	1291
314	780
314	69
314	90
314	99
314	1063
314	1225
314	1095
314	1218
314	827
314	66
314	1518
314	196
314	218
314	1297
314	111
314	1289
314	1253
314	12
314	64
314	932
314	1057
314	783
314	406
314	94
314	67
314	318
314	685
314	775
314	1054
314	255
314	948
314	812
314	815
314	1085
314	1139
314	938
314	801
314	246
314	215
314	796
314	120
314	117
314	173
314	765
314	620
314	419
314	433
314	946
314	143
314	282
314	95
314	284
314	158
314	949
314	1220
314	1471
314	743
314	68
314	328
314	542
314	1217
314	144
314	15
314	150
314	410
314	411
314	88
314	628
314	132
314	327
314	5
314	125
314	1029
314	38
314	1165
314	93
314	220
314	204
314	768
314	65
314	1267
314	332
314	833
314	417
314	367
314	731
314	535
314	1520
314	722
314	468
314	151
314	721
314	959
314	28
314	997
314	747
314	591
314	161
314	9
314	742
314	470
314	655
314	401
314	22
314	1094
314	1221
314	568
314	623
314	993
314	808
314	1150
314	257
314	739
314	682
314	866
314	763
314	764
314	274
314	1210
314	627
314	1145
314	365
314	1074
314	1473
314	929
314	806
314	276
314	42
314	1178
314	846
314	105
314	595
314	399
314	1053
314	278
314	1517
314	717
314	819
314	237
314	395
314	1276
314	924
314	1469
314	409
314	1311
314	785
314	1047
314	1519
444	100
444	515
444	906
444	9
444	251
444	751
444	748
444	300
444	916
444	1483
444	271
444	306
444	286
444	269
444	313
444	258
444	912
444	307
444	272
444	50
454	402
454	1299
454	15
454	70
454	612
454	509
454	323
454	742
454	107
454	260
454	627
454	169
454	82
454	588
454	392
454	234
454	1063
454	660
454	530
454	277
454	694
454	527
454	272
454	879
454	686
454	182
454	317
454	1269
454	483
454	173
454	238
454	1107
454	419
454	252
454	270
454	98
454	497
454	746
454	55
454	465
454	610
454	519
454	659
454	526
454	1203
454	77
454	736
454	661
454	58
454	131
454	1003
454	493
454	751
454	133
454	279
454	286
454	956
454	486
454	132
454	114
454	603
454	76
454	12
454	28
454	566
454	423
454	649
454	195
454	326
454	87
454	140
454	289
454	961
454	1
454	654
454	692
454	66
454	968
454	1454
454	511
454	86
454	172
454	79
454	316
454	490
454	245
454	136
454	222
454	22
454	589
454	724
454	607
454	748
454	632
454	945
454	520
454	1126
454	11
454	196
454	531
454	604
454	611
454	96
454	873
454	498
454	194
454	117
454	197
454	837
454	210
454	322
454	153
454	143
454	248
454	479
454	88
454	191
454	1035
454	258
454	161
454	404
454	204
454	124
454	633
454	203
454	471
454	1089
454	357
454	492
454	487
454	121
454	685
454	51
454	250
454	318
454	507
454	237
454	387
454	657
454	385
454	356
454	614
454	97
454	313
454	185
454	842
454	468
454	228
454	367
454	144
454	939
454	64
454	174
454	496
454	89
454	485
454	463
454	1190
454	293
454	480
454	504
454	118
454	472
454	687
454	71
454	605
454	56
454	48
454	327
454	988
454	418
454	81
454	211
454	315
454	134
454	431
454	427
454	310
454	642
454	732
454	434
454	631
454	8
454	602
454	451
454	474
454	69
454	606
454	302
454	259
427	990
427	881
427	328
427	303
427	688
427	289
427	359
427	989
427	286
427	331
427	681
427	1296
427	302
427	263
427	938
427	874
427	334
427	304
427	682
427	268
427	258
427	1265
427	937
427	300
427	341
236	275
236	1328
236	15
236	127
236	194
236	216
236	523
236	58
236	934
236	274
236	286
236	686
236	443
236	273
236	117
236	9
236	172
236	133
236	546
236	591
236	729
236	135
236	435
236	864
236	294
236	521
236	595
236	411
236	132
236	506
236	333
236	298
236	673
236	28
236	185
236	632
236	179
236	195
236	1039
236	289
236	504
236	207
236	510
236	483
236	705
236	1401
236	432
236	526
236	170
236	661
236	496
236	143
236	255
236	100
236	79
236	64
236	196
236	1013
236	692
236	520
236	614
236	111
236	204
236	462
236	318
236	429
236	199
236	237
236	57
236	183
236	66
236	655
236	225
236	505
236	134
236	174
236	187
236	507
236	696
236	313
236	750
236	659
236	423
236	549
236	419
236	88
236	282
236	98
236	97
236	478
236	735
236	71
236	307
236	211
236	200
236	685
236	222
236	420
236	181
236	304
64	10
64	56
64	235
64	81
64	17
64	847
64	89
64	326
64	127
64	436
64	271
64	156
64	125
64	222
64	435
64	275
64	196
64	11
64	31
64	515
64	662
64	1140
64	384
64	475
64	652
64	100
64	679
64	603
64	62
64	227
64	705
64	1065
64	212
64	188
64	969
64	520
64	311
64	79
64	633
64	451
64	591
64	98
64	636
64	202
64	211
64	625
64	9
64	203
64	768
64	389
64	182
64	162
64	403
64	288
64	172
64	566
64	300
64	174
64	238
64	511
64	509
64	12
64	356
64	95
64	751
64	160
64	559
64	310
64	778
64	230
64	265
64	194
64	153
64	433
64	121
64	405
64	333
64	239
64	97
64	111
64	186
64	431
64	463
64	161
64	651
64	340
64	650
64	141
64	531
64	1141
64	93
64	151
64	392
64	423
64	898
64	69
64	135
64	381
64	367
64	214
64	52
64	655
64	72
64	879
64	83
64	96
64	179
64	568
64	582
64	258
64	199
64	419
64	101
64	718
64	190
64	746
64	273
64	195
64	191
64	732
64	181
64	82
64	241
64	32
64	8
64	748
64	527
64	154
64	284
64	7
64	71
64	347
64	429
64	569
64	1
64	215
64	539
64	70
64	476
64	313
64	185
64	176
64	434
64	1133
64	173
64	184
64	187
64	22
64	385
64	1139
64	210
64	50
64	516
64	736
64	496
64	183
64	218
64	1063
64	209
64	447
432	274
432	1012
432	294
432	109
432	7
432	410
432	405
432	257
432	100
432	249
432	118
432	255
432	845
432	284
432	288
432	628
432	250
432	844
432	111
432	315
432	871
432	1049
432	24
432	411
432	763
432	678
432	222
432	150
432	181
432	742
432	117
432	815
432	295
432	248
432	121
432	237
432	258
432	293
432	1047
432	298
432	108
432	827
432	3
432	15
432	475
432	471
432	50
432	620
432	282
432	300
749	176
749	294
749	167
749	578
749	969
749	293
749	1088
749	398
749	391
749	1089
749	88
749	9
749	621
749	470
749	22
749	826
749	2
749	49
749	685
749	661
749	663
749	686
749	322
749	172
749	1013
749	465
749	174
749	191
749	153
749	161
749	755
749	635
749	435
749	183
749	746
749	148
749	157
749	1228
749	99
749	431
749	812
749	118
749	71
749	823
749	780
749	64
749	833
749	808
749	541
749	86
749	549
749	188
749	399
749	208
749	443
749	404
749	650
749	365
749	584
749	1274
749	483
749	121
749	195
749	231
749	498
749	1440
749	472
749	595
749	568
749	385
749	1615
749	977
749	132
749	622
749	135
749	66
749	298
749	414
749	586
749	429
749	430
749	23
749	168
749	245
749	944
749	393
749	141
749	879
749	637
749	73
749	300
749	181
749	603
749	678
749	136
749	357
749	47
749	271
749	151
749	202
749	273
749	566
749	356
749	1051
749	216
749	226
749	184
749	125
749	94
749	140
749	173
749	1136
749	434
749	510
749	233
749	11
749	180
749	496
749	211
749	209
749	203
749	79
749	292
749	731
749	968
749	155
749	821
749	186
749	100
749	418
749	280
749	144
749	56
749	1034
749	732
749	240
749	930
749	214
749	448
749	1244
749	238
749	433
749	866
749	187
749	380
749	127
749	95
749	1047
749	87
749	633
749	655
749	841
749	389
749	975
749	402
749	67
749	1028
749	145
749	406
749	210
749	205
749	227
749	748
749	85
749	133
749	48
749	809
749	31
749	659
749	423
749	986
749	139
749	142
749	143
749	254
749	763
749	984
749	420
749	250
749	328
749	291
749	223
749	401
749	1188
749	845
749	82
749	199
749	160
749	941
749	1337
749	550
749	200
749	1041
749	215
749	24
749	468
749	740
749	523
749	1023
749	62
749	257
749	742
749	80
749	196
749	478
749	358
749	501
749	101
749	403
749	326
749	175
749	258
749	729
749	154
749	444
749	179
749	843
749	105
749	951
749	571
749	554
749	159
749	1185
749	449
749	117
749	232
749	72
749	477
749	405
749	178
749	25
749	197
749	4
749	428
749	229
749	38
749	485
749	658
749	616
749	89
749	736
749	1016
749	521
749	98
749	284
244	161
244	739
244	953
244	291
244	1047
244	369
244	95
244	180
244	428
244	181
244	65
244	258
244	393
244	100
244	64
244	566
244	238
244	89
244	1074
244	109
244	208
244	183
244	1109
244	20
244	707
244	738
244	1136
244	1045
244	866
244	290
244	367
244	317
244	468
244	710
244	1041
244	67
244	772
244	42
244	762
244	475
244	237
244	171
244	70
244	222
244	735
244	215
244	955
244	886
244	174
244	196
244	708
244	697
244	246
244	82
244	200
244	673
244	946
244	411
244	926
244	310
244	249
244	51
244	959
244	780
244	559
244	380
244	214
244	164
244	135
244	268
244	818
244	154
244	527
244	92
244	676
244	294
244	232
244	173
244	1225
244	278
244	255
244	235
244	72
244	156
244	265
244	54
244	167
244	188
244	101
244	508
244	122
244	126
244	383
244	121
244	756
244	763
244	1188
244	68
244	554
244	155
244	204
244	1079
244	153
244	1132
244	209
244	118
244	433
244	1053
244	1150
244	97
244	86
244	71
244	924
244	1209
244	764
244	357
244	66
244	193
244	88
244	287
244	652
244	40
244	26
244	660
244	62
244	1028
244	117
244	1098
244	58
244	179
244	410
244	1054
244	301
244	56
244	553
244	732
244	9
244	723
244	712
244	144
244	226
244	157
244	1178
244	716
244	401
244	169
244	50
244	240
244	1118
244	1107
244	31
244	1017
244	451
244	509
244	32
244	276
244	281
244	114
244	1012
244	949
244	662
244	77
244	581
244	724
244	471
244	550
244	234
244	856
244	90
244	162
244	456
244	80
244	537
244	145
244	655
244	318
244	409
244	721
244	458
244	151
244	1168
244	148
244	685
244	1428
244	833
244	744
244	1
244	871
244	651
244	22
244	1467
244	754
819	300
819	248
819	182
819	533
819	302
819	319
819	70
819	862
819	345
819	246
819	303
819	315
819	321
819	1160
819	346
819	255
819	268
819	381
819	340
819	245
819	147
819	1537
819	286
819	177
199	313
199	948
199	475
199	93
199	7
199	9
199	322
199	276
199	892
199	111
199	751
199	408
199	1354
199	678
199	116
199	258
199	1
199	988
199	539
199	405
199	221
199	508
199	687
199	813
199	989
199	259
199	269
199	242
199	323
199	324
199	100
199	286
6	259
6	469
6	28
6	9
6	496
6	193
6	480
6	318
6	531
6	71
6	498
6	512
6	187
6	463
6	13
6	497
6	59
6	95
6	177
6	257
6	534
6	81
6	238
6	275
6	272
6	462
6	518
6	237
6	492
6	153
6	135
6	465
6	186
6	460
6	199
6	464
6	523
6	170
6	188
6	7
6	514
6	100
6	197
6	506
6	491
6	529
6	242
6	32
6	526
6	482
6	127
6	203
6	261
6	294
6	528
6	298
6	419
6	468
6	87
6	478
6	484
6	485
6	136
6	168
6	530
6	466
6	524
6	504
6	192
6	213
6	98
6	486
6	425
6	507
6	22
6	21
6	310
6	520
6	490
6	56
6	284
6	178
6	117
6	495
6	191
6	223
6	479
6	511
6	321
6	306
6	367
6	458
6	175
6	269
6	405
6	286
6	274
6	79
6	276
6	473
6	200
6	532
6	124
6	536
6	535
6	474
6	476
6	293
6	132
6	183
6	301
6	317
6	477
6	70
6	12
6	137
6	182
6	166
6	143
6	154
6	487
6	174
6	493
6	467
6	258
6	432
6	221
6	471
6	165
6	435
6	525
6	539
6	19
6	50
6	89
6	508
6	202
6	268
6	173
6	410
6	297
6	189
6	513
6	517
6	194
6	475
6	357
6	510
6	134
6	211
6	151
6	340
6	499
6	501
6	285
6	302
6	533
6	503
6	64
6	470
6	516
6	537
6	515
6	519
6	427
6	169
6	308
6	494
6	156
423	307
423	347
423	286
423	323
423	316
423	340
423	15
423	751
423	148
423	748
423	326
423	313
423	1011
423	125
423	628
423	924
423	9
423	508
423	127
423	898
423	269
423	315
423	258
423	292
423	750
423	348
423	272
423	977
423	887
423	1265
423	591
423	754
423	879
423	327
423	620
423	678
423	355
423	293
423	237
423	300
423	1134
423	328
423	276
423	10
423	744
423	299
423	333
423	339
423	546
423	310
423	100
423	329
87	477
87	648
87	657
87	396
87	49
87	801
87	1182
87	90
87	211
87	300
87	570
87	410
87	628
87	38
87	128
87	1185
87	195
87	144
87	201
87	765
87	472
87	405
87	230
87	732
87	1187
87	134
87	127
87	568
87	64
87	577
87	575
87	50
87	163
87	318
87	192
87	157
87	39
87	996
87	180
87	232
87	519
87	783
87	118
87	808
87	705
87	790
87	1079
87	521
87	1183
87	303
87	27
87	1072
87	598
87	199
87	414
87	209
87	433
87	274
87	566
87	158
87	679
87	1186
87	523
87	239
87	153
87	1188
87	451
87	401
87	403
87	48
87	88
87	132
87	1190
87	235
87	1047
87	1184
87	186
87	789
87	515
87	514
87	208
87	550
87	372
87	1180
87	70
87	386
87	423
87	866
87	781
87	1089
87	152
87	554
87	204
87	182
87	55
87	796
87	1118
87	161
87	231
87	174
87	535
87	427
87	154
87	68
87	281
87	802
87	709
87	233
87	120
87	183
87	202
87	72
87	871
87	1028
87	47
87	1181
87	367
87	502
87	40
87	89
87	435
87	810
87	238
87	67
87	1179
87	25
87	578
87	73
87	476
87	651
87	780
87	382
87	824
87	2
87	7
87	4
87	228
87	111
87	87
87	179
87	393
87	94
87	21
87	188
87	845
87	167
87	13
87	496
87	1074
87	66
87	8
87	576
87	97
87	194
87	1189
87	79
87	62
87	384
87	33
87	585
87	321
87	722
87	1178
87	449
87	63
87	210
87	715
87	216
87	684
328	448
328	679
328	77
328	85
328	569
328	71
328	58
328	693
328	322
328	447
328	286
328	523
328	601
328	200
328	623
328	133
328	715
328	237
328	73
328	579
328	204
328	546
328	751
328	357
328	51
328	903
328	234
328	183
328	203
328	164
328	798
328	318
328	326
328	299
328	186
328	1136
328	260
328	559
328	696
328	729
328	117
328	561
328	8
328	589
328	554
328	708
328	646
328	333
328	939
328	684
328	29
328	586
328	916
328	215
328	82
328	167
328	915
328	89
328	1518
328	46
328	350
328	570
328	100
328	317
328	662
328	699
328	38
328	520
328	752
328	470
328	315
328	504
328	241
328	556
328	96
328	443
328	11
328	1263
328	275
328	76
328	343
328	405
328	198
328	614
328	402
328	4
328	1313
328	591
328	427
328	216
328	1478
328	54
328	223
328	606
328	328
328	511
328	195
328	347
328	153
328	230
328	566
328	232
328	435
328	162
328	1483
328	651
328	371
328	31
328	628
328	121
328	172
328	636
328	144
328	316
328	10
328	531
328	1135
328	1217
328	180
328	720
328	550
328	211
328	1248
328	289
328	736
328	9
328	235
328	222
328	620
328	823
328	231
328	161
328	228
328	281
328	911
328	265
328	595
328	192
328	627
328	1042
328	370
328	383
328	905
328	498
328	194
328	135
328	65
328	912
328	62
328	331
328	272
328	380
328	132
328	399
328	188
328	1107
328	549
328	226
328	205
328	1277
328	282
328	423
328	149
328	271
328	471
328	245
328	1126
328	510
328	474
328	597
328	810
328	7
328	748
328	449
328	182
328	1015
328	451
328	44
328	750
328	1109
328	754
328	431
328	519
328	301
328	637
328	578
328	879
328	528
328	284
328	572
328	518
328	118
328	521
328	483
328	187
328	273
328	1401
328	503
328	127
328	79
328	302
328	385
328	68
328	70
328	1106
328	403
328	291
328	177
328	1139
328	159
328	582
328	610
328	1021
328	185
328	227
328	655
328	568
328	553
328	155
328	356
328	148
328	661
328	56
328	540
328	480
328	645
328	692
851	176
851	754
851	192
851	248
851	299
851	349
851	591
851	1291
851	564
851	531
851	1254
851	147
851	681
851	1016
851	240
851	346
851	475
851	4
851	223
851	157
851	984
851	17
851	751
851	295
851	22
851	92
851	1025
851	27
851	696
851	128
851	1105
851	125
851	301
851	1540
851	291
851	10
851	338
851	234
851	895
851	690
851	1095
851	193
851	250
851	255
851	339
851	820
851	310
851	180
851	924
851	410
851	866
851	987
851	826
851	977
851	930
851	880
851	483
851	336
851	332
851	823
851	129
851	595
851	916
851	153
851	182
851	50
851	204
851	343
851	588
851	352
851	1675
851	1028
851	597
851	685
851	841
851	284
851	262
851	121
851	363
851	231
851	825
851	412
851	68
851	111
851	127
851	760
851	772
851	8
851	264
851	109
851	172
851	455
851	1089
851	160
851	144
851	687
851	355
851	1051
851	411
851	302
851	527
851	925
851	619
851	330
851	23
851	1034
851	318
851	342
851	1014
851	347
851	1094
851	717
851	11
851	331
851	286
851	748
851	405
851	307
851	261
851	161
851	272
851	333
851	64
851	1120
851	682
851	975
851	480
851	676
851	112
851	881
851	818
851	473
851	742
851	879
851	238
851	892
851	983
851	828
851	553
851	95
851	1143
851	1047
851	290
851	1132
851	1013
851	912
851	1258
851	273
851	845
851	1287
851	806
851	326
851	824
851	258
851	693
851	48
851	1376
851	979
851	1280
851	56
851	544
851	1337
851	31
851	340
851	1598
851	1277
851	435
851	367
851	304
201	896
201	182
201	972
201	1153
201	57
201	137
201	179
201	260
201	240
201	145
201	332
201	319
201	357
201	642
201	1135
201	238
201	79
201	960
201	603
201	455
201	514
201	193
201	432
201	29
201	1136
201	654
201	1098
201	590
201	423
201	25
201	656
201	187
201	366
201	317
201	202
201	123
201	1268
201	435
201	431
201	1010
201	544
201	1100
201	95
201	2
201	150
201	324
201	596
201	665
201	637
201	118
201	226
201	581
201	7
201	467
201	64
201	695
201	222
201	729
201	789
201	513
201	546
201	197
201	825
201	282
201	1208
201	99
201	358
201	69
201	286
201	566
201	273
201	955
201	68
201	31
201	441
201	206
201	201
201	1401
201	331
201	232
201	589
201	233
201	50
201	1045
201	403
201	1011
201	684
201	387
201	582
201	51
201	421
201	45
201	549
201	1166
201	919
201	71
201	425
201	396
201	588
201	258
201	1398
201	1187
201	380
201	847
201	58
201	53
201	1063
201	93
201	1193
201	32
201	288
201	777
201	15
201	1
201	1224
201	116
201	1163
201	12
201	448
201	192
201	124
201	774
201	218
201	268
201	61
201	98
201	276
201	223
201	751
201	37
201	379
201	47
201	483
201	559
201	70
201	212
201	443
201	1421
201	631
201	823
201	275
201	1006
201	96
201	385
201	4
201	436
201	375
201	1424
201	148
201	346
201	128
201	321
201	735
201	1423
201	370
201	697
201	289
201	658
201	651
201	767
201	97
201	527
201	271
201	333
201	670
201	216
201	1131
201	242
201	856
201	144
201	672
201	303
201	228
201	676
201	200
201	10
201	164
201	186
201	1192
201	100
201	86
201	551
201	452
201	655
201	979
201	693
201	28
201	806
201	991
201	241
201	1425
201	923
201	733
201	715
201	686
201	39
201	770
201	644
201	591
201	962
201	479
201	272
201	640
201	8
201	587
201	563
201	125
201	667
201	203
201	438
201	156
201	334
201	408
201	55
201	844
201	649
201	20
201	583
201	82
201	521
201	1422
201	48
201	11
201	708
201	1169
201	1426
201	447
201	772
201	1039
201	636
201	237
201	482
201	578
201	190
201	198
201	506
201	219
201	480
201	42
201	231
201	702
201	466
201	1128
201	234
201	1070
201	792
201	121
201	980
201	284
201	737
201	325
201	462
201	1220
201	473
201	239
201	46
201	531
201	59
201	17
201	440
201	800
201	464
201	213
201	505
201	183
201	1355
201	1267
201	173
201	117
201	853
201	747
201	567
201	204
201	129
201	469
201	924
201	454
201	597
201	1170
201	475
201	950
201	1137
201	679
201	943
201	221
201	895
201	171
201	956
201	207
201	705
201	92
201	174
201	134
201	1427
201	313
201	62
201	413
201	77
201	1065
201	89
201	692
201	285
201	292
201	1229
201	195
201	184
201	381
201	175
201	682
201	65
293	649
293	638
293	125
293	291
293	582
293	414
293	455
293	572
293	445
293	461
293	1057
293	684
293	77
293	284
293	217
293	129
293	322
293	328
293	88
293	298
293	31
293	729
293	747
293	751
293	182
293	506
293	45
293	273
293	1248
293	92
293	724
293	507
293	739
293	248
293	367
293	1267
293	544
293	420
293	1011
293	325
293	866
293	820
293	36
293	85
293	15
293	553
293	1421
293	1119
293	240
293	122
293	605
293	272
293	1226
293	238
293	977
293	451
293	245
293	283
293	38
293	139
293	480
293	25
293	303
293	410
293	68
293	943
293	166
293	427
293	1298
293	636
293	53
293	1229
293	765
293	412
293	856
293	192
293	232
293	482
293	393
293	742
293	258
293	163
293	696
293	425
293	155
293	66
293	710
293	831
293	509
293	179
293	380
293	637
293	685
293	133
293	265
293	16
293	134
293	33
293	485
293	628
293	218
293	568
293	229
293	288
293	96
293	17
293	160
293	239
293	1101
293	302
293	558
293	286
293	693
293	198
293	164
293	91
293	199
293	4
293	432
293	180
293	527
293	468
293	824
293	955
293	746
293	56
293	280
293	99
293	152
293	386
293	366
293	94
293	227
293	50
293	501
293	137
293	510
293	708
293	712
293	433
293	12
293	79
293	153
293	849
293	47
293	183
293	215
293	491
293	578
293	588
293	1333
293	419
293	632
293	933
293	810
293	435
293	69
293	26
293	275
293	651
293	346
293	27
293	181
293	143
293	1132
293	64
293	186
293	732
293	172
293	603
293	583
293	204
293	843
293	55
293	177
293	210
293	76
293	357
293	462
293	404
293	157
293	781
293	175
293	234
293	1098
293	654
293	200
293	167
293	514
293	518
293	469
293	686
293	496
293	82
293	411
293	196
293	73
293	647
293	313
293	208
293	770
293	1017
293	939
293	1264
293	62
293	503
293	28
293	49
293	97
293	8
293	293
293	39
293	285
293	401
293	1228
293	549
293	653
293	464
293	297
293	546
293	657
293	497
293	193
293	405
293	249
293	663
293	235
293	1208
293	132
293	942
293	127
293	845
293	226
293	174
293	528
293	168
293	460
293	117
293	1042
293	443
293	559
293	1311
293	589
293	941
293	317
293	416
293	421
293	483
293	203
293	502
293	51
293	162
293	252
293	5
293	463
293	347
293	871
293	111
293	188
293	158
293	426
293	956
293	150
293	1016
293	148
293	761
293	1220
293	237
293	22
293	1135
293	11
293	294
293	316
293	513
293	151
293	616
293	1286
293	144
293	447
293	89
293	54
293	206
293	3
293	566
293	531
293	29
293	504
293	779
293	161
293	715
293	629
293	216
293	1209
293	1041
293	1048
293	660
293	665
293	492
293	300
293	147
293	195
293	678
293	619
293	436
293	430
293	98
293	65
293	423
293	429
293	877
293	81
293	521
81	475
81	284
81	98
81	124
81	456
81	412
81	591
81	411
81	926
81	410
81	742
81	928
81	210
81	288
81	118
81	717
81	596
81	1028
81	275
81	273
81	1059
81	222
81	150
81	544
81	432
81	121
81	269
81	824
81	25
81	283
81	42
81	100
81	276
81	7
81	1
81	726
81	147
81	237
81	405
81	93
81	186
81	1047
81	79
81	471
81	595
81	318
81	111
81	756
803	245
803	259
803	271
803	306
803	243
803	264
803	988
803	887
803	269
803	748
803	538
803	289
803	754
803	322
803	339
803	311
803	340
803	286
803	305
803	307
803	321
803	242
803	325
803	261
803	338
803	304
803	683
194	185
194	509
194	317
194	152
194	732
194	1220
194	134
194	692
194	580
194	194
194	735
194	78
194	238
194	229
194	739
194	518
194	540
194	162
194	549
194	712
194	125
194	13
194	631
194	647
194	465
194	83
194	507
194	1408
194	467
194	550
194	414
194	82
194	177
194	427
194	183
194	1207
194	527
194	456
194	1058
194	357
194	356
194	274
194	523
194	997
194	1107
194	23
194	515
194	471
194	655
194	431
194	570
194	15
194	265
194	67
194	582
194	135
194	132
194	124
194	12
194	498
194	232
194	478
194	187
194	562
194	29
194	234
194	77
194	705
194	227
194	792
194	470
194	54
194	179
194	56
194	946
194	282
194	216
194	161
194	451
194	402
194	62
194	566
194	623
194	366
194	820
194	575
194	1091
194	160
194	483
194	284
194	371
194	939
194	449
194	526
194	1
194	616
194	660
194	443
194	180
194	241
194	1044
194	22
194	629
194	203
194	529
194	98
194	679
194	222
194	864
194	636
194	510
194	88
194	127
194	1045
194	199
194	485
194	66
194	286
194	516
194	223
194	403
194	228
194	1041
194	519
194	542
194	642
194	71
194	136
194	25
194	737
194	1011
194	178
194	1028
194	70
194	197
194	1093
194	165
194	404
194	496
194	657
194	808
194	367
194	661
194	239
194	44
194	100
194	715
194	1211
194	640
194	28
194	9
194	648
194	479
194	195
194	121
194	168
194	393
194	186
194	624
194	783
194	466
194	385
194	941
194	175
194	213
194	64
194	736
194	72
194	155
194	405
194	208
194	628
194	604
194	174
194	81
194	482
194	663
194	58
194	383
194	86
194	193
194	568
194	633
194	744
194	321
194	90
194	1183
194	69
194	433
194	7
194	435
194	94
194	237
194	30
194	226
194	1411
194	76
194	417
194	95
194	73
194	182
194	659
194	26
194	209
194	117
194	52
194	157
194	153
194	511
194	159
194	756
194	143
194	144
194	693
194	837
194	173
194	488
194	546
194	276
194	188
194	87
194	202
194	432
194	387
194	211
194	172
194	196
194	1112
194	235
194	720
194	1409
194	951
194	225
194	971
194	423
194	576
194	559
194	780
194	790
194	1206
194	419
194	502
194	91
194	97
194	710
756	143
756	323
756	173
756	210
756	147
756	642
756	9
756	159
756	92
756	99
756	300
756	89
756	554
756	96
756	419
756	501
756	919
756	226
756	742
756	274
756	195
756	161
756	256
756	225
756	197
756	181
756	403
756	91
756	22
756	171
756	568
756	230
756	1119
756	117
756	588
756	1009
756	404
756	178
756	1074
756	151
756	753
756	435
756	409
756	432
756	138
756	421
756	1240
756	228
756	8
756	234
756	155
756	423
756	79
756	983
756	1274
756	289
756	222
756	30
756	367
756	123
756	63
756	603
756	1031
756	55
756	121
756	1652
756	591
756	53
756	473
756	122
756	235
756	141
756	420
756	527
756	383
756	402
756	550
756	183
756	66
756	82
756	97
756	71
756	3
756	399
756	176
756	622
756	95
756	50
756	325
589	689
589	877
589	307
589	334
589	873
589	688
589	310
589	272
589	294
589	286
589	538
589	678
589	289
589	313
589	304
589	258
589	323
589	271
589	268
589	243
589	288
589	690
589	332
589	324
589	326
589	879
589	327
589	338
589	333
589	682
589	339
589	322
589	336
589	895
589	328
290	809
290	210
290	95
290	141
290	449
290	1091
290	622
290	162
290	465
290	196
290	28
290	15
290	230
290	523
290	650
290	132
290	205
290	167
290	450
290	239
290	66
290	208
290	97
290	404
290	629
290	117
290	50
290	143
290	515
290	49
290	318
290	436
290	271
290	683
290	826
290	193
290	403
290	434
290	739
290	419
290	1013
290	174
290	98
290	588
290	1
290	527
290	832
290	378
290	432
290	71
290	423
290	692
290	172
290	69
290	625
290	818
290	191
290	183
290	473
290	546
290	64
290	476
290	91
290	429
290	151
290	153
290	732
290	243
290	380
290	222
290	43
290	21
290	1047
290	435
290	257
290	229
290	161
290	228
290	144
290	1028
290	265
290	216
290	385
290	102
290	402
290	125
290	109
290	99
290	699
290	472
290	993
290	181
290	596
290	1035
290	120
290	405
290	135
290	357
290	31
290	651
290	568
290	139
290	204
290	685
290	22
290	1285
290	164
290	133
290	755
290	484
290	498
290	218
290	323
290	1336
290	926
290	235
290	88
290	121
290	199
290	742
776	23
776	514
776	474
776	145
776	510
776	479
776	193
776	590
776	436
776	496
776	672
776	444
776	182
776	524
776	422
776	95
776	656
776	22
776	760
776	276
776	174
776	109
776	168
776	657
776	588
776	219
776	661
776	675
776	848
776	355
776	947
776	134
776	708
776	196
776	195
776	438
776	318
776	564
776	127
776	191
776	635
776	486
776	185
776	440
776	618
776	860
776	98
776	525
776	91
776	816
776	549
776	7
776	437
776	184
776	483
776	567
776	431
776	164
776	603
776	53
776	866
776	439
776	177
776	5
776	28
776	667
776	194
776	238
776	50
776	485
776	234
776	179
776	241
776	551
776	192
776	569
776	432
776	559
776	181
776	511
776	200
776	670
776	523
776	637
776	187
528	294
528	358
528	194
528	310
528	484
528	748
528	615
528	82
528	109
528	56
528	50
528	410
528	485
528	657
528	505
528	258
528	678
528	213
528	168
528	58
528	423
528	526
528	193
528	69
528	588
528	422
528	845
528	239
528	250
528	238
528	393
528	31
528	523
528	1254
528	204
528	181
528	174
528	751
528	202
528	185
528	1618
528	402
528	210
145	752
145	933
145	767
145	559
145	331
145	1
145	339
145	25
145	270
145	590
145	1212
145	17
145	356
145	282
145	66
145	1216
145	122
145	820
145	327
145	88
145	939
145	764
145	1208
145	1290
145	754
145	118
145	273
145	1287
145	631
145	229
145	823
145	680
145	549
145	740
145	993
145	312
145	269
145	1073
145	156
145	412
145	988
145	574
145	235
145	831
145	15
145	924
145	1041
145	1002
145	53
145	983
145	203
145	816
145	342
145	770
145	11
145	436
145	316
145	926
145	739
145	259
145	684
145	682
145	642
145	477
145	352
145	77
145	111
145	544
145	276
145	240
145	64
145	347
145	185
145	460
145	1245
145	55
145	51
145	898
145	826
145	728
145	226
145	50
145	299
145	293
145	731
145	407
145	750
145	109
145	31
145	717
145	355
145	304
145	358
145	222
145	338
145	825
145	652
145	1033
145	117
145	172
145	737
145	1025
145	298
145	751
145	1279
145	896
145	943
145	301
145	449
145	236
145	1077
145	120
145	452
145	393
145	672
145	1132
145	800
145	228
145	789
145	934
145	894
145	5
145	650
145	977
145	472
145	1248
145	673
145	44
145	1040
145	566
145	869
145	1012
145	678
145	1057
145	925
145	1051
145	150
145	200
145	1009
145	1215
145	690
145	1047
145	450
145	821
145	572
145	22
145	174
145	246
145	268
145	411
145	89
145	569
145	242
145	329
145	257
145	176
145	182
145	123
145	546
145	250
145	59
145	738
145	554
145	97
145	354
145	227
145	56
145	1273
145	195
145	12
145	278
145	346
145	310
145	1011
145	209
145	688
145	454
145	636
145	1288
145	238
145	54
145	274
145	928
145	558
145	38
145	266
145	930
145	890
145	448
145	106
145	1023
145	974
145	134
145	62
145	635
145	685
145	410
145	105
145	1054
145	294
145	406
145	763
145	1283
145	563
145	553
145	892
145	265
145	100
145	202
145	756
145	732
145	313
145	743
145	595
145	260
145	692
145	696
145	591
145	237
145	328
145	1217
145	742
145	443
145	879
145	394
145	796
145	1210
145	379
145	219
145	159
145	1289
145	470
145	164
145	275
145	7
145	218
145	302
145	173
145	592
145	827
145	431
145	300
145	510
145	343
145	13
145	281
145	234
145	1292
145	895
145	1001
145	687
145	413
145	363
145	1046
593	255
593	56
593	131
593	179
593	285
593	471
593	58
593	609
593	234
593	284
593	125
593	468
593	322
593	723
593	118
593	174
593	735
593	77
593	974
593	288
593	173
593	158
593	763
593	210
593	275
593	692
593	237
593	172
593	282
593	762
593	66
593	40
593	71
593	278
593	97
593	977
593	405
593	11
593	8
593	153
593	122
593	283
593	280
593	815
593	591
593	807
593	51
593	1028
593	781
593	371
593	117
593	535
593	98
593	70
593	196
593	83
593	659
593	417
593	580
593	182
593	685
593	866
593	25
593	238
593	5
593	272
593	744
593	1016
593	301
593	655
593	1
593	157
593	220
593	111
593	245
593	193
593	739
593	478
593	9
593	661
593	496
593	631
593	584
593	4
593	143
593	133
593	155
593	140
593	1221
593	183
593	1014
593	200
593	211
593	204
593	164
593	742
593	966
593	216
593	633
593	699
593	423
593	79
593	159
593	162
593	1012
593	241
593	357
593	50
593	274
593	276
593	747
593	106
593	15
593	846
593	161
593	451
593	470
593	286
593	318
593	553
593	476
593	949
593	660
593	761
593	73
593	121
472	11
472	216
472	384
472	288
472	1047
472	172
472	67
472	78
472	177
472	373
472	682
472	465
472	27
472	234
472	392
472	748
472	549
472	877
472	609
472	946
472	402
472	746
472	576
472	150
472	252
472	2
472	423
472	1011
472	208
472	1090
472	204
472	21
472	231
472	43
472	548
472	343
472	62
472	193
472	426
472	866
472	625
472	597
472	760
472	1091
472	218
472	420
472	132
472	501
472	239
472	404
472	689
472	569
472	260
472	64
472	80
472	603
472	755
472	255
472	567
472	90
472	928
472	229
472	540
472	393
472	227
472	73
472	742
472	313
472	186
472	395
472	756
472	181
472	82
472	1036
472	400
472	4
472	895
472	475
472	240
472	1210
472	977
472	566
472	380
472	739
472	105
472	1469
472	678
472	449
472	419
472	175
472	561
472	546
472	496
472	431
472	257
472	743
472	418
472	120
472	443
472	196
472	562
472	1119
472	264
472	94
472	370
472	577
472	672
472	109
472	72
472	49
472	1053
472	338
472	554
472	796
472	91
472	230
472	951
472	810
472	1139
472	1058
472	588
472	1035
472	161
472	141
472	1
472	100
472	365
472	473
472	63
472	183
472	250
472	214
472	763
472	940
472	367
472	1014
472	1110
472	1215
472	22
472	651
472	720
472	658
472	318
472	924
472	174
472	374
472	421
472	232
472	362
472	121
472	751
472	38
472	660
472	768
472	200
472	68
472	95
472	176
472	834
472	1002
472	358
472	568
472	455
472	432
472	173
472	550
472	375
472	99
472	28
472	1074
472	477
472	143
472	125
472	69
472	747
472	559
472	385
472	79
472	29
472	71
472	368
472	33
472	578
472	97
472	1079
472	185
472	366
472	1248
472	417
472	790
472	117
472	685
472	1239
472	890
472	405
472	356
472	1095
472	831
472	403
472	930
472	215
472	323
472	191
472	655
472	1228
472	581
472	140
472	552
472	151
472	195
472	633
207	64
207	328
207	1272
207	871
207	1378
207	87
207	1049
207	5
207	202
207	468
207	642
207	462
207	411
207	319
207	239
207	722
207	1012
207	298
207	735
207	96
207	121
207	521
207	655
207	28
207	1046
207	88
207	529
207	15
207	79
207	185
207	978
207	133
207	45
207	997
207	56
207	170
207	70
207	18
207	58
207	195
207	293
207	514
207	2
207	223
207	181
207	538
207	517
207	756
207	302
207	143
207	1197
207	428
207	531
207	316
207	175
207	4
207	754
207	291
207	233
207	182
207	1118
207	540
207	322
207	208
207	117
207	423
207	367
207	810
207	591
207	111
207	255
207	847
207	458
207	186
207	1098
207	160
207	131
207	125
207	1028
207	180
207	3
207	597
207	188
207	471
207	55
207	135
207	8
207	787
207	475
207	568
207	1115
207	410
207	290
207	192
207	712
207	875
207	1350
207	993
207	294
207	827
207	248
207	864
207	554
207	576
207	317
207	515
207	527
207	242
207	628
207	524
207	173
207	53
207	269
207	1225
207	134
207	1023
207	137
207	265
207	194
207	849
207	187
207	483
207	100
207	1331
207	1435
207	805
207	59
207	211
207	826
207	98
207	204
207	1170
207	38
207	742
207	476
207	191
207	318
207	25
207	245
207	282
207	696
207	216
207	986
207	11
207	520
207	276
207	129
207	580
207	562
207	158
207	65
207	82
207	156
207	566
207	845
207	73
207	68
207	238
207	1147
207	746
207	546
207	196
207	313
207	792
207	144
207	535
207	14
207	179
207	1242
207	832
207	1436
207	1226
207	660
207	1333
207	461
207	286
207	414
207	150
207	226
207	393
207	197
207	22
207	42
207	33
324	471
324	340
324	597
324	268
324	282
324	690
324	827
324	411
324	255
324	294
324	475
324	275
324	259
324	332
324	289
324	301
324	879
324	123
324	538
324	307
324	331
324	258
324	875
324	508
324	742
324	127
324	872
324	327
324	873
324	749
324	877
324	748
324	292
324	754
324	50
324	1033
324	321
324	276
324	250
324	270
324	14
324	283
324	763
324	260
324	410
324	339
324	1
324	323
324	310
324	288
324	293
324	328
324	9
324	1094
921	228
921	662
921	284
921	755
921	369
921	892
921	1028
921	762
921	133
921	136
921	1051
921	294
921	173
921	760
921	125
921	128
921	778
921	71
921	1016
921	1034
921	143
921	174
921	181
921	280
921	8
921	560
921	274
921	66
921	132
921	121
921	380
921	257
921	275
921	282
921	172
921	215
921	147
921	79
921	1047
921	185
921	692
921	202
921	25
921	122
921	934
921	72
921	538
921	313
921	932
921	288
921	728
921	720
921	194
921	410
921	24
921	328
921	15
921	419
921	304
921	259
921	196
921	1060
921	815
921	87
921	1032
921	472
921	526
921	405
921	222
921	322
921	422
921	392
921	1287
921	924
921	82
921	254
921	763
921	227
921	1279
921	929
921	678
921	190
921	395
921	484
921	50
921	245
921	411
921	820
932	708
932	133
932	1021
932	448
932	494
932	414
932	427
932	177
932	665
932	179
932	163
932	509
932	208
932	1
932	96
932	480
932	136
932	183
932	649
932	520
932	238
932	1050
932	38
932	617
932	64
932	550
932	405
932	657
932	86
932	488
932	497
932	863
932	487
932	134
932	379
932	676
932	148
932	589
932	380
932	77
932	511
932	502
932	45
932	1454
932	170
932	180
932	523
932	671
932	121
932	675
932	429
932	811
932	570
932	210
932	504
932	131
932	30
932	99
932	98
932	173
932	514
932	470
932	144
932	178
932	659
932	805
932	661
932	483
932	615
932	399
932	196
932	1035
932	481
932	432
932	389
932	1266
932	562
932	225
932	516
932	229
932	212
932	1139
932	447
932	114
932	646
932	430
932	234
932	226
932	1449
932	1451
932	175
932	154
932	495
932	663
932	513
932	1030
932	521
932	7
932	498
932	435
932	1149
932	189
932	230
932	203
932	603
932	1020
932	486
932	519
932	89
932	506
932	285
932	1411
932	443
932	274
932	211
932	119
932	566
932	199
932	493
932	436
932	1573
932	489
932	176
932	67
932	153
932	141
932	510
932	100
932	167
932	416
932	1512
932	47
932	385
932	191
932	515
932	198
932	197
932	524
932	648
932	613
932	836
932	222
932	968
932	205
932	736
932	462
932	9
932	151
932	614
932	636
932	1126
932	441
932	169
932	503
932	188
932	431
932	479
932	109
932	755
932	165
932	612
932	1204
932	459
932	54
932	527
932	652
932	607
932	428
932	600
932	474
932	496
932	213
932	530
932	778
932	528
932	155
932	174
932	55
932	679
932	162
932	478
932	967
932	616
932	235
932	529
932	482
932	650
932	541
932	611
932	135
932	890
932	507
932	654
327	154
327	7
327	288
327	546
327	56
327	559
327	805
327	32
327	523
327	475
327	845
327	198
327	382
327	4
327	324
327	23
327	466
327	682
327	239
327	204
327	344
327	64
327	1129
327	464
327	367
327	12
327	99
327	98
327	1075
327	676
327	336
327	405
327	663
327	82
327	396
327	147
327	260
327	482
327	896
327	195
327	1098
327	178
327	24
327	1131
327	340
327	275
327	811
327	232
327	11
327	469
327	949
327	952
327	222
327	258
327	121
327	143
327	173
327	678
327	313
327	255
327	497
327	191
327	48
327	1101
327	8
327	498
327	718
327	732
327	425
327	514
327	28
327	772
327	476
327	959
327	216
327	494
327	1100
327	172
327	215
327	131
327	1070
327	508
327	408
327	202
327	318
327	190
327	588
327	962
327	72
327	268
327	200
327	188
327	305
327	421
327	684
327	9
327	192
327	79
327	865
327	529
327	47
327	418
327	919
327	568
327	634
327	895
327	250
327	1141
327	338
327	26
327	95
327	550
327	161
327	357
327	735
327	100
327	176
327	333
327	393
327	237
327	246
327	210
327	86
327	22
327	484
327	628
327	874
327	659
327	875
327	184
327	517
327	1073
327	111
327	960
327	1007
327	537
327	582
327	1097
327	1103
327	88
327	160
327	403
327	298
327	652
327	1017
327	650
327	583
327	709
327	257
327	2
327	302
327	702
327	233
327	274
327	69
327	14
327	1067
327	527
327	281
327	144
327	245
327	644
327	96
327	428
327	44
327	672
327	228
327	327
327	411
327	1019
327	507
327	658
327	132
327	70
327	423
327	13
327	117
327	168
327	179
327	715
327	87
327	108
327	451
327	209
327	31
327	181
327	792
327	249
327	856
327	293
327	506
327	186
327	183
327	201
327	42
327	686
327	174
327	478
327	66
327	749
327	226
327	92
327	1069
327	886
327	156
327	300
327	558
327	435
327	603
327	230
327	631
327	196
327	219
327	746
327	153
327	431
327	169
327	806
327	285
327	410
327	651
327	1218
327	133
327	381
327	197
327	655
327	55
327	301
271	181
271	924
271	220
271	496
271	137
271	435
271	131
271	963
271	441
271	248
271	4
271	410
271	62
271	384
271	211
271	402
271	107
271	310
271	190
271	269
271	238
271	88
271	549
271	847
271	1101
271	472
271	744
271	176
271	216
271	527
271	257
271	192
271	274
271	118
271	345
271	170
271	580
271	566
271	95
271	630
271	529
271	338
271	283
271	69
271	173
271	130
271	40
271	172
271	8
271	504
271	11
271	506
271	423
271	490
271	185
271	625
271	470
271	591
271	77
271	186
271	381
271	132
271	294
271	51
271	546
271	1046
271	13
271	302
271	48
271	1411
271	713
271	539
271	43
271	97
271	258
271	477
271	495
271	657
271	282
271	133
271	98
271	116
271	747
271	510
271	169
271	530
271	516
271	707
271	1028
271	204
271	285
271	523
271	443
271	121
271	697
271	315
271	126
271	882
271	178
271	196
271	58
271	509
271	792
271	659
271	275
271	221
271	644
271	127
271	485
271	466
271	690
271	239
271	141
271	499
271	1133
271	520
271	654
271	610
271	742
271	505
271	1
271	425
271	177
271	511
271	111
271	56
271	494
271	956
271	317
271	52
271	100
271	405
271	498
271	70
271	300
271	2
271	709
271	199
271	193
271	125
271	117
271	703
271	47
271	756
271	476
271	347
271	44
271	461
271	1120
271	124
271	25
271	1139
271	866
271	134
271	570
271	427
271	763
271	735
271	210
271	521
271	65
271	244
271	605
271	487
271	241
271	208
271	414
271	514
271	28
271	951
271	371
271	311
271	481
271	661
271	602
271	692
271	83
271	286
271	242
271	378
271	197
271	480
271	89
271	482
271	1091
271	224
271	168
271	462
271	203
271	411
271	451
271	272
271	218
271	79
271	22
271	750
271	277
271	81
271	182
271	136
271	205
271	174
271	739
271	1266
271	188
271	651
271	419
271	474
271	64
271	202
271	265
271	507
271	517
271	732
271	642
271	215
271	9
271	187
271	237
271	493
271	393
271	614
271	823
271	729
76	288
76	851
76	24
76	1006
76	1155
76	769
76	333
76	77
76	172
76	216
76	276
76	137
76	1007
76	1154
76	343
76	293
76	98
76	59
76	517
76	121
76	531
76	135
76	324
76	96
76	1019
76	1153
76	192
76	156
76	150
76	56
76	60
76	960
76	811
76	200
76	12
76	258
76	1071
76	318
76	358
76	92
76	327
76	1157
76	474
76	518
76	129
76	1048
76	223
76	42
76	64
76	61
76	89
76	628
76	1158
76	1156
76	325
76	690
76	7
76	385
76	1129
76	203
76	70
76	547
76	919
76	513
76	582
76	1159
78	237
78	298
78	294
78	269
78	880
78	327
78	412
78	323
78	411
78	93
78	871
78	1047
78	257
78	289
78	301
78	1160
78	255
59	238
59	483
59	32
59	51
59	699
59	527
59	1028
59	1074
59	713
59	200
59	204
59	175
59	227
59	1093
59	524
59	183
59	30
59	1047
59	423
59	946
59	9
59	202
59	123
59	421
59	98
59	435
59	208
59	739
59	975
59	931
59	1065
59	792
59	147
59	866
59	582
59	434
59	45
59	969
59	258
59	514
59	568
59	226
59	7
59	647
59	644
59	219
59	974
59	612
59	87
59	229
59	642
59	679
59	212
59	186
59	403
59	562
59	675
59	83
59	972
59	48
59	125
59	428
59	416
59	717
59	508
59	176
59	655
59	133
59	664
59	566
59	747
59	692
59	670
59	60
59	77
59	116
59	470
59	232
59	755
59	228
59	380
59	188
59	102
59	900
59	131
59	477
59	606
59	318
59	203
59	663
59	22
59	11
59	503
59	1021
59	673
59	174
59	473
59	633
59	111
59	513
59	708
59	3
59	218
59	24
59	89
59	216
59	170
59	290
59	18
59	715
59	126
59	50
59	650
59	523
59	73
59	136
59	321
59	595
59	161
59	491
59	371
59	177
59	492
59	506
59	90
59	44
59	132
59	205
59	770
59	243
59	1117
59	603
59	953
59	179
59	649
59	615
59	210
59	919
59	101
59	419
59	929
59	96
59	427
59	184
59	451
59	134
59	198
59	602
59	736
59	392
59	65
59	54
59	823
59	1114
59	137
59	106
59	151
59	1107
59	511
59	1109
59	58
59	190
59	825
59	61
59	70
59	79
59	559
59	525
59	168
59	564
59	1005
59	418
59	550
59	479
59	432
59	14
59	519
59	465
59	173
59	181
59	273
59	549
59	729
59	1
59	496
59	286
59	517
59	505
59	484
59	385
59	584
59	169
59	187
59	709
59	277
59	69
59	33
59	687
59	209
59	82
59	23
59	288
59	1119
59	287
59	625
59	1108
59	381
59	425
59	12
59	199
59	659
59	140
59	234
59	1115
59	569
59	1009
59	1110
59	323
59	510
59	526
59	724
59	710
59	121
59	313
59	480
59	10
59	127
59	657
59	387
59	1048
59	684
59	118
59	501
59	285
59	926
59	55
59	620
59	431
59	597
59	265
59	59
59	201
59	194
59	959
59	515
59	95
59	109
59	429
59	610
59	963
59	393
59	458
59	402
59	567
59	143
59	405
59	28
59	4
59	618
59	211
59	616
59	64
59	871
59	591
59	404
59	472
59	71
59	762
59	13
59	15
59	609
59	529
59	99
59	846
59	367
59	25
59	410
59	855
59	215
59	141
59	756
59	382
59	142
59	789
59	185
59	622
59	47
59	182
59	129
59	1112
59	660
59	658
59	468
59	172
59	507
59	547
59	53
59	180
59	274
59	196
59	1050
59	91
59	193
59	611
59	672
59	443
829	640
829	276
829	10
829	125
829	639
829	86
829	1120
829	408
829	705
829	192
829	462
829	116
829	198
829	105
829	250
829	339
829	1067
829	255
829	310
829	294
829	151
829	153
829	1121
829	222
829	213
829	275
829	212
829	845
829	124
829	190
829	458
829	475
829	20
829	189
829	258
829	515
829	259
829	70
829	170
829	237
829	512
829	13
829	582
829	855
829	318
829	1193
829	427
829	257
829	284
829	1018
829	529
829	14
38	444
38	433
38	940
38	226
38	1029
38	252
38	140
38	424
38	758
38	402
38	1016
38	161
38	447
38	678
38	1035
38	82
38	216
38	153
38	318
38	404
38	1014
38	573
38	780
38	67
38	452
38	393
38	588
38	105
38	465
38	916
38	97
38	590
38	501
38	672
38	673
38	419
38	432
38	28
38	717
38	616
38	508
38	127
38	411
38	450
38	768
38	326
38	95
38	144
38	234
38	294
38	328
38	162
38	401
38	188
38	202
38	133
38	742
38	112
38	681
38	84
38	185
38	200
38	94
38	384
38	313
38	247
38	145
38	418
38	218
38	1028
38	720
38	99
38	1
38	79
38	1037
38	406
38	451
38	627
38	122
38	70
38	383
38	118
38	139
38	155
38	257
38	526
38	1033
38	195
38	395
38	1036
38	22
38	71
38	409
38	838
38	225
38	550
38	211
474	478
474	508
474	98
474	491
474	313
474	284
474	506
474	212
474	7
474	492
474	188
474	172
474	196
474	515
474	929
474	326
474	617
474	252
474	137
474	659
474	657
474	660
474	197
474	83
474	1063
474	48
474	47
474	176
474	97
474	1020
474	293
474	618
474	255
474	248
474	192
474	286
474	705
474	11
474	792
474	503
474	64
474	180
474	462
474	485
474	116
474	615
474	606
474	1009
474	42
474	71
474	448
474	382
474	86
474	475
474	479
474	434
474	748
474	526
474	697
474	614
474	222
474	315
474	996
474	468
474	302
474	68
474	1123
474	1045
474	215
474	699
474	487
474	23
474	221
474	421
474	641
474	178
474	789
474	291
474	150
474	416
474	283
474	685
474	602
474	56
474	210
474	58
474	651
474	616
474	181
474	496
474	1200
474	504
474	756
474	566
474	611
474	480
474	696
474	1134
474	171
474	633
474	8
474	72
474	939
474	461
474	518
474	647
474	943
474	499
474	195
474	170
474	44
474	527
474	642
474	317
474	678
474	498
474	77
474	470
474	276
474	285
474	553
474	26
474	584
474	161
474	493
474	257
474	126
474	652
474	509
474	482
474	211
474	187
474	259
474	419
474	237
474	141
474	608
474	282
474	127
474	96
474	549
474	430
474	135
474	945
474	1016
474	174
474	528
474	322
474	298
474	88
474	136
474	275
474	193
474	521
474	836
474	648
474	1221
474	76
474	488
474	132
474	582
474	55
474	605
474	609
474	1011
474	244
474	385
474	151
474	956
474	13
474	628
474	661
474	1286
474	356
474	191
474	484
474	471
474	848
474	316
474	69
474	31
474	654
474	495
474	489
474	507
474	707
474	603
474	510
474	194
474	924
474	709
474	4
474	230
474	238
474	288
474	490
474	655
474	1028
474	14
474	520
474	591
474	511
474	61
474	436
474	646
474	227
474	676
474	183
474	234
474	9
474	66
474	208
474	604
474	198
474	523
474	199
474	381
474	92
474	343
474	124
474	1421
474	529
474	28
474	469
474	530
474	213
474	289
474	505
474	1050
474	630
474	200
474	736
474	963
474	25
474	87
474	100
474	143
474	431
474	173
474	481
474	411
474	117
474	737
474	258
474	60
474	209
474	207
474	185
474	22
474	435
474	59
474	423
474	1518
474	708
474	414
474	182
474	15
474	525
474	921
474	274
474	971
474	1124
474	966
496	484
496	39
496	1157
496	333
496	42
496	426
496	743
496	147
496	7
496	172
496	842
496	196
496	483
496	96
496	419
496	526
496	651
496	561
496	191
496	136
496	154
496	94
496	11
496	528
496	17
496	190
496	10
496	1133
496	496
496	1041
496	771
496	652
496	1444
496	660
496	109
496	204
496	33
496	77
496	183
496	168
496	88
496	532
496	1401
496	380
496	485
496	181
496	625
496	559
496	164
496	961
496	1060
496	509
496	64
496	633
496	97
496	288
496	1063
496	50
496	506
496	151
496	432
496	418
496	246
496	705
496	921
496	433
496	155
496	1473
496	206
496	222
496	174
496	1091
496	318
496	356
496	217
496	141
496	420
496	393
496	417
496	1459
496	186
496	1286
496	99
496	495
496	277
496	68
496	87
496	480
496	89
496	607
496	150
496	469
496	774
496	659
496	268
496	38
496	53
496	1139
496	554
496	1074
496	56
496	721
496	746
496	229
496	378
834	313
834	323
834	316
834	276
834	544
834	275
834	7
834	258
834	245
834	15
834	405
834	1017
834	475
834	751
834	300
834	515
834	343
834	148
834	13
834	181
834	346
834	762
834	286
834	127
834	268
834	117
834	255
834	342
834	292
834	298
834	237
834	307
834	294
834	9
834	150
834	246
834	744
834	284
834	326
834	282
834	315
834	288
834	50
834	886
316	323
316	463
316	1084
316	923
316	190
316	427
316	482
316	633
316	83
316	549
316	9
316	673
316	515
316	716
316	435
316	507
316	265
316	44
316	172
316	199
316	71
316	69
316	1039
316	292
316	275
316	306
316	318
316	197
316	678
316	97
316	162
316	588
316	127
316	483
316	289
316	521
316	173
316	357
316	168
316	14
316	58
316	283
316	735
316	185
316	180
316	730
316	50
316	187
316	707
316	988
316	651
316	582
316	462
316	174
316	213
316	64
316	19
316	98
316	487
316	286
316	183
592	121
592	3
592	521
592	431
592	306
592	324
592	187
592	735
592	100
592	425
592	328
592	518
592	13
592	427
592	259
592	533
592	148
592	689
592	332
592	59
592	272
592	168
592	751
592	71
592	455
592	287
592	844
592	354
592	99
592	744
592	238
592	223
592	823
592	1071
592	683
592	815
592	1047
592	302
592	886
592	261
592	1073
592	628
592	132
592	885
592	292
592	157
592	326
592	350
592	789
592	702
592	340
592	144
592	1315
592	92
592	56
592	48
592	730
592	344
592	87
592	1609
592	201
592	508
592	1226
592	334
592	273
592	281
592	475
592	24
592	188
592	251
592	1079
592	23
592	123
592	1039
592	1514
592	544
592	603
592	245
592	194
592	1059
592	1016
592	1017
592	382
592	81
592	28
592	7
592	215
592	480
592	307
592	22
592	418
592	1012
592	984
592	619
592	1143
592	1356
592	1258
592	432
592	975
592	266
592	297
592	298
592	299
592	1620
592	892
592	460
592	466
592	320
592	185
592	526
592	876
592	1022
592	58
592	742
592	1097
592	315
592	61
592	248
592	221
592	325
592	1265
592	129
592	288
592	534
592	4
592	936
592	79
592	813
592	97
592	122
592	748
592	471
592	98
592	260
592	55
592	1264
592	336
592	820
592	750
592	985
592	345
592	343
592	898
592	408
592	183
592	276
592	847
592	754
592	1067
592	9
592	877
592	501
592	969
592	331
592	762
592	346
592	685
592	1008
592	198
592	405
592	234
592	963
592	192
592	258
592	845
592	96
592	204
592	149
592	196
592	242
592	1014
592	224
592	252
592	654
592	900
592	116
592	305
592	925
592	322
592	686
592	347
592	339
592	893
592	411
592	1082
592	1281
592	150
592	257
592	1009
592	589
592	895
592	342
592	180
592	591
592	357
592	64
592	1134
592	1184
592	253
592	250
592	172
592	752
592	32
592	1129
592	134
592	568
592	1166
592	833
592	1011
592	313
592	173
592	409
592	681
592	147
592	118
592	367
592	236
592	255
592	319
592	14
592	184
592	806
592	170
592	443
592	8
592	483
592	124
592	484
592	93
592	15
592	127
592	265
592	558
592	197
592	1060
592	423
592	522
592	169
592	95
592	191
592	657
592	216
592	176
592	12
592	286
592	919
592	631
592	182
592	338
592	688
592	47
592	1319
592	482
592	269
592	202
592	458
592	457
592	1623
592	358
592	283
592	890
592	140
592	135
592	971
592	467
592	268
592	249
592	1377
592	222
592	1142
592	1199
592	264
592	472
592	151
592	939
592	282
592	117
592	109
592	1023
592	262
592	293
592	854
592	235
592	285
592	263
592	705
592	20
592	461
648	144
648	662
648	615
648	216
648	502
648	229
648	174
648	924
648	797
648	1337
648	636
648	4
648	619
648	831
648	671
648	763
648	566
648	678
648	554
648	576
648	1033
648	840
648	205
648	143
648	1228
648	742
648	585
648	1041
648	304
648	441
648	228
648	69
648	603
648	195
648	477
648	1003
648	288
648	373
648	181
648	176
648	674
648	72
648	40
648	1176
648	295
648	96
648	22
648	519
648	109
648	62
648	1047
648	169
648	633
648	95
648	769
648	103
648	629
648	180
648	194
648	1271
648	432
648	385
648	249
648	756
648	183
648	204
648	225
648	931
648	635
648	740
648	826
648	364
648	527
648	484
648	1092
648	692
648	123
648	172
648	726
648	28
648	384
648	473
648	286
648	498
648	565
648	997
648	21
648	188
648	118
648	685
648	1244
648	526
648	781
648	713
648	399
648	368
648	563
648	70
648	23
648	391
648	203
648	1
648	107
648	780
648	367
648	110
648	2
648	231
648	475
648	179
648	17
648	546
648	185
648	191
648	1029
648	403
648	930
648	82
648	1376
648	864
648	24
648	184
648	411
648	104
648	63
648	215
648	452
648	430
648	568
648	474
648	9
648	862
648	177
648	500
648	29
648	1050
648	357
648	596
648	79
648	234
648	226
648	238
648	728
648	458
648	153
648	929
648	68
648	15
648	66
648	412
648	410
648	111
648	561
648	298
648	1072
648	564
648	235
648	448
648	434
648	663
648	550
648	125
648	827
648	281
648	878
648	230
648	112
648	569
648	435
648	240
648	497
648	414
648	675
648	406
648	505
648	928
648	161
648	265
648	210
648	152
648	219
648	405
648	202
648	1110
648	428
648	926
648	559
648	810
648	393
648	83
648	820
648	218
648	7
648	413
648	575
648	456
648	67
648	679
648	377
648	758
648	479
648	33
648	105
648	514
648	743
648	665
648	455
648	39
648	443
648	825
648	121
648	49
648	507
648	175
648	222
648	1030
648	1258
648	431
648	47
648	13
648	449
648	687
648	809
648	200
648	193
648	722
648	717
648	483
648	208
648	25
648	520
648	178
648	250
648	252
648	211
648	122
648	1060
648	197
648	186
46	262
46	538
46	748
46	333
46	7
46	93
46	181
46	125
46	100
46	50
46	288
46	305
46	1024
46	307
46	332
46	300
46	328
46	1062
46	245
46	313
46	127
46	151
46	294
385	79
385	482
385	1411
385	658
385	186
385	1499
385	1252
385	217
385	24
385	135
385	693
385	218
385	192
385	1159
385	111
385	151
385	507
385	403
385	257
385	152
385	198
385	305
385	855
385	1010
385	47
385	231
385	1135
385	32
385	131
385	320
385	444
385	631
385	511
385	262
385	132
385	558
385	273
385	719
385	185
385	187
385	18
385	59
385	81
385	293
385	114
385	417
385	674
385	211
385	357
385	1367
385	659
385	1535
385	405
385	732
385	506
385	153
385	483
385	739
385	497
385	194
385	1128
385	512
385	661
385	965
385	180
385	421
385	1506
385	337
385	89
385	529
385	1495
385	100
385	427
385	1097
385	200
385	98
385	129
385	1012
385	208
385	42
385	480
385	285
385	1462
385	900
385	484
385	256
385	473
385	503
385	502
385	1021
385	811
385	896
385	8
385	1017
385	657
385	383
385	219
385	486
385	425
385	168
385	1524
385	865
385	55
385	1353
385	145
385	871
385	653
385	30
385	954
385	443
385	171
385	347
385	1071
385	4
385	215
385	557
385	533
385	46
385	224
385	174
385	340
385	144
385	727
385	235
385	318
385	156
385	177
385	629
385	959
385	408
385	520
385	1118
385	253
385	56
385	1286
385	384
385	199
385	82
385	1129
385	378
385	474
385	216
385	181
385	48
385	61
385	236
385	128
385	249
385	656
385	234
385	568
385	286
385	160
385	92
385	1154
385	189
385	1014
385	606
385	604
385	447
385	240
385	851
385	448
385	133
385	197
385	794
385	419
385	498
385	455
385	276
385	715
385	522
385	367
385	654
385	675
385	1103
385	127
385	173
385	525
385	428
385	663
385	205
385	182
385	961
385	183
385	524
385	500
385	1428
385	1449
385	1456
385	514
385	767
385	429
385	603
385	492
385	2
385	209
385	1536
385	1143
385	191
385	504
385	134
385	325
385	496
385	254
385	1110
385	430
385	238
385	143
385	650
385	250
385	53
385	919
385	433
385	176
385	1069
385	451
385	526
385	942
385	1070
385	385
385	423
385	489
385	93
385	1066
924	285
924	421
924	527
924	1149
924	134
924	181
924	200
924	211
924	849
924	202
924	511
924	129
924	9
924	6
924	318
924	237
924	300
924	275
924	923
924	313
924	1036
924	286
924	705
924	526
924	173
924	1478
924	56
924	1400
924	1
924	496
924	471
924	196
924	96
924	273
924	523
924	71
924	482
924	174
924	276
924	562
924	121
924	7
924	153
924	178
924	322
924	402
924	504
924	216
924	205
924	172
924	742
924	12
924	114
924	408
924	195
924	433
924	258
924	429
924	31
924	50
924	2
924	100
924	28
924	13
924	228
924	632
491	1281
491	12
491	124
491	319
491	657
491	475
491	7
491	258
491	900
491	100
491	19
491	273
491	493
491	45
491	513
491	325
491	236
491	23
491	14
491	284
491	408
491	129
491	285
491	127
491	696
491	654
491	684
305	469
305	88
305	1411
305	1104
305	602
305	16
305	1286
305	1015
305	42
305	275
305	131
305	100
305	923
305	686
305	471
305	856
305	143
305	282
305	748
305	228
305	91
305	45
305	663
305	550
305	2
305	61
305	943
305	204
305	285
305	272
305	192
305	166
305	464
305	638
305	188
305	64
305	708
305	317
305	865
305	1074
305	961
305	485
305	184
305	289
305	168
305	79
305	249
305	1073
305	1
305	735
305	172
305	557
305	475
305	200
305	173
305	153
305	1512
305	478
305	76
305	315
305	196
305	246
305	428
305	382
305	171
305	511
305	60
305	83
305	117
305	50
305	527
305	425
305	684
305	679
305	222
305	178
305	529
305	245
305	298
305	427
305	960
305	610
305	14
305	121
305	56
305	180
305	96
305	462
305	327
305	160
305	1101
305	251
305	480
305	479
305	286
305	654
305	1018
305	198
305	237
305	403
305	484
305	287
305	183
305	176
305	70
305	212
305	154
305	709
305	257
305	431
305	664
305	512
305	191
305	749
305	300
305	845
305	941
305	163
305	151
305	1456
305	326
305	408
305	181
305	170
305	186
305	269
305	49
305	174
305	385
305	89
305	713
305	628
305	201
305	69
305	202
305	505
305	135
305	482
305	921
305	214
305	530
305	793
305	242
305	631
305	15
305	650
305	904
305	129
305	486
305	86
305	81
305	733
305	347
305	238
305	770
305	451
305	751
305	582
305	338
305	597
305	528
305	655
305	11
305	660
305	1513
305	566
305	156
305	863
305	215
305	175
305	239
305	405
305	318
305	187
305	223
305	179
305	792
305	690
699	7
699	1129
699	475
699	1093
699	1011
699	340
699	825
699	16
699	285
699	112
699	20
699	886
699	234
699	298
699	764
699	1010
699	246
699	300
699	546
699	1057
699	591
699	15
699	544
699	1284
699	181
699	523
699	276
699	405
699	323
699	252
699	291
699	244
699	147
699	619
699	458
699	1009
699	294
699	277
699	137
699	762
699	828
699	455
699	1060
699	224
699	322
699	275
699	831
699	307
699	13
699	235
699	268
699	1187
699	250
699	24
699	325
699	1013
699	221
699	118
699	532
699	717
699	1328
699	308
699	328
699	243
699	19
699	220
699	211
699	1336
699	471
699	109
699	185
699	929
699	286
699	21
699	304
699	151
699	124
699	479
699	191
699	98
699	933
699	495
699	270
699	100
699	820
699	202
699	596
699	121
699	1643
699	129
699	333
699	760
699	225
699	3
699	1028
699	978
699	95
699	482
699	989
699	678
699	269
699	977
699	473
699	985
699	685
699	597
699	14
699	222
699	273
699	1068
699	321
699	413
699	106
699	9
699	983
699	117
699	23
699	1033
699	111
699	749
699	50
255	872
255	323
255	860
255	825
255	829
255	444
255	840
255	443
255	234
255	406
255	5
255	281
255	559
255	564
255	325
255	288
255	763
255	147
255	895
255	748
255	258
255	448
255	1034
255	859
255	833
255	743
255	472
255	322
255	879
255	665
255	185
255	273
255	569
255	976
255	98
255	436
255	294
255	826
255	7
255	335
255	100
255	678
255	441
255	405
255	452
255	672
255	56
255	249
255	685
255	413
255	982
255	841
255	324
255	343
255	930
255	984
255	219
255	222
255	245
255	455
255	551
255	218
255	682
255	118
255	117
255	300
255	217
361	275
361	443
361	238
361	100
361	194
361	97
361	183
361	705
361	237
361	1103
361	148
361	212
361	283
361	659
361	781
361	333
361	707
361	1119
361	178
361	203
361	155
361	517
361	28
361	273
361	216
361	60
361	59
361	269
361	692
361	737
361	611
361	258
361	156
361	1041
361	226
361	26
361	949
361	502
361	274
361	79
361	657
361	498
361	204
361	527
361	66
361	319
361	684
361	435
361	639
361	173
361	466
361	402
361	165
361	934
361	222
361	367
361	1074
361	50
361	742
361	654
361	179
361	727
361	218
361	421
361	514
361	53
361	207
361	430
361	47
361	190
361	762
361	285
361	14
361	98
361	652
361	176
361	276
361	49
361	228
361	111
361	739
361	531
361	83
361	504
361	475
361	513
361	524
361	202
361	286
361	694
361	525
361	1152
361	23
361	813
361	12
361	129
361	387
563	781
563	367
563	50
563	257
563	566
563	301
563	255
563	220
563	1035
563	871
563	181
563	237
563	167
563	254
563	476
563	412
563	678
563	294
563	70
563	210
563	153
563	233
563	401
563	321
557	127
557	298
557	270
557	288
557	268
557	322
557	327
557	739
557	299
557	8
557	289
557	892
557	337
557	875
557	307
557	682
557	508
557	305
557	253
557	300
557	50
557	150
557	1176
557	165
557	343
557	271
557	872
557	166
557	750
557	887
557	346
557	865
557	334
557	532
557	246
557	254
557	198
557	1070
557	197
557	325
557	176
557	252
557	292
689	181
689	596
689	475
689	258
689	358
689	7
689	405
689	257
689	298
689	748
689	300
689	1
689	717
689	117
689	109
689	151
689	125
689	328
689	222
689	237
689	13
689	121
689	410
689	273
689	295
689	250
689	150
689	118
689	879
689	260
811	258
811	901
811	300
811	988
811	892
811	243
811	321
811	315
811	895
811	323
811	289
811	307
811	292
811	678
811	294
811	304
811	308
62	114
62	652
62	245
62	436
62	1130
62	521
62	474
62	4
62	228
62	62
62	100
62	1
62	20
62	382
62	1060
62	15
62	699
62	276
62	290
62	1018
62	298
62	72
62	258
62	191
62	568
62	281
62	508
62	742
62	270
62	306
62	195
62	168
62	744
62	83
62	78
62	147
62	238
62	673
62	1028
62	98
62	294
62	14
62	582
62	302
62	605
62	747
62	1073
62	12
62	68
62	483
62	171
62	65
62	237
62	856
62	283
62	210
62	7
62	3
62	155
62	1136
62	47
62	55
62	125
62	196
62	56
62	498
62	24
62	815
62	475
62	174
62	1133
62	204
62	232
62	423
62	271
62	121
62	716
62	159
62	473
62	380
62	167
62	774
62	82
62	527
62	546
62	50
62	569
62	144
62	288
62	209
62	217
62	89
62	845
62	421
62	285
62	660
62	455
62	528
62	1128
62	69
62	164
62	53
62	472
62	511
62	541
62	151
62	866
62	213
62	664
62	132
62	597
62	249
62	225
62	252
62	128
62	676
62	318
62	173
62	111
62	129
62	763
62	70
62	704
62	466
62	44
62	230
62	365
62	8
62	59
62	729
62	559
62	182
62	190
62	723
62	955
62	22
62	134
62	207
62	443
62	697
62	273
62	1134
62	229
62	827
62	222
62	127
62	117
62	96
62	405
62	250
62	451
62	64
62	710
62	81
62	199
62	1016
62	357
62	241
62	931
62	1118
62	433
62	952
62	116
62	387
62	138
62	286
62	921
62	181
62	157
62	1107
62	924
62	702
62	875
62	118
62	1077
62	275
62	1135
62	153
62	685
62	514
62	463
62	9
62	1132
62	1074
62	227
62	431
406	713
406	747
406	480
406	163
406	10
406	1079
406	499
406	130
406	1008
406	479
406	173
406	429
406	218
406	196
406	179
406	148
406	32
406	462
406	420
406	153
406	573
406	670
406	563
406	5
406	100
406	217
406	276
406	624
406	526
406	606
406	515
406	168
406	737
406	274
406	11
406	469
406	15
406	239
406	181
406	208
406	71
406	699
406	1073
406	240
406	56
406	960
406	432
406	671
406	210
406	216
406	487
406	476
406	504
406	211
406	421
406	70
406	490
406	176
406	79
406	508
406	405
406	154
406	672
406	125
406	157
406	1126
406	701
406	633
406	151
406	281
406	425
406	505
406	657
406	93
406	611
406	483
406	732
406	185
406	612
406	234
406	23
406	942
406	652
406	511
406	502
406	608
406	382
406	638
406	191
406	132
406	919
406	825
406	492
406	575
406	693
406	172
406	164
406	317
406	651
406	501
406	463
406	13
406	396
406	431
406	712
406	428
406	582
406	144
406	133
406	433
406	675
406	1170
406	507
406	772
406	692
406	14
406	122
406	444
406	85
406	826
406	186
406	180
406	529
406	640
406	25
406	1118
406	523
406	558
406	48
406	282
406	466
406	769
406	524
406	705
406	1153
406	418
406	57
406	235
406	629
406	40
406	275
406	831
406	745
406	410
406	237
406	284
406	674
406	702
406	222
406	117
406	596
406	9
406	481
406	588
406	404
406	69
406	87
406	452
406	519
406	561
406	419
406	601
406	724
406	30
406	746
406	1047
406	447
406	381
406	632
406	150
406	1202
406	207
406	443
406	506
406	823
406	174
406	845
406	509
406	238
406	709
406	209
406	559
406	39
406	202
406	569
406	127
406	89
406	213
406	923
406	98
406	188
406	945
406	99
406	665
406	212
406	152
406	924
406	134
406	101
406	121
406	806
406	503
406	289
406	498
406	285
406	1109
406	631
406	434
406	602
406	7
406	367
406	204
406	97
406	228
406	220
406	219
406	735
406	175
406	521
406	92
406	183
406	205
406	451
406	430
406	368
406	1194
406	136
406	664
406	63
406	47
406	642
406	661
406	589
406	129
406	527
406	1147
406	517
406	1203
406	95
406	472
406	427
406	1065
406	96
406	1220
406	491
406	662
406	634
406	436
406	158
406	20
406	203
406	787
406	73
406	756
406	482
406	962
406	50
406	24
406	655
406	115
406	1
406	12
406	496
406	727
406	72
406	654
406	194
406	156
406	372
406	318
406	565
406	604
406	514
406	513
411	89
411	210
411	172
411	181
411	28
411	709
411	318
411	22
411	79
411	56
411	88
411	9
411	449
411	174
411	209
411	230
411	58
411	168
411	603
411	720
411	208
411	202
411	1475
411	222
411	258
411	227
411	451
411	276
411	186
411	228
411	8
411	568
411	1
411	1470
411	405
411	38
411	655
411	732
411	770
411	182
411	265
411	485
411	304
411	73
411	195
411	1197
411	435
411	4
270	66
270	230
270	183
270	60
270	742
270	17
270	83
270	217
270	421
270	222
270	275
270	596
270	327
270	387
270	531
270	79
270	860
270	800
270	241
270	603
270	13
270	553
270	56
270	257
270	50
270	185
270	279
270	173
270	1074
270	156
270	155
270	872
270	93
270	475
270	703
270	740
270	234
270	26
270	714
270	581
270	943
270	213
270	558
270	7
270	281
270	98
270	1210
270	1014
270	747
270	781
270	324
270	295
270	90
270	535
270	53
270	282
270	815
270	569
270	736
270	441
270	713
270	379
270	176
270	563
270	1119
270	251
270	370
270	447
270	559
270	219
270	778
270	283
270	145
270	471
270	928
270	466
270	1073
270	402
270	574
270	794
270	218
270	722
270	1148
270	584
270	288
270	244
270	70
270	286
270	684
270	148
270	265
270	88
270	25
270	306
270	97
270	739
270	250
270	226
270	356
270	583
270	5
270	707
270	551
270	1471
270	554
270	258
270	268
270	242
270	716
270	118
270	253
270	443
25	79
25	275
25	479
25	176
25	114
25	8
25	258
25	419
25	125
25	116
25	197
25	186
25	238
25	23
25	127
25	141
25	131
25	527
25	455
25	13
25	121
25	604
25	633
25	612
25	7
25	82
25	615
25	98
25	692
25	269
25	86
25	657
25	477
25	837
25	968
25	929
25	189
25	427
25	143
25	265
25	25
25	501
25	357
25	183
25	498
25	177
25	408
25	204
25	478
25	463
25	655
25	729
25	208
25	430
25	174
25	228
25	135
25	568
25	969
25	169
25	520
25	480
25	195
25	50
217	566
217	258
217	117
217	540
217	96
217	233
217	562
217	79
217	586
217	597
217	53
217	29
217	27
217	636
217	578
217	825
217	797
217	118
217	810
217	576
217	7
217	685
217	176
217	222
217	679
217	181
217	182
217	231
217	720
217	1222
217	82
217	550
217	684
217	761
217	56
217	2
217	147
217	183
217	22
217	281
217	33
217	195
217	840
217	172
217	17
217	121
217	174
217	398
217	391
217	210
217	1228
217	300
217	11
217	779
217	62
217	363
217	827
217	385
217	554
217	541
217	405
217	403
437	151
437	521
437	292
437	217
437	1142
437	683
437	961
437	301
437	14
437	200
437	276
437	83
437	203
437	566
437	42
437	507
437	71
437	176
437	672
437	99
437	969
437	183
437	463
437	23
437	286
437	705
437	237
437	748
437	52
437	94
437	1134
437	111
437	47
437	116
437	478
437	447
437	249
437	58
437	172
437	288
437	428
437	1113
437	629
437	946
437	234
437	730
437	450
437	559
437	423
437	708
437	8
437	191
437	716
437	512
437	1148
437	100
437	13
437	173
437	129
437	213
437	603
437	709
437	91
437	517
437	79
437	283
437	1227
437	497
437	287
437	195
437	739
437	28
437	190
437	466
437	1063
437	404
437	143
437	480
437	732
437	281
437	229
437	89
437	1161
437	1091
437	583
437	155
437	88
437	1006
437	219
437	660
437	658
437	462
437	1153
437	165
437	642
437	665
437	139
437	132
437	421
437	1262
437	162
437	166
437	134
437	393
437	501
437	606
437	86
437	69
437	436
437	842
437	118
437	523
437	97
437	101
437	674
437	476
437	443
437	5
437	482
437	56
437	1007
437	154
437	161
437	1404
437	98
437	121
437	1267
437	781
437	1036
437	1098
437	153
437	30
437	651
437	843
437	727
437	755
437	204
437	196
437	87
437	702
437	496
437	208
437	698
437	180
437	655
437	214
437	185
437	692
437	1075
437	696
437	697
437	737
437	238
437	418
437	156
437	179
437	152
437	216
437	70
437	207
437	135
437	137
437	244
437	1090
437	484
437	499
437	124
437	746
437	663
437	483
437	582
437	511
437	640
437	485
437	15
437	174
437	77
437	378
437	432
437	584
437	607
437	226
437	770
437	26
437	168
437	253
437	402
437	955
437	417
437	65
437	248
437	221
437	420
437	419
437	117
437	212
437	435
437	699
437	415
437	614
437	479
437	1039
437	182
437	95
437	794
437	239
437	50
437	275
437	82
437	319
437	387
268	252
268	1059
268	97
268	37
268	201
268	200
268	684
268	1208
268	259
268	405
268	472
268	1231
268	195
268	738
268	286
268	1091
268	51
268	208
268	717
268	562
268	456
268	379
268	16
268	580
268	404
268	810
268	721
268	449
268	108
268	558
268	235
268	164
268	249
268	189
268	790
268	179
268	1314
268	1110
268	55
268	60
268	61
268	1476
268	94
268	636
268	25
268	169
268	232
268	116
268	204
268	203
268	99
268	658
268	622
268	1188
268	525
268	229
268	576
268	470
268	395
268	134
268	1228
268	188
268	949
268	382
268	325
268	761
268	364
268	265
268	12
268	432
268	578
268	718
268	380
268	1074
268	407
268	825
268	205
268	105
268	161
268	561
268	1413
268	369
268	42
268	998
268	176
268	147
268	218
268	250
268	715
268	546
268	24
268	1016
268	747
268	370
268	436
268	800
268	198
268	541
268	1249
268	88
268	56
268	452
268	328
268	425
268	172
268	59
268	68
268	597
268	96
268	244
268	284
268	399
268	89
268	627
268	91
268	101
268	71
268	227
268	121
268	184
268	480
268	241
268	550
268	239
268	159
268	3
268	479
268	77
268	732
268	298
268	228
268	180
268	713
268	1041
268	226
268	95
268	384
268	381
268	230
268	145
268	583
268	477
268	294
268	1073
268	391
268	222
268	588
268	363
268	455
268	746
268	219
268	47
268	729
268	408
268	1273
268	7
268	186
268	129
268	1477
268	248
268	928
268	128
268	17
268	53
268	27
268	83
268	174
268	135
268	233
268	268
268	210
268	762
268	231
268	540
268	98
268	719
268	727
268	258
268	423
268	223
268	780
268	267
268	117
268	1079
268	302
268	433
268	940
268	123
268	1222
268	29
268	630
268	554
268	955
268	62
268	40
268	569
268	860
268	1303
268	324
268	70
268	31
268	217
268	183
268	264
268	483
268	768
268	574
268	357
268	151
268	21
268	100
268	544
268	506
268	92
268	33
268	374
268	79
268	139
268	143
268	153
268	831
268	1178
268	579
268	743
268	141
268	823
268	154
268	127
268	206
268	185
268	941
268	238
268	824
268	385
268	926
268	358
268	182
268	13
268	11
268	1035
268	122
268	1098
268	386
268	168
268	655
268	981
268	397
268	710
268	552
268	1046
268	699
268	52
268	453
268	1118
268	156
268	435
268	1054
268	402
268	211
268	194
268	246
268	181
268	450
268	665
815	87
815	69
815	135
815	233
815	313
815	582
815	190
815	96
815	433
815	217
815	712
815	686
815	419
815	132
815	71
815	435
815	596
815	134
815	675
815	182
815	603
815	705
815	181
815	357
815	215
815	226
815	216
815	523
815	655
815	521
815	200
815	144
815	483
815	684
815	252
815	515
815	214
815	1299
815	584
815	54
815	199
815	265
815	660
815	318
815	613
815	405
815	98
815	204
815	479
815	404
815	174
815	393
815	131
815	2
815	167
815	837
815	471
815	1078
815	127
815	99
815	1039
815	465
815	168
815	871
815	527
815	333
815	195
815	257
815	529
815	969
815	102
815	250
815	1157
815	494
815	89
815	418
815	141
815	485
815	175
815	28
815	151
815	524
815	179
815	227
815	1133
815	1
815	82
815	202
815	417
815	403
815	154
815	835
815	402
815	944
815	484
815	647
815	196
815	31
815	203
815	945
815	97
815	391
815	210
815	625
815	602
815	713
815	136
815	94
815	83
815	133
815	526
815	239
815	173
815	542
815	623
815	616
815	88
815	514
815	650
815	615
815	528
815	153
815	444
815	588
815	496
815	114
815	665
815	222
815	386
815	1204
815	559
815	432
815	671
815	639
815	228
815	443
815	230
815	392
815	159
815	163
815	176
815	240
815	65
815	258
815	735
815	732
815	86
325	521
325	483
325	480
325	529
325	325
325	656
325	835
325	650
325	205
325	628
325	485
325	154
325	174
325	193
325	133
325	1230
325	604
325	548
325	197
325	187
325	107
325	340
325	195
325	1018
325	319
325	525
325	99
325	505
325	434
325	506
325	511
325	185
325	271
325	50
325	527
325	737
325	640
325	510
325	211
325	177
325	865
325	647
325	286
325	179
325	517
325	180
325	1149
325	200
325	235
325	269
325	234
325	1232
325	771
325	654
325	526
325	134
325	430
325	492
325	514
325	493
325	188
325	164
325	1411
325	386
325	32
325	542
325	183
325	95
325	655
325	28
325	498
325	199
325	181
325	530
325	614
325	58
325	768
325	240
325	408
325	484
325	127
325	47
325	357
325	23
325	191
325	554
325	495
325	182
325	71
325	1203
325	272
325	16
325	458
325	115
325	135
325	82
325	435
325	175
325	236
325	403
325	1003
325	86
325	507
325	1118
325	345
325	152
325	143
325	208
325	504
325	105
325	132
325	186
325	313
325	305
22	550
22	154
22	144
22	89
22	4
22	233
22	687
22	265
22	168
22	386
22	184
22	403
22	204
22	455
22	651
22	85
22	294
22	998
22	105
22	29
22	449
22	523
22	1002
22	683
22	231
22	128
22	526
22	80
22	117
22	118
22	17
22	780
22	238
22	358
22	2
22	211
22	167
22	227
22	62
22	24
22	290
22	430
22	988
22	384
22	566
22	878
22	996
22	377
22	226
22	399
22	926
22	161
22	515
22	684
22	367
22	692
22	175
22	431
22	194
22	153
22	110
22	174
22	511
22	712
22	109
22	96
22	732
22	21
22	127
22	862
22	393
22	195
22	376
22	186
22	792
22	665
22	791
22	210
22	688
22	53
22	568
22	79
22	502
22	840
22	68
22	121
22	258
22	222
22	731
22	208
22	216
22	230
22	510
22	932
22	554
22	411
22	999
22	176
22	871
22	94
22	451
22	435
22	209
22	172
542	127
542	288
542	15
542	71
542	87
542	28
542	208
542	451
542	627
542	588
542	531
542	509
542	69
542	72
542	763
542	168
542	235
542	13
542	187
542	410
542	70
542	693
542	90
542	88
542	496
542	249
542	789
542	501
542	206
542	173
542	732
542	195
542	780
542	238
542	423
542	64
542	871
542	346
542	89
542	959
542	202
542	1218
542	172
542	209
542	47
542	411
542	132
542	80
542	347
542	94
542	179
542	121
542	42
542	22
542	655
542	150
542	432
542	433
542	191
542	8
542	237
542	56
542	721
542	196
542	734
542	315
542	181
542	508
542	818
542	318
542	396
542	625
542	194
542	50
542	401
542	427
542	746
542	180
542	204
542	48
542	23
542	240
542	214
542	100
542	95
542	399
542	386
542	97
542	73
542	41
542	384
542	109
542	435
542	210
542	1061
542	63
542	1
542	357
542	382
542	790
542	273
542	523
542	695
542	192
542	58
542	11
542	175
542	99
542	866
788	444
788	531
788	614
788	693
788	649
788	9
788	135
788	370
788	23
788	215
788	409
788	356
788	294
788	28
788	983
788	521
788	480
788	589
788	451
788	1139
788	182
788	405
788	483
788	284
788	810
788	629
788	148
788	237
788	96
788	431
788	157
788	44
788	200
788	141
788	241
788	193
788	79
788	100
788	645
788	4
788	723
788	69
788	357
788	68
788	623
788	528
788	125
788	540
788	121
788	89
788	10
788	621
788	323
788	1126
788	679
788	568
788	630
788	739
788	748
788	474
788	65
788	144
788	726
788	566
788	448
788	696
788	183
788	98
788	188
788	199
788	205
788	879
788	230
788	43
788	781
788	211
788	153
788	167
788	429
788	326
788	550
788	432
788	1459
788	692
788	38
788	963
788	391
788	29
788	55
788	556
788	51
788	22
788	809
788	235
788	447
788	185
788	117
788	270
788	586
788	186
788	228
788	112
788	651
788	554
788	582
788	282
788	470
788	286
788	175
788	684
788	662
788	657
788	1112
788	371
788	223
788	591
788	1277
788	226
788	172
788	639
788	85
788	73
788	194
788	427
788	754
788	579
788	399
788	828
788	53
788	1135
788	1107
788	176
788	549
788	670
788	570
788	597
788	637
788	363
788	736
788	823
788	520
788	46
788	227
788	498
788	11
788	492
788	471
788	519
788	720
788	553
788	433
788	82
788	180
788	231
788	289
788	234
788	58
788	56
788	661
788	1
788	204
788	755
788	546
788	744
788	281
788	504
788	435
788	380
788	12
788	133
788	699
788	523
788	162
788	302
788	511
788	572
788	984
788	1478
788	159
788	64
788	258
788	301
788	195
788	218
788	620
788	318
788	931
788	71
788	271
788	403
788	510
788	97
788	118
788	317
788	132
788	627
788	385
788	327
788	331
788	503
788	445
334	111
334	484
334	168
334	42
334	185
334	443
334	663
334	1137
334	529
334	855
334	283
334	290
334	29
334	1014
334	183
334	288
334	220
334	1016
334	176
334	1411
334	173
334	99
334	1108
334	969
334	142
334	50
334	297
334	1524
334	340
334	200
334	950
334	1198
334	306
334	130
334	945
334	1241
334	1008
334	870
334	322
334	28
334	203
334	640
334	515
334	132
334	14
334	678
334	23
334	1426
334	246
334	631
334	521
334	815
334	218
334	268
334	902
334	371
334	425
334	518
334	635
334	449
334	58
334	510
334	255
334	77
334	7
334	150
334	479
334	238
334	707
334	708
334	191
334	47
334	239
334	317
334	462
334	182
334	236
334	1313
334	428
334	276
334	1315
334	245
334	675
334	879
334	591
334	222
334	405
334	223
334	961
334	95
334	275
334	474
334	810
334	197
334	11
334	163
334	558
334	505
334	629
334	746
334	229
334	135
334	1006
334	712
334	228
334	319
334	1202
334	607
334	115
334	190
334	12
334	125
334	289
334	433
334	307
334	38
334	693
334	83
334	210
334	204
334	887
334	1041
334	282
334	313
334	304
334	628
334	312
334	338
334	231
334	89
334	709
334	485
334	302
334	1051
334	324
334	59
334	537
334	475
334	1226
334	346
334	286
334	684
334	429
334	224
334	506
334	207
334	22
334	170
334	689
334	117
334	10
334	305
334	603
334	213
334	582
334	1263
334	396
334	1020
334	905
334	69
334	129
334	1504
334	1404
334	866
334	81
334	642
334	248
334	716
334	652
334	512
334	882
334	496
334	181
334	792
334	955
334	710
334	70
334	494
334	258
334	318
334	483
334	553
334	68
334	174
334	481
334	316
334	121
334	153
334	293
334	171
334	269
334	500
334	931
334	403
334	82
334	566
334	1525
334	436
334	265
334	271
334	4
334	209
334	634
334	217
334	272
334	86
334	227
334	877
334	214
334	508
334	52
334	1207
334	886
334	100
334	137
334	899
334	502
334	1074
334	169
334	1312
334	561
334	13
334	179
334	347
334	608
334	9
334	193
334	235
334	569
334	655
334	303
334	498
334	840
334	450
334	865
334	74
334	476
334	257
334	387
334	71
334	333
334	328
334	155
334	427
334	187
334	277
334	419
334	1170
334	186
334	19
334	326
334	846
334	8
334	164
334	221
334	1073
334	1010
334	134
334	196
334	172
334	175
334	1133
334	1011
334	73
334	937
334	549
334	761
10	168
10	197
10	275
10	657
10	711
10	245
10	319
10	404
10	709
10	656
10	116
10	194
10	137
10	60
10	704
10	696
10	238
10	85
10	692
10	157
10	463
10	606
10	502
10	467
10	56
10	663
10	162
10	40
10	223
10	70
10	289
10	474
10	176
10	1
10	276
10	334
10	333
10	447
10	11
10	629
10	155
10	430
10	470
10	480
10	13
10	371
10	218
10	12
10	582
10	615
10	191
10	498
10	183
10	133
10	129
10	700
10	603
10	509
10	697
10	420
10	69
10	495
10	489
10	285
10	23
10	211
10	164
10	7
10	286
10	664
10	611
10	418
10	234
10	519
10	180
10	179
10	710
10	529
10	192
10	200
10	59
10	99
10	385
10	144
10	33
10	198
10	435
10	652
10	199
10	432
10	589
10	479
10	4
10	708
10	340
10	504
10	531
10	100
10	610
10	132
10	518
10	195
10	203
10	156
10	530
10	127
10	513
10	273
10	216
10	707
10	64
10	527
10	461
10	484
10	511
10	699
10	274
10	654
10	221
10	588
10	182
10	486
10	604
10	367
10	98
10	521
10	185
10	651
10	82
10	50
10	694
10	283
10	161
10	153
10	488
10	483
10	706
10	230
10	462
10	302
10	703
10	22
10	505
10	602
10	321
10	414
10	357
10	686
653	823
653	128
653	1044
653	167
653	121
653	425
653	1183
653	230
653	722
653	526
653	566
653	181
653	54
653	1101
653	1012
653	967
653	176
653	191
653	300
653	518
653	1267
653	202
653	1016
653	222
653	56
653	229
653	578
653	511
653	657
653	702
653	70
653	136
653	168
653	502
653	226
653	154
653	1228
653	737
653	571
653	132
653	1046
653	233
653	685
653	620
653	307
653	161
653	234
653	523
653	55
653	642
653	563
653	790
653	237
653	941
653	482
653	172
653	258
653	15
653	216
653	180
653	1444
653	11
653	686
653	152
653	118
653	77
653	944
653	756
653	204
653	431
653	474
653	755
653	448
653	409
653	53
653	208
653	1207
653	357
653	127
653	87
653	219
653	318
653	328
653	476
653	286
653	451
653	210
653	572
653	69
653	447
653	333
653	294
653	156
653	693
653	576
653	638
653	199
653	388
653	88
653	1065
653	746
653	185
653	659
653	2
653	1244
653	1136
653	670
653	179
653	4
653	163
653	160
653	509
653	193
653	444
653	862
653	1206
653	407
653	517
653	378
653	232
653	742
653	187
653	96
653	164
653	101
653	405
653	22
653	205
653	238
653	411
653	125
653	732
653	771
653	436
653	1135
653	28
653	63
653	521
653	654
653	117
653	145
653	196
653	83
653	809
653	182
653	142
653	428
653	386
653	188
653	177
653	194
653	779
653	797
653	265
653	371
653	153
653	410
653	719
653	423
653	313
653	765
653	79
653	455
653	763
653	89
653	1188
653	1087
653	492
653	674
653	395
653	367
653	245
653	381
653	739
653	248
653	214
653	197
653	684
653	272
653	1028
653	984
653	480
653	38
653	573
653	496
653	62
653	195
653	1
653	1139
653	139
653	631
653	508
653	403
653	174
653	458
653	531
653	575
653	506
653	213
653	728
653	1023
653	227
653	622
653	550
653	819
653	1210
653	186
653	175
653	527
653	257
653	510
653	581
653	708
653	712
653	151
653	628
653	520
653	135
653	98
653	393
653	1132
653	144
653	291
653	94
653	366
653	198
653	310
398	520
398	153
398	603
398	13
398	125
398	47
398	602
398	479
398	494
398	993
398	700
398	82
398	234
398	417
398	610
398	481
398	159
398	484
398	135
398	427
398	152
398	474
398	79
398	194
398	173
398	174
398	429
398	478
398	502
398	158
398	476
398	178
398	230
398	88
398	283
398	168
398	117
398	167
398	969
398	183
398	191
398	199
398	493
398	87
398	94
398	176
398	86
398	991
398	8
398	227
398	181
398	197
398	2
398	756
398	403
398	504
398	582
398	66
398	684
398	71
398	648
398	276
398	15
398	589
398	1020
398	49
398	56
398	661
398	58
398	127
398	423
398	208
398	655
398	284
398	185
398	144
398	385
398	659
398	132
398	510
398	591
398	367
398	237
398	588
398	663
398	12
398	633
398	203
398	72
398	501
398	100
398	953
398	519
398	126
398	133
398	1119
398	1041
398	715
398	498
398	432
398	414
398	514
398	732
398	95
398	712
398	73
398	134
398	483
398	31
398	521
398	662
398	393
398	204
398	4
398	399
398	491
398	357
398	196
398	708
398	705
398	735
398	523
398	435
398	229
398	124
398	70
398	485
398	50
398	482
398	28
398	216
398	69
398	430
398	496
398	64
398	111
398	692
398	495
453	223
453	655
453	364
453	79
453	246
453	475
453	196
453	174
453	550
453	73
453	1032
453	97
453	254
453	248
453	68
453	144
453	273
453	85
453	25
453	357
453	49
453	552
453	628
453	282
453	423
453	7
453	120
453	238
453	508
453	742
453	33
453	790
453	652
453	272
453	239
453	288
453	237
453	354
453	276
453	586
453	412
453	1079
453	403
453	4
453	99
453	496
453	151
453	214
453	184
453	17
453	416
453	158
453	50
453	750
453	80
453	401
453	421
453	826
453	156
453	1273
453	451
453	125
453	384
453	143
453	234
453	1016
453	651
453	172
453	48
453	188
453	69
453	385
453	94
453	721
453	1017
453	732
453	697
453	204
453	233
453	55
453	12
453	186
453	453
453	402
453	215
453	427
453	424
453	11
453	202
453	1157
453	154
453	157
453	471
453	684
453	575
453	717
453	226
453	181
453	90
453	77
453	476
453	132
453	941
453	9
453	22
453	693
453	117
453	298
453	164
453	229
453	393
453	3
453	82
453	568
453	122
453	1303
453	1170
453	168
453	369
453	410
453	515
453	100
453	56
453	1145
453	1037
453	963
693	693
693	581
693	174
693	134
693	443
693	521
693	427
693	423
693	50
693	1522
693	176
693	215
693	97
693	39
693	211
693	298
693	685
693	185
693	300
693	313
693	651
693	144
693	229
693	222
693	572
693	162
693	234
693	428
693	288
693	855
693	631
693	546
693	484
693	472
693	509
693	654
693	488
693	53
693	568
693	79
693	432
693	977
693	492
693	660
693	673
693	135
693	480
693	191
693	632
693	483
693	591
693	161
693	318
693	192
693	1090
693	48
693	611
693	1248
693	576
693	121
693	649
693	735
693	282
693	402
693	662
693	218
693	186
693	742
693	180
693	582
693	258
693	88
693	58
693	23
693	403
693	333
693	378
693	289
693	650
693	604
693	636
693	528
693	291
693	1311
693	708
693	159
693	12
693	98
693	1232
693	357
693	9
693	655
693	127
693	606
693	96
693	187
693	942
693	272
693	193
693	157
693	523
693	504
693	506
693	499
693	118
693	419
693	188
693	216
693	172
693	69
693	28
693	664
693	628
693	11
693	281
693	1145
693	132
693	273
693	56
693	196
693	99
693	507
693	199
693	520
279	1493
279	211
279	1118
279	2
279	544
279	214
279	1498
279	130
279	1484
279	421
279	1489
279	1182
279	1215
279	571
279	129
279	397
279	780
279	759
279	16
279	165
279	1219
279	236
279	578
279	624
279	227
279	169
279	50
279	433
279	1039
279	121
279	367
279	207
279	60
279	1027
279	662
279	1180
279	108
279	396
279	228
279	823
279	659
279	1361
279	952
279	833
279	444
279	1435
279	1494
279	235
279	1093
279	226
279	1228
279	44
279	230
279	1312
279	418
279	1495
279	727
279	1274
279	919
279	1491
279	1240
279	265
279	486
279	146
279	257
279	843
279	63
279	184
279	144
279	562
279	529
279	153
279	1001
279	853
279	945
279	977
279	1488
279	40
279	62
279	789
279	753
279	156
279	385
279	1162
279	932
279	275
279	429
279	172
279	464
279	4
279	73
279	625
279	42
279	67
279	577
279	41
279	203
279	163
279	1411
279	137
279	283
279	1209
279	541
279	342
279	556
279	644
279	59
279	95
279	1133
279	229
279	534
279	597
279	431
279	191
279	712
279	21
279	25
279	428
279	802
279	193
279	1007
279	65
279	222
279	386
279	760
279	940
279	393
279	922
279	728
279	1030
279	1088
279	321
279	630
279	1497
279	1231
279	408
279	1321
279	248
279	978
279	946
279	284
279	455
279	1444
279	489
279	434
279	470
279	79
279	797
279	154
279	202
279	1121
279	1072
279	231
279	32
279	810
279	291
279	190
279	1048
279	388
279	10
279	167
279	375
279	502
279	209
279	180
279	636
279	1247
279	1250
279	1151
279	671
279	660
279	1402
279	410
279	1113
279	1011
279	948
279	398
279	1095
279	530
279	413
279	242
279	29
279	1132
279	1490
279	47
279	469
279	269
279	186
279	195
279	52
279	472
279	1230
279	1052
279	204
279	117
279	13
279	139
279	224
279	649
279	96
279	804
279	586
279	871
279	116
279	709
279	576
279	1032
279	1486
279	1487
279	170
279	1025
279	64
279	168
279	239
279	547
279	301
279	122
279	558
279	517
279	259
279	120
279	1480
279	976
279	101
279	432
279	462
279	702
279	240
279	491
279	546
279	744
279	181
279	1481
279	764
279	474
279	739
279	68
279	175
279	1000
279	732
279	174
279	7
279	687
279	501
279	451
279	131
279	374
279	1087
279	566
279	832
279	273
279	1291
279	1120
279	114
279	412
279	1108
279	70
279	992
279	998
279	1181
279	721
279	901
279	1499
279	1413
279	465
279	216
279	249
279	710
279	66
279	254
279	87
279	751
279	638
279	56
279	373
279	1336
279	762
279	152
279	1170
279	198
279	88
279	740
279	401
279	99
279	201
279	83
279	450
279	1028
279	208
279	845
279	490
279	158
279	407
279	81
279	1224
279	390
279	982
279	509
279	666
279	1244
279	591
279	778
279	862
279	1437
279	166
279	1500
279	820
279	652
279	294
279	17
279	403
279	792
279	28
279	1496
279	763
279	274
279	1428
279	461
279	173
279	128
279	290
279	890
279	319
279	1376
279	1178
279	33
279	805
279	219
279	969
279	238
279	990
279	1110
279	482
279	1492
279	713
279	854
279	1
279	71
279	781
279	532
279	109
279	100
279	1012
279	809
279	1239
279	684
279	425
279	80
390	690
390	1
390	9
390	1296
390	754
390	319
390	329
390	13
390	277
390	990
390	124
390	331
390	289
390	328
390	475
390	742
390	713
390	515
390	100
390	283
390	304
390	300
390	845
390	286
390	126
874	127
874	14
874	514
874	313
874	124
874	340
874	311
874	357
874	346
874	748
874	191
874	286
874	276
874	285
874	306
874	521
874	321
874	111
874	182
874	751
874	116
874	150
874	100
874	654
874	137
874	325
874	20
874	305
500	469
500	129
500	775
500	168
500	100
500	1047
500	1014
500	836
500	179
500	10
500	217
500	244
500	316
500	714
500	831
500	472
500	319
500	49
500	8
500	300
500	1166
500	235
500	284
500	402
500	370
500	619
500	996
500	405
500	387
500	118
500	412
500	282
500	471
500	464
500	1048
500	181
500	242
500	531
500	1326
500	462
500	845
500	729
500	535
500	988
500	699
500	1324
500	1311
500	1226
500	237
500	196
500	182
500	930
500	62
500	559
500	479
500	708
500	476
500	381
500	498
500	640
500	1441
500	1385
500	568
500	546
500	258
500	554
500	15
500	1163
500	31
500	120
500	82
500	827
500	7
500	301
500	9
500	721
500	727
500	210
500	367
500	514
500	755
500	121
500	202
500	283
500	286
500	763
500	557
500	295
500	255
500	93
500	174
500	371
500	97
500	94
500	971
500	42
500	246
500	28
500	1018
500	89
500	313
500	88
500	423
500	815
500	582
500	116
500	72
500	285
500	552
500	287
500	639
500	274
500	735
500	660
500	1111
500	13
500	509
500	83
500	421
500	117
500	1
500	216
500	252
500	328
500	16
500	1315
500	70
500	56
500	238
500	275
500	740
500	1057
500	250
500	529
500	161
500	151
500	742
500	234
500	762
500	522
500	304
500	111
500	611
500	358
500	289
500	569
500	411
500	245
500	98
500	1008
500	30
500	448
500	781
500	325
500	204
500	25
500	268
500	170
500	964
500	159
500	45
500	44
500	709
500	208
500	1009
500	517
500	407
500	425
500	532
500	60
500	919
500	294
500	223
500	215
500	183
500	249
500	1010
500	396
500	662
500	298
500	3
294	826
294	535
294	1
294	840
294	21
294	902
294	7
294	405
294	254
294	483
294	117
294	332
294	1134
294	258
294	327
294	829
294	619
294	751
294	986
294	340
294	245
294	930
294	678
294	346
294	324
294	181
294	1012
294	1014
294	255
294	334
294	148
294	1013
294	597
294	325
294	1047
294	676
294	322
294	546
294	406
294	123
294	127
294	271
294	895
294	1132
294	50
294	1079
294	257
294	276
294	1011
294	121
294	286
294	455
294	313
294	872
294	79
294	291
294	879
294	742
294	100
294	260
294	328
294	273
294	295
294	282
294	240
294	928
294	1199
294	876
294	288
294	125
294	475
294	111
294	979
294	120
294	118
294	544
294	331
294	151
294	250
294	347
294	248
294	333
294	827
294	823
294	343
294	1254
294	354
294	323
294	307
294	538
294	147
294	235
294	252
294	411
294	476
294	10
294	413
294	603
294	1081
294	1016
294	1088
294	472
294	931
294	825
294	363
294	749
294	1067
294	539
294	1089
294	350
294	109
294	743
294	358
294	689
294	342
294	355
294	298
294	881
294	300
294	237
288	234
288	50
288	286
288	199
288	632
288	210
288	887
288	688
288	435
288	527
288	182
288	651
288	511
288	97
288	69
288	515
288	174
288	190
288	289
288	121
288	22
288	300
288	237
288	15
288	318
288	427
288	340
288	98
288	200
288	1358
288	528
288	305
288	178
288	12
288	357
288	1065
288	176
288	216
288	327
288	64
288	742
288	197
288	345
288	900
288	1039
288	205
288	269
288	317
288	593
288	211
288	272
288	196
288	276
288	268
288	223
288	294
288	134
288	180
288	544
288	127
288	173
94	1101
94	12
94	727
94	227
94	177
94	584
94	715
94	58
94	1028
94	405
94	647
94	204
94	55
94	721
94	28
94	997
94	61
94	572
94	127
94	135
94	302
94	829
94	1045
94	52
94	569
94	423
94	260
94	665
94	286
94	541
94	700
94	744
94	477
94	317
94	631
94	97
94	797
94	951
94	809
94	810
94	1110
94	29
94	1135
94	1206
94	111
94	716
94	144
94	576
94	219
94	710
94	83
94	642
94	1091
94	34
94	1188
94	246
94	458
94	674
94	750
94	527
94	66
94	586
94	433
94	121
94	228
94	191
94	195
94	455
94	193
94	738
94	403
94	164
94	432
94	11
94	421
94	443
94	820
94	1219
94	510
94	88
94	54
94	588
94	172
94	692
94	1119
94	650
94	79
94	451
94	45
94	616
94	657
94	203
94	508
94	109
94	372
94	229
94	470
94	392
94	293
94	31
94	225
94	151
94	8
94	961
94	56
94	24
94	1221
94	969
94	465
94	921
94	133
94	949
94	170
94	355
94	347
94	544
94	679
94	746
94	792
94	471
94	722
94	562
94	686
94	646
94	208
94	390
94	930
94	399
94	806
94	824
94	412
94	1048
94	201
94	356
94	76
94	786
94	102
94	670
94	366
94	474
94	496
94	739
94	813
94	1118
94	38
94	509
94	546
94	217
94	94
94	518
94	179
94	448
94	637
94	318
94	932
94	39
94	625
94	194
94	64
94	274
94	391
94	47
94	273
94	469
94	125
94	99
94	690
94	959
94	428
94	196
94	419
94	42
94	583
94	63
94	418
94	741
94	654
94	684
94	223
94	581
94	334
94	550
94	90
94	742
94	731
94	132
94	736
94	100
94	585
94	160
94	328
94	118
94	808
94	173
94	644
94	153
94	159
94	190
94	257
94	222
94	180
94	214
94	161
94	62
94	192
94	561
94	22
94	1225
94	258
94	1220
94	1153
94	864
94	380
94	216
94	206
94	281
94	53
94	720
94	783
94	357
94	425
94	525
94	436
94	143
94	417
94	528
94	250
94	1011
94	365
94	25
94	763
94	245
94	185
94	92
94	1007
94	1058
94	928
94	431
94	483
94	587
94	655
94	9
94	402
94	944
94	435
94	80
94	735
94	506
94	215
94	71
94	789
94	218
94	313
94	175
94	248
94	183
94	186
94	89
94	1046
94	232
94	1032
94	210
94	993
94	187
94	184
94	32
94	537
94	404
94	942
94	188
94	202
94	86
94	238
94	549
94	629
94	211
94	501
94	946
94	1223
94	1089
94	1010
94	338
94	703
94	369
94	467
94	636
94	81
94	627
94	1226
94	860
94	696
94	200
94	939
94	23
94	385
94	7
94	33
94	556
94	168
94	174
94	1218
94	209
94	1211
94	235
94	923
94	1
94	72
94	1012
94	723
94	101
94	568
94	800
94	447
94	234
94	155
94	226
94	622
94	823
94	98
94	176
716	213
716	153
716	965
716	866
716	186
716	47
716	218
716	425
716	486
716	151
716	108
716	143
716	628
716	507
716	283
716	86
716	566
716	417
716	1203
716	144
716	499
716	183
716	601
716	298
716	735
716	194
716	31
716	176
716	696
716	489
716	52
716	91
716	614
716	1
716	423
716	611
716	480
716	622
716	190
716	427
716	64
716	98
716	660
716	842
716	487
716	173
716	185
716	28
716	381
716	117
716	570
716	414
716	208
716	498
716	707
716	823
716	525
716	159
716	180
716	650
716	229
716	515
716	494
716	451
716	495
716	473
716	1047
716	1286
716	837
716	197
716	318
716	69
716	50
716	503
716	418
716	484
716	501
716	127
716	526
716	568
716	131
716	956
716	443
716	514
716	102
716	293
716	215
716	496
716	392
716	732
716	56
716	520
716	111
716	393
716	836
716	636
716	661
716	602
716	505
716	633
716	118
716	70
716	83
716	162
716	655
716	202
716	472
716	300
716	95
716	511
716	1126
716	631
716	1039
716	216
716	191
716	97
716	465
716	142
716	172
716	282
716	136
716	405
716	187
716	11
716	22
716	470
716	632
716	969
716	357
716	549
716	740
716	468
716	559
716	659
716	432
716	257
716	588
716	488
716	192
716	504
716	234
716	178
716	82
716	88
716	204
716	387
716	420
716	385
716	1101
716	25
716	675
716	195
716	517
716	4
716	399
716	692
716	490
716	663
716	483
716	196
716	1269
716	154
716	605
716	491
716	506
716	435
716	792
716	161
716	609
716	203
716	428
716	200
716	294
716	230
716	260
716	412
716	1050
716	275
716	519
716	705
716	193
716	160
716	485
716	708
716	79
716	949
716	121
716	604
716	228
716	521
716	211
716	474
716	724
716	662
716	72
716	23
716	174
716	58
716	340
716	1124
716	620
716	135
716	482
716	163
716	209
716	603
716	673
716	49
716	157
716	168
716	627
716	546
716	248
716	238
716	73
716	81
716	430
83	204
83	756
83	69
83	584
83	31
83	125
83	118
83	795
83	932
83	254
83	121
83	319
83	406
83	409
83	338
83	580
83	832
83	356
83	117
83	1016
83	479
83	139
83	929
83	106
83	186
83	543
83	28
83	243
83	181
83	546
83	216
83	233
83	364
83	720
83	300
83	411
83	1165
83	265
83	704
83	4
83	845
83	50
83	235
83	1035
83	1049
83	755
83	88
83	871
83	249
83	576
83	25
83	252
83	245
83	660
83	43
83	78
83	234
83	110
83	407
83	281
83	663
83	63
83	413
83	259
83	323
83	393
83	70
83	862
83	95
83	575
83	405
83	56
83	684
83	298
83	22
83	728
83	151
83	568
83	322
83	866
83	623
83	820
83	692
83	597
83	255
83	748
83	640
83	174
83	274
83	391
83	864
83	476
83	609
83	423
83	161
83	508
83	105
83	64
83	94
83	248
83	477
83	768
83	412
83	591
83	210
83	66
83	225
83	566
83	732
83	452
83	1047
83	471
83	722
83	215
83	892
83	1060
83	944
83	1028
83	527
83	82
83	1
83	191
83	465
83	631
83	122
109	357
109	425
109	248
109	8
109	291
109	790
109	42
109	89
109	1011
109	820
109	986
109	196
109	158
109	317
109	475
109	31
109	365
109	732
109	230
109	392
109	809
109	238
109	322
109	58
109	25
109	181
109	1060
109	763
109	405
109	90
109	147
109	552
109	1023
109	584
109	252
109	566
109	82
109	122
109	173
109	281
109	258
109	282
109	318
109	234
109	441
109	204
109	72
109	202
109	12
109	88
109	64
109	117
109	520
109	1014
109	409
109	928
109	449
109	7
109	930
109	845
109	245
109	636
109	127
109	175
109	631
109	288
109	395
109	157
109	70
109	423
109	595
109	162
109	278
109	665
109	679
109	834
109	186
109	373
109	227
109	431
109	183
109	1228
109	81
109	411
109	796
109	527
109	627
109	393
109	239
109	295
109	77
109	451
109	17
109	200
109	388
109	161
109	1039
109	231
109	159
109	95
109	949
109	546
109	216
109	1157
109	121
109	944
109	118
109	871
109	742
109	111
109	294
109	755
109	1
109	391
109	63
109	177
109	222
109	94
109	762
109	1016
109	559
109	50
109	564
109	131
109	1245
109	722
109	228
109	410
109	358
109	413
109	715
109	1161
109	402
109	1139
109	940
109	98
109	975
109	180
109	1035
109	576
109	67
109	1074
109	9
109	1028
109	237
109	62
109	4
109	403
109	931
109	191
109	1135
109	797
109	508
109	97
109	11
109	356
109	101
109	168
109	53
109	69
109	211
109	96
109	214
109	210
109	550
109	531
109	866
109	332
109	218
109	323
109	826
109	380
109	257
109	588
109	28
109	924
109	68
109	1210
109	385
109	125
109	55
109	56
109	823
109	151
109	29
109	156
109	176
109	367
599	476
599	763
599	866
599	1048
599	682
599	948
599	276
599	111
599	975
599	535
599	274
599	471
599	546
599	846
599	508
599	1014
599	748
599	873
599	595
599	756
599	319
599	255
599	1
599	284
599	282
599	872
599	815
599	1278
599	120
599	294
599	1152
599	928
599	280
599	237
599	245
599	934
599	260
599	220
599	988
52	95
52	762
52	100
52	19
52	151
52	748
52	107
52	527
52	237
52	13
52	93
52	287
52	815
52	845
52	864
52	588
52	531
52	1011
52	1086
52	1085
52	475
52	742
52	405
52	427
52	288
52	285
52	333
52	111
52	258
52	919
52	191
52	498
52	463
52	116
52	302
52	280
52	741
52	117
52	121
52	15
52	7
52	25
52	204
52	257
52	471
52	277
336	734
336	395
336	124
336	90
336	1118
336	122
336	628
336	216
336	1079
336	13
336	66
336	282
336	42
336	405
336	158
336	959
336	1037
336	585
336	1496
336	33
336	56
336	41
336	239
336	1059
336	579
336	999
336	368
336	1218
336	4
336	26
336	1051
336	926
336	1
336	399
336	186
336	765
336	275
336	998
336	49
336	204
336	288
336	367
336	232
336	1437
336	451
336	1094
336	72
336	780
336	742
336	111
336	1098
336	1249
336	746
336	859
336	738
336	50
336	790
336	949
336	151
336	3
336	1188
336	67
336	1057
336	722
336	871
336	108
336	475
336	393
336	290
336	85
336	619
336	401
336	1183
336	716
336	732
336	1041
336	1047
336	785
336	591
336	781
336	383
336	762
336	153
336	410
336	1012
336	845
336	125
336	407
336	824
336	655
336	208
336	1017
336	210
336	571
336	577
336	710
336	100
336	763
336	154
336	1048
336	168
336	63
336	864
336	575
504	127
504	396
504	382
504	248
504	208
504	409
504	1041
504	75
504	529
504	485
504	106
504	1136
504	503
504	1037
504	1437
504	575
504	234
504	155
504	452
504	392
504	364
504	595
504	142
504	211
504	151
504	357
504	620
504	385
504	725
504	295
504	238
504	197
504	186
504	158
504	168
504	1084
504	25
504	125
504	559
504	543
504	68
504	1118
504	180
504	928
504	117
504	527
504	88
504	807
504	237
504	100
504	240
504	118
504	77
504	94
504	141
504	973
504	202
504	200
504	163
504	1421
504	728
504	300
504	791
504	1135
504	1263
504	633
504	196
504	504
504	58
504	546
504	448
504	212
504	199
504	479
504	699
504	561
504	122
504	318
504	719
504	288
504	441
504	716
504	403
504	969
504	210
504	423
504	1415
504	411
504	729
504	773
504	419
504	384
504	205
504	176
504	401
504	291
504	563
504	53
504	612
504	622
504	1277
504	98
504	9
504	629
504	258
504	735
504	660
504	655
504	139
504	723
504	1444
504	414
504	514
504	161
504	185
504	225
504	417
504	322
504	194
504	742
504	133
504	132
504	418
504	143
504	292
504	1442
504	356
504	51
504	420
504	579
504	219
504	99
504	651
504	97
504	56
504	449
504	63
504	40
504	416
504	454
504	731
504	50
504	330
504	1050
504	705
504	67
504	65
504	404
504	631
504	678
504	693
504	183
504	154
504	1110
504	505
504	1522
504	1133
504	223
504	462
504	372
504	755
504	399
504	187
504	939
504	307
504	717
504	517
504	526
504	70
504	664
504	102
504	90
504	281
504	942
504	676
504	204
504	834
504	567
504	294
504	96
504	548
504	66
504	162
504	756
504	181
504	1046
504	4
504	298
504	632
504	69
504	282
504	1004
504	443
504	447
504	195
504	961
504	537
504	623
504	1508
504	245
504	465
876	604
876	286
876	529
876	318
876	523
876	294
876	187
876	276
876	22
876	511
876	435
876	288
876	19
876	178
876	289
876	48
876	878
587	259
587	914
587	988
587	1625
587	268
587	310
587	305
587	269
587	339
587	294
587	1624
587	749
587	887
587	292
587	878
587	750
587	331
587	323
587	321
587	351
587	325
587	261
587	895
587	328
587	319
587	313
587	266
587	680
587	539
587	687
587	307
587	918
587	873
587	302
587	1483
587	304
587	333
587	260
587	877
587	286
587	886
587	343
587	890
587	245
587	989
587	347
587	334
587	691
587	880
587	271
587	327
587	308
587	748
587	879
587	690
587	905
587	342
587	681
587	358
587	353
587	262
587	682
587	938
587	289
587	315
587	303
587	301
587	340
587	332
587	876
587	881
587	678
587	264
587	937
587	288
587	688
587	243
587	355
587	330
587	272
659	73
659	173
659	23
659	498
659	474
659	603
659	502
659	569
659	1138
659	578
659	257
659	192
659	4
659	423
659	188
659	180
659	419
659	96
659	393
659	673
659	739
659	507
659	172
659	76
659	1119
659	611
659	153
659	708
659	50
659	524
659	479
659	197
659	135
659	215
659	499
659	568
659	514
659	191
659	258
659	167
659	144
659	609
659	505
659	654
659	202
659	216
659	616
659	486
659	58
659	269
659	664
659	98
659	88
659	241
659	566
659	82
659	182
659	646
659	86
659	836
659	161
659	13
659	636
659	234
659	1044
659	356
659	661
659	127
659	174
659	315
659	467
659	837
659	357
659	43
659	218
659	1168
659	519
659	134
659	675
659	157
659	319
659	317
659	705
659	606
659	402
659	159
659	512
659	647
659	272
659	143
659	77
659	559
659	1064
659	655
659	448
659	657
659	607
659	604
659	1021
659	49
659	186
659	204
659	226
659	387
659	792
659	131
659	492
659	7
659	181
659	610
659	66
659	855
659	183
659	177
659	199
659	185
659	762
659	176
659	443
659	187
659	469
659	526
659	735
659	1297
659	602
659	70
659	162
659	121
659	211
659	1267
659	642
659	494
659	629
659	517
659	659
659	164
659	170
659	64
659	490
659	345
659	97
659	79
659	496
659	367
659	805
659	794
659	447
659	451
659	255
659	210
659	489
659	720
659	179
275	472
275	969
275	1219
275	515
275	636
275	625
275	473
275	679
275	448
275	181
275	449
275	164
275	154
275	89
275	121
275	588
275	222
275	186
275	226
275	294
275	257
275	62
275	450
275	930
275	946
275	117
275	496
275	229
275	162
275	423
275	431
275	135
275	95
275	101
275	199
275	169
275	501
275	432
275	228
275	825
275	624
275	746
275	208
275	96
275	380
275	434
275	144
275	393
275	451
275	174
275	435
275	71
275	405
275	191
275	28
275	258
275	408
275	50
275	99
275	826
275	202
275	210
275	597
275	102
275	300
275	196
275	1066
275	627
275	523
275	542
275	1
275	304
275	69
275	98
275	132
275	265
275	419
455	176
455	44
455	531
455	65
455	123
455	89
455	508
455	628
455	1265
455	463
455	447
455	164
455	183
455	126
455	405
455	258
455	1
455	288
455	2
455	660
455	1160
455	245
455	1174
455	298
455	121
455	343
455	58
455	52
455	276
455	197
455	57
455	239
455	269
455	939
455	161
455	553
455	70
455	7
455	230
455	568
455	744
455	307
455	282
455	95
455	4
455	28
455	747
455	692
455	96
455	1136
455	504
455	31
455	50
455	372
455	518
455	181
455	738
455	582
455	234
455	77
455	173
455	435
455	255
455	755
455	222
455	17
455	286
455	191
455	270
455	318
455	716
455	237
455	584
455	529
455	172
455	87
455	662
455	193
455	257
455	223
455	79
455	597
455	778
455	144
455	581
455	250
455	14
455	281
455	25
455	511
455	56
455	465
455	127
455	313
455	20
455	1171
455	1028
455	82
455	204
455	546
455	393
455	174
455	550
455	15
455	898
455	323
455	117
455	196
455	1137
455	293
455	259
455	291
455	727
455	69
455	11
455	924
455	1034
455	170
455	42
455	736
455	8
455	97
455	627
455	100
455	321
455	24
455	462
455	275
455	98
455	382
455	47
455	39
455	214
455	523
455	629
455	724
455	252
455	1197
455	289
455	12
455	549
455	135
455	402
455	40
455	475
455	317
455	279
455	241
455	380
455	334
455	9
455	709
455	471
487	833
487	282
487	685
487	803
487	419
487	402
487	568
487	318
487	978
487	95
487	313
487	720
487	125
487	578
487	1019
487	156
487	87
487	566
487	140
487	1217
487	652
487	293
487	173
487	43
487	260
487	274
487	399
487	1044
487	823
487	172
487	783
487	1314
487	71
487	179
487	393
487	432
487	73
487	549
487	404
487	196
487	202
487	215
487	117
487	82
487	779
487	174
487	237
487	298
487	772
487	270
487	380
487	658
487	471
487	781
487	222
487	1220
487	710
487	367
487	143
487	204
487	1410
487	259
487	349
487	684
487	4
487	627
487	1244
487	249
487	226
487	194
487	735
487	462
487	1035
487	31
487	802
487	405
487	183
487	248
487	144
487	64
487	258
487	232
487	55
487	412
487	97
487	128
487	2
487	56
487	789
487	790
487	423
487	45
487	160
487	689
487	739
487	92
487	197
487	28
487	121
487	22
487	672
487	188
487	150
487	81
487	24
487	1276
487	85
487	591
487	231
487	939
487	956
487	11
487	94
487	356
487	98
487	820
487	411
487	218
487	1446
487	3
487	136
487	651
487	195
487	289
487	455
487	265
487	340
487	25
487	713
487	49
487	932
487	111
487	921
487	69
487	747
487	294
487	679
487	88
487	541
487	230
487	732
487	66
487	546
487	178
487	366
487	216
487	76
487	206
487	79
487	1425
487	286
487	347
487	550
487	273
487	620
487	255
487	1
487	1440
487	586
487	966
487	276
487	229
487	540
487	588
487	42
487	58
487	288
487	38
487	100
487	191
487	77
487	62
487	333
487	1074
487	378
487	431
487	474
487	27
487	96
487	385
487	809
487	686
487	133
487	596
487	99
712	731
712	486
712	1055
712	790
712	401
712	451
712	418
712	462
712	1074
712	944
712	82
712	99
712	568
712	768
712	69
712	1221
712	142
712	398
712	49
712	367
712	178
712	746
712	1469
712	738
712	575
712	724
712	433
712	560
712	1091
712	716
712	732
712	393
712	729
712	26
712	143
712	785
712	395
712	392
712	423
712	238
712	378
712	230
712	783
712	88
712	747
712	63
712	416
712	431
712	94
712	843
712	1178
712	755
712	40
712	210
712	243
712	196
712	97
712	419
712	42
712	61
712	955
712	71
712	1053
712	501
712	195
712	110
712	66
712	177
712	1037
712	72
712	204
712	83
712	662
712	692
712	722
712	1040
712	228
712	388
712	386
712	95
712	385
712	625
712	1119
712	739
712	946
712	949
712	1220
712	420
712	781
712	181
712	652
712	588
712	627
712	173
712	102
712	495
712	812
712	232
712	623
712	1043
712	73
712	728
712	140
712	191
712	415
712	294
712	506
712	553
712	734
712	796
712	202
712	400
712	376
712	234
712	174
712	172
712	141
712	542
712	498
712	421
712	762
712	79
712	465
712	60
712	776
712	941
712	215
712	622
712	404
712	366
56	1
56	167
56	781
56	501
56	94
56	405
56	280
56	747
56	376
56	423
56	568
56	281
56	298
56	25
56	1090
56	596
56	64
56	56
56	225
56	323
56	755
56	969
56	402
56	820
56	195
56	410
56	794
56	98
56	219
56	164
56	585
56	869
56	546
56	158
56	69
56	239
56	849
56	372
56	88
56	678
56	233
56	748
56	588
56	554
56	31
56	815
56	1028
56	62
56	761
56	200
56	143
56	168
56	95
56	450
56	550
56	1047
56	728
56	151
56	433
56	78
56	196
56	63
56	265
56	67
56	234
56	173
56	231
56	118
56	946
56	295
56	144
56	7
56	176
56	483
56	421
56	383
56	216
56	89
56	204
56	300
56	202
56	172
56	222
56	189
56	227
56	575
56	393
56	153
56	368
56	154
56	91
56	738
56	22
56	715
56	399
56	578
56	191
56	391
56	230
56	930
56	121
56	559
56	232
56	186
56	692
56	122
56	11
56	473
56	1074
56	441
56	443
56	797
56	403
56	238
56	50
56	77
56	385
56	228
56	193
56	97
56	1057
56	96
56	294
56	623
56	237
56	862
56	258
56	1036
56	117
56	408
56	179
56	447
56	161
56	655
56	449
56	746
56	51
56	392
56	871
56	229
56	735
56	70
56	373
56	68
56	426
56	71
56	66
56	87
56	210
56	111
56	395
488	22
488	199
488	651
488	260
488	187
488	207
488	707
488	190
488	880
488	178
488	135
488	228
488	486
488	98
488	183
488	510
488	299
488	478
488	134
488	474
488	419
488	71
488	873
488	890
488	1
488	230
488	468
488	176
488	87
488	323
488	692
488	193
488	659
488	216
488	509
488	168
488	612
488	655
488	191
488	223
488	493
488	222
488	328
488	724
488	289
488	196
488	385
488	286
488	186
488	523
488	294
488	483
488	1039
488	182
488	69
488	8
488	180
488	28
488	58
488	174
488	127
488	633
488	50
488	322
488	203
488	491
488	568
488	732
488	181
488	100
488	162
488	144
488	245
488	1025
488	662
488	205
488	300
488	243
488	132
488	154
488	82
488	520
488	333
488	429
488	485
488	211
488	742
488	678
488	414
488	89
488	418
488	239
488	511
488	318
488	521
488	173
488	215
488	56
488	292
488	31
488	234
488	357
488	500
488	111
488	200
488	96
488	751
488	153
488	492
488	527
488	70
488	79
488	705
488	198
488	304
488	97
488	11
488	514
488	480
488	133
488	405
488	754
488	9
488	238
708	596
708	352
708	751
708	762
708	289
708	866
708	281
708	147
708	597
708	280
708	628
708	25
708	846
708	271
708	1054
708	1028
708	457
708	294
708	1040
708	126
708	121
708	299
708	1051
708	112
708	508
708	887
708	336
708	151
708	222
708	748
708	347
708	225
708	1280
708	685
708	1079
708	326
708	1047
708	304
708	358
708	274
708	687
708	756
708	1061
708	847
708	1
708	148
708	405
708	181
708	764
708	742
708	845
708	127
708	880
708	476
708	15
708	283
708	993
708	871
708	535
708	678
708	676
708	313
708	819
708	149
708	21
708	322
708	1049
708	255
708	763
708	111
708	118
708	328
708	125
708	934
708	284
708	473
708	276
708	150
708	981
708	300
708	117
708	1152
708	268
708	269
708	412
213	181
213	685
213	11
213	106
213	42
213	48
213	627
213	185
213	458
213	447
213	135
213	678
213	715
213	143
213	182
213	213
213	514
213	154
213	286
213	151
213	448
213	79
213	274
213	509
213	157
213	521
213	69
213	98
213	1
213	174
213	1012
213	515
213	609
213	176
213	180
213	597
213	24
213	628
213	591
213	200
213	229
213	479
213	483
213	164
213	508
213	1215
213	118
213	684
213	985
213	214
213	294
213	7
213	97
213	546
213	252
213	218
213	690
213	841
213	471
213	281
213	475
213	273
213	144
213	127
213	172
213	8
213	192
213	474
213	511
213	2
213	100
213	70
213	756
213	568
213	133
213	504
213	156
213	288
213	463
213	31
213	197
213	455
213	831
213	170
213	194
213	56
213	478
213	173
213	924
213	121
213	193
213	132
213	603
213	204
213	735
213	235
213	195
213	50
213	778
213	393
213	187
213	64
152	1028
152	549
152	780
152	785
152	125
152	402
152	632
152	111
152	67
152	283
152	220
152	275
152	790
152	371
152	143
152	559
152	401
152	167
152	716
152	1041
152	241
152	8
152	845
152	720
152	88
152	412
152	117
152	286
152	66
152	1035
152	596
152	49
152	98
152	866
152	133
152	21
152	740
152	294
152	1054
152	173
152	775
152	527
152	151
152	121
152	215
152	685
152	451
152	274
152	157
152	367
152	1301
152	660
152	51
152	423
152	204
152	1136
152	120
152	313
152	1300
152	871
152	278
152	272
152	71
152	504
152	1053
152	147
152	568
152	794
152	132
152	155
152	778
152	1014
152	483
152	944
152	724
152	410
152	966
152	319
152	393
152	354
152	699
152	255
152	25
152	284
152	364
152	781
543	226
543	13
543	231
543	147
543	134
543	432
543	94
543	202
543	135
543	64
543	4
543	117
543	60
543	102
543	185
543	709
543	586
543	792
543	163
543	22
543	735
543	161
543	663
543	160
543	195
543	15
543	1262
543	96
543	391
543	86
543	947
543	578
543	700
543	212
543	642
543	647
543	1619
543	403
543	443
543	53
543	591
543	461
543	303
543	197
543	59
543	192
543	761
543	98
543	704
543	576
543	474
543	469
543	47
543	1555
543	982
543	702
543	16
543	111
543	651
543	66
543	748
543	1073
543	218
543	1441
543	508
543	144
543	265
543	24
543	210
543	187
543	89
543	70
543	730
543	636
543	919
543	515
543	11
543	656
543	385
543	28
543	302
543	1099
543	88
543	237
543	252
543	603
543	8
543	180
543	513
543	62
543	157
543	82
543	239
543	23
543	770
543	371
543	14
543	129
543	110
543	38
543	1416
543	83
543	179
543	71
543	169
543	720
543	165
543	568
543	191
543	238
543	44
543	56
543	462
543	2
543	9
543	397
543	410
543	211
543	778
543	519
543	518
543	12
543	233
543	198
543	936
543	566
543	114
543	831
543	61
543	170
543	194
543	855
543	550
543	509
543	200
543	1524
543	69
543	272
543	796
543	562
543	381
543	694
543	97
543	471
543	234
543	944
543	190
543	199
543	324
543	188
543	737
543	1174
543	318
543	528
543	153
543	810
543	660
543	367
543	1199
445	1129
445	249
445	346
445	246
445	87
445	460
445	871
445	9
445	994
445	310
445	763
445	1378
445	181
445	151
445	64
445	689
445	295
445	1591
445	410
445	1534
445	475
445	333
445	644
445	79
445	919
445	23
445	271
445	248
445	291
445	195
445	979
445	762
445	289
445	298
445	744
445	100
445	237
445	302
445	293
445	845
445	343
445	1011
445	1014
445	1009
445	1081
445	408
445	121
445	433
445	1601
445	28
445	1252
445	405
445	628
445	1012
445	1047
445	50
445	56
445	118
445	174
445	748
445	881
445	1245
445	1067
445	209
445	144
445	235
445	123
445	340
445	1008
445	844
445	1143
445	908
445	272
445	603
445	742
445	325
445	458
445	7
445	1528
445	208
445	902
445	12
445	1010
445	544
445	591
445	257
445	288
445	268
445	327
445	1199
445	818
445	508
445	546
445	221
445	117
445	96
445	183
445	93
445	480
445	1097
445	147
445	1277
445	895
445	330
445	879
445	933
445	597
445	55
445	274
1	255
1	187
1	86
1	160
1	139
1	271
1	176
1	16
1	81
1	136
1	199
1	193
1	84
1	28
1	256
1	40
1	184
1	156
1	50
1	79
1	174
1	8
1	198
1	237
1	15
1	60
1	134
1	166
1	157
1	213
1	249
1	257
1	88
1	58
1	92
1	229
1	46
1	38
1	264
1	144
1	238
1	83
1	164
1	145
1	23
1	71
1	47
1	20
1	45
1	75
1	41
1	126
1	197
1	241
1	44
1	231
1	244
1	102
1	163
1	234
1	201
1	131
1	18
1	266
1	250
1	101
1	248
1	218
1	155
1	129
1	108
1	202
1	4
1	265
1	267
1	112
1	119
1	185
1	59
1	109
1	209
1	57
1	11
1	171
1	30
1	228
1	7
1	1
1	65
1	225
1	224
1	95
1	168
1	200
1	13
1	158
1	178
1	53
1	173
1	110
1	105
1	243
1	181
1	107
1	192
1	188
1	222
1	123
1	10
1	73
1	111
1	261
1	189
1	137
1	214
1	260
1	114
1	24
1	69
1	245
1	263
1	67
1	159
1	43
1	51
1	12
1	203
1	22
1	207
1	216
1	120
1	219
1	254
1	270
1	259
1	54
1	127
1	246
1	170
1	70
1	52
1	236
1	125
1	142
1	232
1	21
1	61
1	78
1	140
1	77
1	56
1	128
1	208
1	76
1	42
1	132
1	169
1	106
1	152
1	212
1	268
1	100
1	37
1	221
1	55
1	262
1	151
1	272
1	31
1	3
1	49
1	34
1	9
1	195
1	19
1	141
1	135
1	186
1	165
1	90
1	172
1	103
1	253
1	191
1	115
1	91
1	179
1	6
1	147
1	122
1	146
1	14
1	226
1	113
1	36
1	80
1	240
1	89
1	223
1	133
1	143
1	64
1	25
1	211
1	215
1	175
1	26
1	2
1	230
1	118
1	27
1	117
1	130
1	48
1	154
1	194
1	258
1	124
165	270
165	216
165	326
165	15
165	260
165	127
165	156
165	318
165	181
165	332
165	187
165	169
165	372
165	69
165	222
165	91
165	325
165	419
165	1119
165	500
165	304
165	176
165	651
165	258
922	153
922	202
922	276
922	50
922	382
922	155
922	204
922	288
922	228
922	200
922	810
922	250
922	68
922	1
922	69
922	631
922	403
922	258
922	219
922	127
922	421
922	71
922	168
922	176
922	237
922	62
922	56
922	229
922	596
922	294
922	98
922	67
922	95
922	568
922	402
922	271
922	51
922	380
922	215
922	257
922	173
922	77
922	476
922	143
922	91
922	63
922	655
922	274
922	447
922	406
922	375
922	451
922	579
922	699
922	82
922	181
922	216
922	43
922	22
922	252
922	230
922	433
922	151
922	371
922	175
922	161
922	449
922	99
922	265
922	191
922	145
922	159
922	1079
922	222
922	391
922	249
922	172
922	949
922	756
922	72
922	919
922	746
922	747
922	450
922	212
922	455
922	411
922	576
922	183
922	235
922	83
922	89
922	662
922	11
922	432
922	562
922	367
922	290
922	94
922	195
922	135
922	29
922	739
219	906
219	215
219	631
219	935
219	258
219	38
219	13
219	82
219	4
219	71
219	616
219	347
219	223
219	855
219	546
219	114
219	179
219	664
219	936
219	303
219	132
219	433
219	1014
219	879
401	316
401	638
401	430
401	83
401	462
401	65
401	202
401	748
401	196
401	321
401	204
401	237
401	537
401	216
401	194
401	630
401	143
401	147
401	275
401	322
401	257
401	651
401	582
401	584
401	235
401	117
401	385
401	210
401	197
401	1011
401	481
401	286
401	356
401	724
401	151
401	173
401	566
401	588
401	133
401	520
401	654
401	735
401	272
401	278
401	318
401	69
401	13
401	315
401	328
401	14
401	1289
401	25
401	342
401	50
401	203
401	634
401	276
401	751
401	135
401	144
401	528
401	172
401	661
401	478
401	678
401	248
401	9
401	435
401	125
401	1
401	405
401	198
401	44
401	515
401	1016
401	199
401	610
401	428
401	121
401	97
401	484
401	225
401	211
401	519
401	493
401	243
401	684
401	365
401	273
401	499
401	185
401	64
401	866
401	511
401	591
401	659
401	153
401	154
401	604
401	486
401	632
401	473
401	71
401	284
401	371
401	655
401	490
401	302
401	485
401	477
401	161
401	111
401	507
401	451
401	815
401	603
401	535
401	188
401	99
401	100
401	483
401	174
401	509
698	1021
698	499
698	625
698	507
698	428
698	434
698	505
698	486
698	945
698	22
698	568
698	513
698	28
698	525
698	480
698	433
698	181
698	968
698	25
698	491
698	404
698	479
698	427
698	489
698	357
698	588
698	168
698	481
698	9
698	431
698	204
698	1115
698	705
698	606
698	210
698	515
698	202
698	135
698	654
698	228
698	50
698	198
698	132
698	121
698	143
698	144
698	707
698	214
698	100
698	220
698	230
698	613
698	190
698	195
698	127
698	512
698	153
698	173
698	751
698	1299
698	191
698	275
698	496
698	257
698	640
698	423
698	131
698	10
698	222
698	485
698	83
698	211
698	176
698	855
698	421
698	174
698	419
698	89
698	497
698	66
698	175
698	478
698	330
698	607
698	134
698	656
698	482
698	498
698	988
698	483
698	258
698	294
698	183
698	284
698	1063
698	435
698	487
698	490
698	199
698	663
698	709
698	300
698	1
524	179
524	469
524	472
524	174
524	527
524	203
524	570
524	943
524	319
524	269
524	742
524	492
524	77
524	301
524	70
524	1101
524	467
524	117
524	582
524	499
524	291
524	197
524	66
524	127
524	823
524	466
524	451
524	707
524	1093
524	69
524	1046
524	612
524	429
524	481
524	64
524	286
524	480
524	192
524	647
524	222
524	184
524	435
524	414
524	781
524	482
524	259
524	792
524	1074
524	965
524	618
524	178
524	4
524	416
524	195
524	186
524	712
524	530
524	6
524	978
524	52
524	657
524	526
524	476
524	235
524	1456
524	170
524	517
524	613
524	23
524	92
524	704
524	493
524	607
524	185
524	1065
524	187
524	515
524	558
524	615
524	1560
524	216
524	221
524	131
524	516
524	71
524	386
524	418
524	559
524	321
524	161
524	1044
524	836
524	311
524	1073
524	498
524	204
524	1107
524	172
524	1050
524	405
524	670
524	198
524	614
524	583
524	24
524	684
524	126
524	239
524	606
524	942
524	702
524	211
524	218
524	739
524	506
524	471
524	521
524	855
524	705
524	111
524	181
524	955
524	488
524	410
524	212
524	433
524	640
524	796
524	1154
524	47
524	107
524	654
524	275
524	443
524	182
524	584
524	528
524	42
524	65
524	1454
524	501
524	380
524	210
524	496
524	175
524	1540
524	318
524	845
524	234
524	578
524	94
524	676
524	403
524	289
524	461
524	554
524	60
524	815
524	118
524	568
524	382
524	367
524	1184
524	520
524	284
524	436
524	1041
524	402
524	660
524	950
524	715
524	449
524	98
524	55
524	129
524	50
524	205
524	97
524	1129
524	134
524	89
524	213
524	273
524	194
524	1421
524	649
524	124
524	518
524	209
524	430
524	519
524	751
524	495
524	603
524	393
524	116
524	485
524	95
524	483
524	474
524	508
524	72
524	651
524	310
524	1268
524	484
524	642
524	1126
524	604
524	928
524	478
524	290
524	837
524	549
524	151
524	1124
524	58
524	930
524	133
524	265
524	447
524	709
524	237
524	79
524	866
524	39
524	1048
524	304
524	277
524	663
524	230
524	679
524	13
524	285
524	168
524	12
524	646
524	1553
524	14
524	56
524	497
524	135
524	76
524	724
524	82
524	490
844	50
844	568
844	45
844	403
844	90
844	549
844	684
844	921
844	184
844	1039
844	258
844	216
844	241
844	625
844	778
844	431
844	864
844	99
844	82
844	423
844	919
844	421
844	151
844	251
844	83
844	318
844	2
844	588
844	181
844	125
844	195
844	12
844	95
844	56
844	946
844	175
844	70
844	168
844	97
844	179
844	228
844	432
844	222
844	553
844	69
844	326
844	207
844	13
844	690
844	597
844	71
844	210
844	172
844	100
844	89
844	930
844	1099
844	300
844	117
844	471
844	109
844	405
844	7
844	627
844	121
934	65
934	82
934	492
934	208
934	498
934	225
934	961
934	99
934	527
934	554
934	67
934	70
934	254
934	461
934	423
934	4
934	705
934	675
934	483
934	516
934	97
934	674
934	495
934	614
934	257
934	818
934	708
934	660
934	389
934	152
934	197
934	428
934	175
934	488
934	630
934	66
934	96
934	629
934	151
934	100
934	786
934	805
934	313
934	213
934	209
934	755
934	1
934	1037
934	451
934	210
934	228
934	435
934	25
934	145
934	584
934	156
934	302
934	648
934	661
934	514
934	94
934	550
934	403
934	50
934	510
934	771
934	13
934	226
934	186
934	163
934	709
934	1135
934	269
934	234
934	502
934	1411
934	972
934	154
934	177
934	902
934	132
934	1018
934	172
934	526
934	204
934	202
934	223
934	393
934	88
934	703
934	507
934	69
934	211
934	199
934	1311
934	1425
934	131
934	170
934	216
934	533
934	506
934	179
934	427
934	965
934	2
934	162
934	414
934	605
934	794
934	432
934	462
934	286
934	1449
934	1203
934	121
934	173
934	239
934	420
934	161
934	183
934	602
934	316
934	303
934	388
934	191
934	168
934	573
934	237
934	83
934	474
934	86
934	144
934	657
934	712
934	196
934	174
934	297
934	436
934	157
934	792
168	257
168	25
168	546
168	255
168	819
168	273
168	282
168	125
168	258
168	619
168	1016
168	1028
168	597
168	931
168	123
168	15
168	7
168	235
168	685
168	294
168	1
168	225
168	325
168	596
168	118
168	411
168	988
168	871
168	866
168	274
168	288
168	1197
168	930
168	275
168	458
168	313
168	1051
168	473
168	280
168	405
168	117
168	678
168	100
168	291
168	126
168	151
168	1012
168	845
168	222
168	281
168	748
168	300
168	1278
168	763
168	742
168	472
168	744
125	136
125	949
125	98
125	105
125	732
125	94
125	511
125	21
125	122
125	393
125	144
125	369
125	239
125	401
125	997
125	996
125	209
125	785
125	8
125	95
125	79
125	659
125	615
125	705
125	751
125	346
125	318
125	269
125	290
125	663
125	204
125	222
125	367
125	577
125	194
125	72
125	63
125	1183
125	117
125	999
125	1036
125	357
125	412
125	87
125	25
125	1272
125	382
125	1185
125	201
125	150
125	176
125	451
125	300
125	1060
125	483
125	1000
125	153
125	513
125	111
125	163
125	41
125	1074
125	49
125	864
125	479
125	376
125	435
125	236
125	64
125	289
125	520
125	763
125	158
125	474
125	399
125	427
125	734
125	67
125	70
125	813
125	496
125	790
125	1246
125	585
125	692
125	914
125	780
125	120
125	748
125	728
125	1
125	340
125	756
125	493
125	69
125	109
125	926
125	710
125	323
125	568
125	1093
125	687
125	238
125	175
125	116
125	190
125	56
125	186
125	1271
125	80
125	1037
125	364
125	395
125	195
125	498
125	28
125	243
125	134
125	66
125	143
125	22
125	181
125	411
125	1204
125	174
125	173
125	275
125	478
125	205
125	294
125	781
125	258
125	1249
125	407
125	485
125	372
125	208
125	746
125	198
125	383
125	1115
125	90
125	202
125	191
125	571
125	1052
379	54
379	69
379	559
379	196
379	649
379	116
379	56
379	372
379	230
379	563
379	684
379	577
379	448
379	502
379	419
379	135
379	257
379	179
379	554
379	520
379	427
379	381
379	286
379	517
379	82
379	705
379	709
379	522
379	566
379	133
379	674
379	842
379	265
379	1075
379	729
379	855
379	172
379	735
379	514
379	271
379	194
379	1032
379	393
379	636
379	637
379	383
379	480
379	405
379	227
379	175
379	496
379	191
379	1035
379	200
379	395
379	163
379	23
379	433
379	205
379	655
379	524
379	12
379	100
379	144
379	9
379	306
379	143
379	238
379	1206
379	96
379	270
379	436
379	345
379	576
379	843
379	530
379	164
379	732
379	168
379	434
379	294
379	659
379	417
379	526
379	402
379	193
379	616
379	210
379	568
379	357
379	704
379	631
379	178
379	192
379	622
379	141
379	208
379	93
379	528
379	124
379	529
379	152
379	736
379	157
379	511
379	47
379	28
379	161
379	447
379	79
379	398
379	239
379	234
379	403
379	331
379	527
379	183
379	131
379	151
379	452
379	199
379	651
379	428
379	686
379	204
379	621
379	7
379	284
379	173
379	523
379	385
379	300
379	97
379	203
379	153
379	187
379	1113
379	52
379	663
379	712
379	746
379	181
379	50
379	461
379	4
379	391
379	1022
379	603
379	219
379	401
379	127
379	443
379	710
379	8
379	1
379	94
379	216
379	177
840	582
840	529
840	528
840	165
840	414
840	616
840	462
840	174
840	152
840	473
840	7
840	495
840	163
840	664
840	48
840	650
840	71
840	405
840	297
840	252
840	525
840	435
840	1214
840	1674
840	566
840	645
840	56
840	496
840	196
840	215
840	117
840	845
840	183
840	179
840	190
840	91
840	221
840	154
840	512
840	168
840	83
840	197
840	423
840	484
840	628
840	303
840	181
840	463
840	185
840	257
840	202
840	96
840	213
840	655
840	50
840	654
840	172
840	132
840	509
840	514
840	97
840	501
840	661
840	182
840	657
840	855
840	52
840	949
840	671
840	474
840	705
840	971
840	169
840	157
840	443
840	357
840	737
840	489
840	430
840	493
840	506
840	747
840	428
840	419
840	521
840	615
840	609
840	513
840	204
840	526
840	637
840	173
840	300
840	642
840	611
840	707
840	11
840	127
840	607
840	499
840	511
840	144
840	750
840	603
840	285
840	756
840	1266
840	23
840	81
840	153
840	580
840	483
840	1451
840	644
840	45
840	505
840	606
840	945
840	8
840	175
840	639
840	465
840	194
840	216
840	367
840	503
840	176
840	588
840	884
840	516
840	519
840	647
840	186
840	234
840	89
840	88
840	208
840	663
840	1018
840	936
840	82
840	432
840	631
840	66
840	121
840	100
840	198
840	632
840	118
840	79
840	638
840	498
840	732
840	238
840	480
840	143
840	22
840	1065
840	170
70	50
70	229
70	418
70	211
70	419
70	175
70	946
70	399
70	483
70	99
70	568
70	993
70	403
70	393
70	210
70	432
70	185
70	227
70	28
70	511
70	451
70	48
70	678
70	8
70	193
70	208
70	109
70	186
70	168
70	496
70	1146
70	202
70	751
70	24
70	313
70	755
70	169
70	1030
70	101
70	684
70	343
70	408
70	217
70	538
70	559
70	472
70	264
70	762
70	204
70	1
70	143
70	625
70	1145
70	139
70	417
70	161
70	228
70	15
70	398
70	150
70	121
70	527
70	1065
70	214
70	173
70	542
70	383
70	89
70	83
70	222
70	473
70	91
70	176
70	172
70	429
70	298
70	596
70	405
70	231
70	338
70	655
70	411
70	820
70	152
70	300
70	265
70	501
70	225
70	423
70	584
70	507
70	449
70	71
70	132
70	450
70	151
70	197
70	96
70	1035
70	546
70	289
70	230
70	746
70	189
70	69
354	900
354	124
354	100
354	651
354	281
354	1511
354	238
354	513
354	753
354	962
354	414
354	652
354	602
354	520
354	515
354	508
354	153
354	1065
354	297
354	10
354	733
354	222
354	116
354	485
354	740
354	936
354	1197
354	174
354	196
354	479
354	705
354	136
354	451
354	433
354	7
354	744
354	209
354	60
354	737
354	529
354	509
354	792
354	605
354	318
354	657
354	143
354	494
354	191
354	87
354	497
354	59
354	710
354	527
354	98
354	321
354	285
354	283
354	168
354	429
354	659
354	603
354	922
354	151
354	133
354	953
354	1466
354	162
354	211
354	89
354	736
354	1017
354	258
354	81
354	496
354	169
354	248
354	155
354	1241
354	604
354	904
354	1194
354	887
354	955
354	272
354	270
354	305
354	531
354	42
354	478
354	714
354	716
354	306
354	732
354	313
354	149
354	428
354	929
354	180
354	8
354	629
354	66
354	811
354	516
354	664
354	185
354	47
354	50
354	152
354	382
354	660
354	109
354	97
354	52
354	487
354	1039
354	956
354	241
354	14
354	181
354	971
354	462
354	135
354	93
354	210
354	638
354	1085
354	1119
354	186
354	170
354	387
354	865
354	208
354	286
354	423
354	13
354	213
354	847
354	676
354	1137
354	707
354	435
354	221
354	882
354	257
354	165
354	319
354	70
354	1101
354	650
354	269
354	631
354	528
354	533
354	558
354	65
354	607
354	32
354	699
354	419
354	202
354	242
354	432
354	582
354	131
354	45
354	735
354	171
354	287
354	747
354	483
354	511
354	9
354	1007
354	175
354	1063
354	189
354	246
354	276
354	463
354	86
354	166
354	25
354	268
354	655
354	694
354	79
354	709
535	129
535	919
535	963
535	789
535	515
535	185
535	59
535	45
535	520
535	654
535	514
535	30
535	657
535	116
535	529
535	604
535	301
535	955
535	693
535	836
535	269
535	285
535	195
535	640
535	153
535	181
535	1474
535	284
535	508
535	1149
535	699
535	79
535	258
535	165
535	87
535	268
535	848
535	32
535	168
535	144
535	286
535	421
535	58
535	131
535	727
535	566
535	207
535	1101
535	527
535	505
535	173
535	608
535	213
535	11
535	1166
535	9
535	71
535	171
535	302
535	283
535	433
535	495
535	44
535	135
535	132
535	511
535	187
535	735
535	156
535	471
535	435
535	502
535	275
535	152
535	686
535	190
535	632
535	42
535	482
535	136
535	558
535	174
535	645
535	282
535	971
535	56
535	197
535	639
535	188
535	14
535	479
535	70
535	702
535	50
535	498
535	98
535	203
535	488
535	47
535	423
535	237
535	631
535	133
535	196
535	170
535	425
535	192
535	1045
535	7
535	419
535	64
535	16
535	4
535	1093
535	483
535	8
535	318
535	25
535	238
535	1063
535	389
535	519
535	186
535	629
535	121
535	194
535	469
535	1396
535	211
535	166
535	489
535	172
535	708
535	499
535	179
535	638
535	100
535	792
535	492
535	721
535	709
535	204
535	496
535	517
535	655
535	504
535	215
535	209
535	603
535	1170
535	300
535	151
535	86
535	628
535	953
535	427
535	950
535	518
535	210
535	180
535	182
535	630
535	484
535	1098
535	178
535	921
535	83
535	607
535	212
535	137
535	381
535	962
535	221
535	357
535	923
535	612
512	527
512	186
512	318
512	1
512	50
512	313
512	11
512	265
512	191
512	258
512	183
512	1238
512	56
512	302
512	325
512	23
512	1459
86	269
86	1176
86	1175
86	289
86	326
86	259
86	258
86	319
86	338
86	888
86	879
86	889
86	286
86	270
86	872
86	300
86	683
86	242
86	328
585	971
585	730
585	543
585	582
585	19
585	740
585	113
585	170
585	1475
585	283
585	707
585	207
585	640
585	52
585	1485
585	639
585	83
585	1018
585	970
585	60
585	529
585	584
585	14
585	510
585	165
585	45
585	1009
585	313
585	1155
585	1344
585	212
585	171
585	1005
585	213
585	340
585	463
585	190
585	198
585	70
585	923
585	509
585	634
585	919
585	1524
585	1623
585	86
585	59
585	1266
585	275
585	1501
585	1535
585	18
585	1512
585	1149
585	20
585	736
585	638
585	1193
585	166
585	1323
585	1319
585	30
585	557
585	116
393	588
393	125
393	497
393	376
393	143
393	821
393	228
393	871
393	273
393	138
393	248
393	866
393	203
393	787
393	476
393	1407
393	154
393	377
393	790
393	1468
393	684
393	953
393	128
393	1239
393	173
393	398
393	399
393	1076
393	876
393	805
393	686
393	1181
393	94
393	69
393	281
393	922
393	689
393	36
393	65
393	12
393	964
393	249
393	313
393	239
393	367
393	386
393	825
393	1446
393	705
393	33
393	879
393	721
393	951
393	1035
393	742
393	41
393	623
393	819
393	365
393	568
393	206
393	409
393	625
393	26
393	100
393	237
393	1034
393	373
393	566
393	720
393	870
393	1047
393	22
393	652
393	110
393	89
393	496
393	561
393	118
393	1053
393	369
393	282
393	356
393	577
393	924
393	347
393	775
393	893
393	672
393	291
393	622
393	527
393	693
393	121
393	210
393	934
393	815
393	1092
393	739
393	55
393	135
393	342
393	575
393	202
393	8
393	117
393	471
393	748
393	792
393	184
393	507
393	391
393	240
393	1178
393	66
393	1043
393	501
393	109
393	227
393	470
393	932
393	290
393	28
393	204
393	274
393	826
393	892
393	31
393	134
393	362
393	1
393	997
393	1182
393	1197
393	494
393	418
393	51
393	1249
393	1063
393	636
393	321
393	294
393	141
393	349
393	780
393	2
393	724
393	186
393	1314
393	756
393	72
393	1074
393	1051
393	259
393	820
393	355
393	560
393	1531
393	732
393	538
393	778
393	728
393	1120
393	323
393	420
393	189
393	142
393	316
393	586
393	303
393	1180
393	1183
393	717
393	96
393	779
393	1040
393	90
393	95
393	725
393	687
393	108
393	905
393	500
393	403
393	1210
393	1225
393	812
393	644
393	1228
393	64
393	1169
393	393
393	554
393	86
393	940
393	1539
393	477
393	651
393	443
393	789
393	628
393	83
393	1058
393	1032
393	271
393	571
393	222
393	5
393	21
393	655
393	630
393	737
393	485
393	1139
393	802
393	302
393	272
393	68
393	9
393	87
393	1258
393	85
393	774
393	794
393	1440
393	596
393	1055
393	374
393	278
393	40
393	785
393	544
393	473
393	683
393	761
393	715
393	144
393	396
393	196
393	729
393	783
393	265
393	1215
393	585
393	451
393	315
393	659
393	546
393	540
393	572
393	169
393	153
393	808
393	56
393	690
393	836
393	250
393	576
393	1435
393	465
393	1185
393	24
393	82
393	1441
393	378
393	781
393	161
393	930
393	1337
393	194
393	419
393	280
393	1224
393	710
393	298
393	17
393	223
393	27
393	1469
393	304
393	7
393	727
393	215
393	255
393	1179
393	404
393	550
393	145
393	252
393	1165
393	357
393	257
393	431
393	417
393	79
393	597
393	941
393	731
393	332
393	449
393	147
393	845
393	105
393	1409
393	578
393	1028
393	1219
393	50
393	410
393	763
393	4
393	539
393	696
393	751
393	54
393	354
393	25
393	685
393	541
393	77
393	344
393	722
393	411
393	71
393	823
393	480
393	810
393	456
393	479
393	275
393	559
393	73
393	270
393	245
393	890
393	122
393	797
393	84
393	841
393	977
393	42
393	926
393	996
393	241
393	168
393	97
393	191
393	1244
393	243
393	552
393	423
393	949
393	483
393	29
393	1091
393	139
393	132
393	148
393	627
393	317
44	755
44	193
44	7
44	22
44	87
44	660
44	56
44	412
44	106
44	252
44	591
44	385
44	31
44	636
44	185
44	148
44	133
44	631
44	257
44	432
44	542
44	419
44	82
44	96
44	530
44	480
44	633
44	164
44	222
44	357
44	172
44	118
44	102
44	176
44	449
44	97
44	194
44	208
44	317
44	625
44	155
44	717
44	175
44	69
44	99
44	90
44	240
44	405
44	231
44	190
44	250
44	211
44	24
44	1
44	153
44	228
44	249
44	448
44	181
44	470
44	520
44	496
44	434
44	523
44	313
44	71
44	132
44	227
44	21
44	183
44	644
44	380
44	88
44	109
44	603
44	200
44	260
44	163
44	871
44	307
44	135
44	100
44	1058
44	50
44	588
44	737
44	195
44	474
44	756
44	55
44	204
44	15
44	5
44	655
44	67
44	665
44	157
44	230
44	168
44	423
44	98
44	25
44	429
44	121
44	692
44	238
44	447
44	11
44	161
44	229
44	202
44	201
44	143
44	433
44	123
44	197
44	95
44	946
44	294
44	209
44	159
57	472
57	1047
57	294
57	225
57	871
57	250
57	195
57	282
57	252
57	126
57	243
57	477
57	471
57	831
57	864
57	1095
57	237
57	833
57	476
57	79
57	222
57	56
57	173
57	456
57	11
57	419
57	245
57	844
57	588
57	125
57	826
57	28
57	1071
57	411
57	100
57	597
57	258
57	926
57	42
57	323
57	682
57	496
57	199
57	1094
57	144
57	249
57	151
57	295
57	1073
57	264
57	1096
57	121
57	117
57	288
57	930
57	825
57	181
57	168
57	409
57	318
57	194
57	257
57	1001
57	248
57	1016
57	281
57	1093
57	678
57	105
57	1059
57	763
57	284
57	717
57	473
57	988
57	748
57	8
57	845
57	111
57	756
57	975
57	1028
57	410
57	1
57	109
57	50
650	161
650	69
650	219
650	179
650	501
650	7
650	88
650	565
650	66
650	671
650	628
650	22
650	257
650	661
650	23
650	136
650	614
650	670
650	629
650	27
650	642
650	1247
650	194
650	378
650	239
650	482
650	214
650	270
650	231
650	269
650	183
650	452
650	635
650	657
650	601
650	809
650	1060
650	659
650	227
650	301
650	315
650	159
650	491
650	309
650	780
650	447
650	1474
650	514
650	493
650	679
650	735
650	367
650	576
650	708
650	1031
650	603
650	145
650	658
650	55
650	1215
650	526
650	290
650	91
650	430
650	100
650	182
650	404
650	450
650	313
650	197
650	498
650	1119
650	608
650	132
650	216
650	38
650	77
650	143
650	50
650	355
650	673
650	523
650	196
650	185
650	380
650	4
650	371
650	479
650	393
650	265
650	502
650	561
650	1
650	234
650	29
650	215
650	181
650	222
650	73
650	423
650	205
650	550
650	1065
650	137
650	144
650	515
650	95
650	530
650	79
650	158
650	54
650	25
650	474
650	109
650	510
650	195
650	188
650	373
650	663
650	272
650	559
650	68
650	1135
650	654
650	585
650	198
650	1419
650	648
650	527
650	420
650	489
650	1050
650	449
650	639
650	175
650	650
650	435
650	403
650	243
650	141
650	739
650	928
650	630
650	551
650	507
650	451
650	135
650	496
650	204
650	528
650	177
650	416
650	1118
650	968
650	208
650	427
650	191
650	1126
650	172
650	674
650	755
650	627
650	235
650	504
650	622
650	238
650	588
650	206
650	969
650	286
650	228
650	554
650	15
650	21
650	72
650	117
650	186
650	258
650	511
650	56
650	2
650	644
650	62
650	180
650	517
650	391
650	546
650	127
650	98
650	612
650	133
650	151
650	1627
650	96
650	443
650	153
650	89
650	226
650	288
650	692
650	620
650	160
650	520
650	281
650	509
650	625
650	1035
650	152
650	232
650	97
650	210
650	604
650	217
650	662
650	363
650	480
650	80
650	357
650	747
650	637
650	157
650	484
650	563
650	173
650	316
650	571
650	223
650	187
650	200
650	506
650	121
650	631
650	472
650	926
650	174
650	552
650	823
650	162
650	209
650	566
650	211
650	82
650	385
650	434
650	389
650	199
650	155
650	402
650	233
800	742
800	118
800	751
800	304
800	275
800	276
800	121
800	1047
800	222
800	300
800	1
800	50
800	289
800	292
800	405
800	237
800	15
800	457
800	476
800	864
800	25
800	223
800	181
800	597
34	990
34	292
34	991
34	690
34	286
34	1024
34	310
34	329
34	332
34	299
34	324
34	898
34	312
34	899
34	245
34	288
138	185
138	357
138	497
138	496
138	98
138	222
138	285
138	147
138	484
138	519
138	182
138	513
138	56
138	1
138	742
138	45
138	603
138	116
138	602
138	523
138	15
138	318
138	187
138	518
138	13
138	487
138	100
138	194
138	133
138	117
138	137
138	517
138	474
138	111
138	514
138	211
138	614
138	493
138	209
138	26
138	151
226	182
226	283
226	147
226	69
226	14
226	508
226	507
226	209
226	275
226	180
226	527
226	25
226	270
226	242
226	250
226	258
226	28
226	150
226	98
226	652
226	513
226	23
226	480
226	408
226	236
226	12
226	56
226	89
226	224
226	813
226	179
226	713
226	474
226	370
226	405
226	286
226	9
226	169
226	109
226	7
889	408
889	514
889	195
889	1006
889	273
889	488
889	435
889	72
889	483
889	676
889	642
889	1067
889	175
889	818
889	847
889	433
889	127
889	1195
889	405
889	652
889	327
889	1153
889	1142
889	100
889	271
889	1070
889	1074
889	290
889	156
889	94
889	944
889	1048
889	696
889	1022
889	382
889	87
889	866
889	1152
889	58
889	317
889	82
889	509
889	657
889	150
889	11
889	729
889	949
889	121
889	705
889	182
889	117
889	129
889	1267
889	732
889	524
889	132
889	250
889	482
889	185
889	23
889	431
889	739
889	1218
889	33
889	480
889	252
889	684
889	60
889	181
889	771
889	172
889	56
889	282
889	29
889	820
889	161
889	540
889	959
889	562
889	471
889	232
889	69
889	763
889	741
889	196
889	268
889	248
889	430
889	462
889	67
889	8
889	1262
889	124
889	93
889	544
889	879
889	258
889	654
889	1194
889	451
889	498
889	402
889	411
889	207
889	147
889	178
889	204
889	64
889	484
889	265
889	734
889	512
889	607
889	223
889	749
889	32
889	208
889	212
889	515
889	302
889	1170
889	12
889	473
889	235
889	300
889	566
889	869
889	762
889	1188
889	833
889	979
889	31
889	169
889	210
889	262
889	721
889	947
889	479
889	658
889	13
889	219
889	1113
889	338
889	523
889	399
889	475
889	194
889	1
889	199
889	881
889	576
889	54
889	597
889	1419
889	1097
889	55
889	554
889	83
889	135
889	7
889	686
889	718
889	134
889	177
889	211
889	695
889	59
889	92
889	165
889	269
889	455
889	191
889	1239
889	73
889	423
889	202
889	39
889	170
889	159
889	240
889	86
889	160
889	782
889	9
889	381
889	427
889	91
889	1487
889	168
889	651
889	1428
889	42
889	546
889	980
889	919
889	470
889	568
889	436
889	155
889	257
889	428
889	1065
889	742
889	497
889	239
889	85
889	678
889	234
889	604
889	533
889	659
889	627
889	190
889	1139
889	952
889	664
889	403
889	81
889	1110
889	193
889	125
889	520
889	728
889	819
889	318
889	603
889	1553
889	153
889	550
889	24
889	144
889	1231
889	663
889	747
889	154
889	1079
889	22
889	291
889	955
889	385
889	50
889	1073
889	187
889	279
889	174
889	237
889	173
889	493
889	183
889	128
889	461
889	70
889	97
889	737
889	79
889	700
889	3
889	249
889	1072
889	17
889	856
889	357
533	65
533	274
533	408
533	405
533	496
533	568
533	484
533	195
533	692
533	54
533	180
533	210
533	44
533	1174
533	226
533	147
533	1282
533	221
533	13
533	69
533	393
533	64
533	591
533	1291
533	687
533	126
533	222
533	118
533	172
533	508
533	511
533	239
533	411
533	135
533	9
533	215
533	211
533	107
533	187
533	174
533	609
533	4
533	988
533	1177
533	48
533	8
533	25
533	412
533	53
533	281
533	133
533	739
533	756
533	696
533	549
533	265
533	289
533	378
533	1161
533	252
533	43
533	205
533	194
533	181
533	651
533	380
533	12
533	322
533	402
533	474
533	100
533	169
533	120
533	288
533	443
533	879
533	161
533	56
533	742
533	778
533	72
533	580
533	427
533	1028
533	70
533	823
533	47
533	228
533	582
533	313
533	627
533	504
533	1173
533	150
533	367
533	919
533	931
533	660
533	143
533	462
533	303
533	83
533	596
533	597
533	275
533	230
533	258
533	480
533	824
533	134
533	521
533	148
533	525
533	528
533	66
533	240
533	294
533	449
533	243
533	526
533	28
533	22
533	127
533	97
533	385
533	663
533	132
533	546
533	792
533	676
533	151
533	77
533	96
533	190
533	58
533	1048
533	257
533	182
533	297
533	936
533	345
533	566
533	477
533	471
533	245
533	659
533	483
533	82
533	1147
533	227
533	50
533	196
533	382
533	1033
533	186
533	866
533	713
533	236
533	23
533	1
533	98
533	242
533	1041
533	845
533	91
533	26
533	292
533	208
533	300
533	21
533	20
533	371
533	724
533	197
533	176
533	846
533	282
533	934
533	747
533	403
533	204
533	191
533	318
533	328
533	283
533	38
533	111
533	216
533	740
533	19
533	121
533	276
533	298
533	1142
533	202
533	103
533	820
533	192
533	475
533	654
533	357
533	498
533	1086
533	168
533	435
533	949
533	479
533	125
486	273
486	595
486	823
486	252
486	251
486	322
486	717
486	282
486	236
486	270
486	1202
486	1143
486	127
486	1598
486	148
486	147
486	146
486	597
486	532
486	286
486	678
486	109
486	766
486	10
486	298
486	919
486	327
486	1379
486	289
486	1017
486	880
486	100
486	628
486	476
486	1405
486	1609
486	328
486	471
486	1
486	304
486	1047
486	332
486	846
486	813
486	459
486	685
486	277
486	288
486	408
486	280
486	1120
486	262
486	713
486	244
486	1176
486	257
486	1011
486	889
486	303
486	235
486	741
486	845
486	883
486	458
486	591
486	879
486	111
486	299
486	258
486	336
486	994
486	1079
486	825
486	321
486	690
486	1514
486	950
486	544
486	106
486	21
486	1014
486	696
486	151
486	108
486	220
486	297
486	264
486	1142
486	1197
486	295
486	882
486	123
486	14
486	307
486	689
486	301
486	255
486	475
486	1134
486	1322
486	1302
486	250
486	620
486	305
486	975
486	150
486	1171
486	268
486	121
486	508
486	117
486	285
486	325
486	222
486	284
486	7
486	16
486	935
486	887
486	246
486	1226
486	1589
486	473
486	276
486	718
486	292
486	279
486	124
486	281
486	818
486	294
486	269
486	331
486	1137
486	1375
486	547
486	3
486	300
486	245
486	9
486	742
486	936
486	1086
486	1094
486	1082
486	872
486	1272
486	405
486	221
486	333
486	864
486	515
486	324
899	194
899	318
899	258
899	231
899	238
899	161
899	435
899	98
899	154
899	176
899	193
899	71
899	179
899	230
899	282
899	237
899	188
899	433
899	204
899	229
899	213
899	546
899	111
899	414
899	367
899	410
899	518
899	748
899	385
899	431
899	83
899	255
899	499
899	1016
899	257
899	25
899	751
899	151
899	117
899	144
899	174
899	724
899	195
899	186
899	515
899	663
899	214
899	463
899	284
899	566
899	597
899	603
899	527
899	742
899	69
899	291
899	66
899	208
899	254
899	498
899	694
899	89
899	147
899	250
899	660
899	190
899	202
899	64
899	747
899	740
899	157
899	685
899	655
899	827
899	265
899	2
899	96
899	283
899	173
899	79
899	203
899	1101
899	423
899	197
899	746
899	95
899	588
899	479
899	177
899	732
899	228
899	51
899	470
899	357
899	121
899	427
899	428
899	216
899	471
899	234
899	403
899	28
899	200
899	209
899	218
899	455
899	496
899	483
899	8
801	294
801	895
801	313
801	358
801	343
801	328
801	307
801	890
801	299
801	301
801	326
801	268
801	300
801	752
801	259
801	682
801	245
801	302
801	333
801	271
801	288
801	355
686	299
686	317
686	12
686	176
686	182
686	98
686	50
686	127
686	56
686	474
686	172
686	97
686	208
686	173
686	198
686	178
686	192
686	357
686	504
686	134
686	969
686	64
686	514
686	179
686	28
686	26
686	521
686	209
686	542
686	265
686	435
686	191
686	168
686	23
686	425
686	327
686	197
686	427
686	527
686	430
686	651
686	11
686	174
686	99
686	204
686	518
686	185
686	22
686	194
686	318
686	181
686	2
686	528
686	451
686	1184
686	467
686	214
428	750
428	344
428	332
428	896
428	690
428	1280
428	350
428	892
428	271
428	323
428	326
428	1313
428	352
428	312
428	302
428	305
428	243
428	307
428	877
428	316
428	259
428	894
428	875
428	301
428	288
428	538
428	331
428	268
428	334
428	310
428	751
428	315
428	908
428	245
428	749
428	754
428	338
428	269
428	272
428	300
428	988
428	313
428	286
428	303
428	340
541	239
541	651
541	931
541	254
541	111
541	15
541	259
541	1041
541	474
541	88
541	993
541	420
541	181
541	427
541	526
541	1412
541	403
541	418
541	143
541	423
541	142
541	196
541	1053
541	678
541	709
541	102
541	419
541	172
541	781
541	946
541	843
541	222
541	399
541	623
541	204
541	924
541	274
541	255
541	625
541	79
541	622
541	235
541	1091
541	1035
541	8
541	585
541	38
541	553
541	90
541	699
541	50
541	810
541	118
541	511
541	140
541	1315
541	83
541	257
541	395
541	1074
541	258
541	417
541	29
541	73
541	404
541	763
541	756
541	584
541	476
541	278
541	560
541	654
541	71
541	1
541	477
541	234
541	1185
541	82
541	91
541	121
541	28
541	151
541	452
541	1030
541	215
541	110
541	393
541	1047
541	432
541	500
541	596
541	225
541	63
541	660
541	465
541	173
541	501
541	542
541	376
541	1409
541	826
541	588
541	543
541	1084
541	210
541	659
541	732
239	499
239	531
239	132
239	671
239	46
239	443
239	632
239	133
239	58
239	64
239	56
239	612
239	1245
239	528
239	478
239	198
239	8
239	91
239	272
239	527
239	675
239	318
239	605
239	81
239	507
239	1192
239	340
239	1056
239	180
239	172
239	650
239	1115
239	134
239	923
239	135
239	288
239	228
239	497
239	114
239	512
239	961
239	479
239	268
239	171
239	462
239	504
239	286
239	430
239	195
239	421
239	234
239	174
239	79
239	137
239	269
239	434
239	1204
239	513
239	659
239	10
239	511
239	238
239	483
239	753
239	498
239	654
239	50
239	701
239	647
239	47
239	433
239	836
239	518
239	179
239	242
239	12
239	509
239	205
239	69
239	186
239	312
239	1203
239	428
239	419
239	634
239	181
239	603
239	162
239	116
239	208
239	194
239	1098
239	165
239	633
239	152
239	530
239	124
239	209
239	514
239	317
239	489
239	9
239	276
239	190
239	491
239	954
239	516
239	589
239	185
239	14
239	203
239	98
239	305
239	1332
239	505
239	304
239	382
239	89
239	432
239	492
239	855
239	463
239	484
239	150
239	42
239	207
239	921
239	187
239	300
621	313
621	235
621	38
621	148
621	367
621	63
621	876
621	67
621	82
621	423
621	1093
621	68
621	721
621	24
621	559
621	128
621	41
621	890
621	940
621	554
621	96
621	40
621	197
621	4
621	385
621	825
621	72
621	926
621	625
621	233
621	100
621	894
621	250
621	263
621	540
621	391
621	588
621	561
621	410
621	751
621	299
621	1228
621	1036
621	1016
621	147
621	783
621	795
621	271
621	418
621	143
621	1
621	300
621	568
621	7
621	73
621	65
621	8
621	451
621	240
621	298
621	142
621	1035
621	804
621	386
621	122
621	746
621	79
621	578
621	779
621	71
621	117
621	692
621	833
621	1012
621	50
621	780
621	432
621	87
621	769
621	809
621	301
621	200
621	541
621	172
621	2
621	364
621	25
621	208
621	944
621	183
621	567
621	584
621	417
621	125
621	383
621	472
621	755
621	184
621	501
621	404
621	33
621	539
621	109
621	1047
621	88
621	333
621	80
621	419
621	686
621	1028
621	585
621	790
621	173
621	577
621	17
621	121
621	763
621	53
621	810
621	135
621	241
621	624
621	181
621	270
621	384
621	455
621	118
621	405
621	231
621	108
621	268
621	401
621	174
621	94
621	161
621	393
621	123
814	413
814	201
814	98
814	218
814	200
814	447
814	436
814	669
814	288
814	145
814	443
814	674
814	565
814	5
814	667
814	17
814	448
814	100
814	53
814	219
814	672
814	656
814	184
814	234
814	559
814	665
814	358
814	185
814	590
349	276
349	475
349	471
349	455
349	696
349	15
349	713
349	1117
349	291
349	546
349	325
349	25
349	544
349	985
349	100
349	126
349	847
349	1128
349	411
349	9
349	823
349	412
349	120
349	284
349	20
349	118
349	288
349	237
349	370
349	10
349	106
349	619
349	121
836	750
836	258
836	89
836	690
836	187
836	603
836	896
836	657
836	289
836	180
836	611
836	292
836	880
836	523
836	268
836	170
836	419
836	302
836	165
836	357
836	875
836	174
836	286
836	134
836	288
836	327
836	654
836	793
836	260
836	324
836	269
836	322
836	12
836	531
836	1065
836	163
836	216
836	318
836	56
836	238
274	597
274	277
274	274
274	258
274	496
274	111
274	596
274	629
274	319
274	98
274	1
274	294
274	1163
274	276
274	150
274	117
274	243
274	471
274	877
274	1063
274	478
274	280
274	88
274	100
274	83
274	748
274	591
274	300
274	71
274	405
274	318
274	628
274	685
274	15
274	234
274	756
274	125
274	288
274	1152
274	744
274	220
274	50
274	546
274	200
274	846
274	713
274	255
274	69
274	815
274	1051
274	1060
274	282
274	762
274	118
274	181
274	211
274	873
200	405
200	496
200	549
200	586
200	826
200	584
200	609
200	226
200	393
200	542
200	402
200	94
200	151
200	1228
200	866
200	576
200	597
200	22
200	210
200	1033
200	652
200	148
200	195
200	265
200	229
200	812
200	934
200	241
200	378
200	568
200	692
200	56
200	218
200	196
200	755
200	527
200	473
200	176
200	88
200	365
200	202
200	318
200	756
200	1139
200	771
200	385
200	449
200	172
200	924
200	8
200	135
200	286
200	768
200	890
200	288
200	560
200	357
200	432
200	509
200	215
200	121
200	63
200	193
200	38
200	673
200	258
200	1
200	930
200	234
200	1091
200	982
200	33
200	743
200	358
200	580
200	177
200	208
200	205
200	227
200	161
200	103
200	720
200	140
200	15
200	478
200	523
200	447
200	841
200	582
200	419
200	117
200	174
200	235
200	831
200	132
200	1049
200	401
200	679
200	24
200	50
200	107
200	183
200	495
200	570
200	760
200	739
200	462
200	28
200	528
200	96
200	98
200	276
200	515
200	29
200	363
200	665
200	243
200	465
200	91
200	929
200	139
200	89
200	179
200	304
200	141
200	443
200	99
200	147
200	470
200	71
200	45
200	231
200	239
200	173
200	323
200	660
200	230
200	282
200	95
200	380
200	472
200	717
200	191
200	483
200	169
200	245
200	280
200	118
200	1419
200	123
200	596
200	391
200	423
200	188
200	112
200	225
200	9
200	11
200	62
200	410
200	892
200	501
200	222
200	546
200	758
200	7
200	1217
200	82
200	984
200	228
200	291
200	742
200	455
200	68
809	313
809	302
809	319
809	340
809	300
809	258
809	322
809	315
809	299
809	307
809	286
809	333
809	289
809	678
809	1025
809	272
608	489
608	265
608	301
608	269
608	478
608	58
608	268
608	427
608	187
608	607
608	4
608	865
608	204
608	168
608	207
608	319
608	199
608	505
608	286
608	753
608	1115
608	507
608	83
608	1009
608	216
608	506
608	443
608	1262
608	79
608	275
608	133
608	419
608	23
608	300
608	42
608	695
608	337
608	509
608	1183
608	134
608	190
608	690
608	61
608	1204
608	939
608	64
608	699
608	303
608	98
608	321
608	332
608	218
608	956
608	1124
608	673
608	480
608	742
608	848
608	294
608	448
608	508
608	1101
608	163
608	499
608	69
608	423
608	65
608	93
608	475
608	490
608	969
608	70
608	283
608	9
608	276
608	483
608	305
608	262
608	517
608	22
608	418
608	514
608	655
608	287
608	111
608	1172
608	25
608	1281
608	789
608	86
608	131
608	8
608	59
608	288
608	1063
608	150
608	357
608	136
608	961
608	195
608	11
608	193
608	693
608	735
608	568
608	234
608	421
608	340
608	886
608	50
608	132
608	92
608	157
608	127
608	196
608	611
608	126
608	174
608	603
608	702
608	469
608	172
608	197
608	461
608	317
608	462
608	729
608	306
608	238
608	1113
608	658
79	340
79	137
79	286
79	301
79	10
79	303
79	508
79	906
79	690
79	582
79	325
79	257
79	740
79	246
79	150
79	275
79	313
79	276
79	1161
79	813
79	333
79	6
79	285
79	100
79	7
79	251
79	1022
79	93
79	370
79	258
79	13
79	1017
79	124
79	319
79	311
79	1
79	19
79	290
79	676
79	306
79	262
79	222
79	283
79	50
79	515
673	347
673	268
673	302
673	313
673	528
673	344
673	303
673	327
673	288
673	323
673	328
673	895
673	292
673	269
673	300
673	79
673	242
673	326
673	301
673	340
673	272
673	311
673	307
673	294
673	898
673	310
673	286
673	258
673	896
782	1296
782	898
782	1610
782	880
782	1038
782	887
782	259
782	993
782	294
782	908
782	1226
782	1513
782	1025
782	1393
782	326
782	298
782	1082
782	252
782	304
782	332
782	348
782	325
782	248
782	1537
782	270
782	288
782	300
782	681
782	1383
782	329
782	872
782	890
782	994
782	1600
782	937
782	888
782	361
782	1611
782	50
782	1668
782	1088
782	532
782	748
782	1160
782	1644
782	243
782	250
782	1254
782	292
782	1667
782	1388
782	315
782	245
782	1379
782	253
782	268
782	1382
782	1190
782	127
782	1662
782	1620
782	264
782	539
782	293
782	1394
782	349
782	691
782	1105
782	1658
782	1255
782	1527
782	246
782	1258
782	347
782	321
782	1665
782	335
782	905
782	885
782	1089
782	536
782	1096
782	350
782	342
782	1380
782	269
782	333
782	299
782	323
782	1257
782	1143
782	751
782	948
782	344
782	1664
782	1241
782	1127
782	879
782	286
782	690
782	1609
782	687
782	1191
782	1016
782	340
782	1283
782	313
782	680
782	181
782	1252
782	936
782	987
782	902
782	1389
782	1023
782	355
782	515
782	1670
782	1384
782	1386
782	328
782	1216
782	1013
782	1605
782	1399
782	1534
782	688
782	358
782	308
782	352
782	256
782	1417
782	1405
782	302
782	331
782	1385
782	752
782	1279
782	1012
782	301
782	1589
782	1514
782	312
782	1669
782	244
782	324
782	1598
782	1608
782	873
782	1652
782	991
782	683
782	1315
782	1144
782	322
782	1243
782	1663
782	533
782	316
782	534
782	900
782	254
782	1278
782	296
782	289
782	678
782	881
782	1251
782	992
782	258
782	1378
782	1538
782	895
782	338
782	989
782	249
782	876
782	266
782	1390
782	271
782	1615
782	343
782	310
782	938
782	682
782	307
838	100
838	181
838	919
838	168
838	128
838	12
838	238
838	405
838	732
838	408
838	87
838	1005
838	300
838	82
838	114
838	705
838	311
838	56
838	121
838	60
838	286
838	210
838	7
838	187
838	222
838	9
838	385
838	283
838	127
838	8
838	124
838	191
838	494
838	69
838	596
838	179
838	276
838	111
838	172
838	271
838	96
838	993
838	487
838	254
838	298
838	190
838	945
838	257
838	480
838	174
838	354
838	289
838	223
838	50
838	249
838	206
838	45
838	1
838	70
838	22
838	235
838	748
838	713
838	83
838	93
838	71
838	584
838	750
838	255
838	28
838	228
838	143
838	313
838	455
838	1115
248	117
248	185
248	210
248	127
248	174
248	179
248	474
248	323
248	235
248	187
248	234
248	168
248	180
248	678
248	1
248	515
248	121
248	294
248	283
248	172
248	186
248	194
248	589
248	98
248	100
248	484
248	249
248	806
248	156
248	198
248	79
248	854
248	89
248	475
248	64
248	96
248	250
248	928
248	55
248	69
248	183
248	22
248	11
248	282
248	290
248	114
665	328
665	249
665	721
665	687
665	1040
665	97
665	15
665	417
665	566
665	538
665	1028
665	125
665	186
665	157
665	135
665	346
665	105
665	423
665	9
665	699
665	660
665	411
665	100
665	31
665	546
665	240
665	684
665	7
665	239
665	535
665	597
665	147
665	88
665	421
665	866
665	432
665	126
665	56
665	298
665	286
665	1048
665	24
665	483
665	748
665	815
665	50
665	191
665	271
665	282
665	475
665	151
665	742
665	762
665	1061
665	307
665	121
665	185
665	315
665	1283
665	588
665	96
665	172
665	1
665	257
665	620
665	301
665	343
665	238
665	181
665	215
665	393
665	357
665	109
665	931
665	265
665	117
665	378
665	195
665	1009
665	248
665	427
665	154
665	405
665	12
665	527
665	924
665	456
665	98
665	133
665	1132
665	89
665	33
665	134
665	188
665	92
665	833
665	1315
665	845
665	69
665	293
665	419
665	71
665	631
665	255
665	143
665	756
665	471
665	294
665	194
665	222
665	926
665	234
665	496
665	476
885	97
885	204
885	99
885	153
885	501
885	245
885	70
885	29
885	393
885	866
885	216
885	82
885	402
885	660
885	50
885	237
885	290
885	1030
885	386
885	28
885	1061
885	143
885	225
885	821
885	318
885	100
885	419
885	94
885	210
885	756
885	195
885	72
885	584
885	71
885	196
885	949
885	451
885	79
885	655
885	338
885	596
885	356
885	7
885	69
885	588
885	111
885	95
885	169
885	161
885	213
885	383
885	549
885	1
885	568
885	278
885	523
885	953
885	274
885	815
885	209
885	174
885	423
885	188
885	65
885	208
885	739
885	735
885	405
885	181
885	582
885	167
885	135
885	172
885	685
885	233
885	88
885	946
885	186
885	25
885	142
885	432
885	173
526	276
526	277
526	50
526	475
526	270
526	298
526	1
526	269
526	273
526	271
526	307
526	243
526	508
526	272
526	751
526	313
526	331
526	248
526	325
526	328
526	678
526	591
526	750
526	301
526	312
526	288
526	7
526	282
526	245
526	315
526	748
526	408
526	260
526	302
526	886
526	845
526	121
526	676
526	343
526	125
526	123
526	875
526	936
526	258
526	690
526	346
526	250
526	1084
526	283
526	181
526	332
526	300
526	293
526	294
526	742
526	147
429	505
429	318
429	380
429	385
429	184
429	134
429	470
429	173
429	8
429	652
429	431
429	425
429	427
429	141
429	735
429	290
429	796
429	778
429	1285
429	1028
429	170
429	233
429	177
429	53
429	277
429	473
429	732
429	56
429	462
429	404
429	358
429	265
429	197
429	155
429	469
429	726
429	77
429	816
429	55
429	448
429	655
429	225
429	288
429	136
429	2
429	12
429	202
429	163
429	70
429	128
429	151
429	500
429	472
429	258
429	457
429	298
429	273
429	440
429	566
429	705
429	340
429	466
429	527
429	147
429	95
429	1133
429	63
429	826
429	1224
429	708
429	537
429	535
429	101
429	82
429	596
429	507
429	24
429	209
429	378
429	737
429	26
429	1012
429	921
429	436
429	392
429	132
429	210
429	409
429	1101
429	4
429	228
429	1139
429	111
429	164
429	219
429	232
429	52
429	423
429	62
429	415
429	11
429	418
429	685
429	1222
429	127
429	181
429	629
429	637
429	241
429	191
429	482
429	405
429	582
429	123
429	223
429	468
429	87
429	280
429	1136
429	257
429	227
429	607
429	366
429	410
429	176
429	96
429	140
429	201
429	627
429	381
429	1217
429	493
429	282
429	403
429	1039
429	1018
429	510
429	235
429	762
429	1113
429	80
429	794
429	73
429	283
429	150
429	249
429	226
429	203
429	847
429	1076
429	182
429	411
429	91
429	481
429	275
429	628
429	89
429	222
429	162
429	1425
429	1443
429	467
429	47
429	763
429	528
429	97
429	662
429	92
429	820
429	939
429	291
429	195
429	761
429	665
429	168
429	58
429	88
429	672
429	109
429	485
429	1438
429	276
429	178
429	192
429	188
429	23
429	636
429	86
429	944
429	1035
429	611
429	663
429	159
429	174
429	491
429	133
429	635
429	7
429	496
429	806
429	768
429	671
429	1301
429	562
429	124
429	64
429	72
429	319
429	121
429	1218
429	419
429	234
429	387
429	700
429	165
429	658
429	137
429	264
429	118
429	230
429	211
429	587
429	739
429	804
429	941
429	433
429	48
429	143
429	68
429	90
429	39
429	100
429	207
429	530
429	603
429	693
429	114
429	506
429	28
429	274
429	1110
429	967
429	833
429	237
429	300
429	1017
429	546
429	1296
429	196
429	179
429	185
429	83
429	93
429	755
429	428
429	85
429	479
429	214
429	194
429	602
429	81
429	1118
429	166
429	520
429	1011
429	307
429	616
429	231
429	654
429	412
429	679
429	1228
429	338
429	430
429	21
429	642
429	531
429	936
429	208
429	702
429	199
429	238
429	356
429	495
429	499
429	183
429	357
429	42
429	786
429	284
429	367
429	66
429	1089
429	435
429	673
429	746
429	180
429	365
429	443
429	229
429	697
429	167
429	44
429	504
429	843
429	549
429	216
429	1010
429	651
429	498
429	550
429	1220
429	71
429	172
429	640
429	1119
429	710
429	455
429	65
429	529
429	584
429	393
429	464
429	591
429	568
429	161
429	321
429	581
429	502
429	999
429	1203
429	633
131	1
131	137
131	126
131	221
131	286
131	744
131	293
131	242
131	276
131	269
131	19
131	100
131	536
131	313
131	1281
131	275
131	845
131	750
131	14
131	251
131	285
131	287
131	813
131	124
831	100
831	750
831	690
831	273
831	266
831	129
831	298
831	328
831	96
831	150
831	173
831	237
831	156
831	749
831	331
831	354
831	245
831	687
831	327
831	877
831	479
831	323
831	12
831	358
831	56
831	316
831	31
831	288
831	210
831	1
831	347
831	144
831	272
831	313
831	174
831	742
831	28
831	905
831	317
831	7
831	1012
831	301
831	271
831	258
831	688
831	315
831	1119
831	117
831	204
831	260
831	741
831	181
831	748
831	307
831	270
831	603
831	64
831	208
831	713
26	181
26	292
26	845
26	248
26	235
26	1012
26	328
26	471
26	237
26	628
26	9
26	591
26	323
26	100
26	282
26	1011
26	257
26	546
26	1
26	1015
26	815
26	118
26	274
26	269
26	25
26	343
26	840
26	1014
26	302
26	109
26	751
26	1008
26	683
26	111
26	1013
26	246
26	222
26	116
26	250
26	15
26	322
26	748
26	151
26	291
26	456
26	1016
26	321
26	313
26	300
26	255
26	864
26	979
26	369
26	760
26	304
26	315
26	298
26	122
26	316
26	413
26	126
26	685
26	258
26	117
26	50
26	294
26	871
26	7
26	271
26	742
26	286
26	24
26	678
26	515
26	125
26	252
26	13
26	410
26	1010
26	288
26	597
26	276
26	476
26	508
26	926
26	284
26	127
835	131
835	371
835	288
835	588
835	187
835	423
835	378
835	465
835	543
835	485
835	162
835	499
835	606
835	685
835	527
835	180
835	1278
835	281
835	134
835	523
835	272
835	237
835	484
835	660
835	310
835	28
835	200
835	25
835	673
835	135
835	15
835	133
835	98
835	632
835	294
835	609
835	628
835	225
835	143
835	393
835	633
835	23
835	514
835	160
835	234
835	97
835	1673
835	526
835	194
835	486
835	313
835	210
835	127
835	427
835	1045
835	505
835	157
835	197
835	287
835	69
835	183
835	591
835	132
835	988
835	1153
835	488
835	215
835	174
835	421
835	354
835	193
835	204
835	458
835	185
835	176
835	216
835	239
835	318
835	325
835	612
835	191
835	405
391	294
391	530
391	194
391	50
391	186
391	357
391	98
391	924
391	213
391	131
391	510
391	188
391	483
391	12
391	22
391	177
391	527
391	646
391	504
391	174
391	61
391	209
391	318
391	772
391	301
391	748
391	96
391	264
391	546
391	176
391	462
391	651
391	56
391	9
391	11
391	89
391	58
391	603
391	125
391	26
391	291
391	76
391	458
391	282
391	100
391	604
391	127
391	427
391	705
391	421
391	204
391	132
391	191
391	134
391	661
391	511
391	203
391	288
391	508
391	774
391	47
391	215
391	507
391	474
391	197
391	59
391	238
391	334
391	173
391	228
391	479
391	963
391	69
391	148
391	258
391	678
391	133
391	48
391	328
391	659
391	71
391	480
391	195
391	23
391	591
391	628
391	222
391	168
391	322
391	237
391	498
391	180
391	276
391	497
391	234
391	1101
391	60
793	122
793	118
793	1067
793	129
793	273
793	597
793	742
793	1014
793	405
793	928
793	1
793	121
793	127
793	696
793	456
793	151
793	109
793	9
793	3
793	240
793	222
793	148
793	250
793	288
793	406
793	294
793	282
793	844
793	293
793	50
793	815
793	824
793	181
793	235
793	823
793	591
793	979
793	237
793	117
793	508
793	276
793	685
793	458
793	106
793	1187
104	748
104	9
104	750
104	111
104	257
104	122
104	1012
104	294
104	1226
104	333
104	405
104	268
104	1028
104	628
104	299
104	534
104	1017
104	827
104	50
104	269
104	984
104	293
104	127
104	475
104	1011
104	713
104	258
104	124
104	3
104	307
104	845
104	121
104	411
104	313
104	895
104	324
104	347
104	823
104	325
104	331
104	286
104	302
104	1115
104	250
104	456
104	332
104	744
104	273
104	248
104	354
104	840
104	342
104	249
104	1010
104	285
104	126
104	300
104	7
104	222
104	847
104	546
104	340
104	10
104	316
104	290
104	751
104	235
104	871
104	328
104	471
104	1016
104	272
104	130
104	276
104	100
104	1241
104	327
104	311
104	237
104	407
104	117
104	246
104	678
104	15
104	330
104	25
104	825
104	926
104	412
417	258
417	163
417	109
417	195
417	1000
417	513
417	428
417	1086
417	186
417	270
417	596
417	62
417	172
417	552
417	483
417	449
417	628
417	963
417	58
417	188
417	727
417	15
417	668
417	214
417	145
417	178
417	576
417	80
417	286
417	162
417	979
417	447
417	340
417	746
417	180
417	419
417	117
417	73
417	298
417	709
417	1044
417	69
417	923
417	82
417	710
417	855
417	396
417	433
417	597
417	1446
417	825
417	418
417	27
417	393
417	184
417	473
417	631
417	142
417	248
417	1095
417	1028
417	999
417	185
417	546
417	343
417	191
417	1018
417	441
417	171
417	1215
417	203
417	55
417	324
417	774
417	386
417	384
417	367
417	219
417	242
417	810
417	423
417	373
417	562
417	232
417	68
417	895
417	288
417	508
417	474
417	120
417	1183
417	402
417	1210
417	993
417	151
417	106
417	395
417	198
417	4
417	684
417	780
417	484
417	792
417	235
417	399
417	392
417	391
417	388
417	1139
417	134
417	1
417	144
417	323
417	228
417	1157
417	655
417	293
417	465
417	51
417	475
417	640
417	29
417	139
417	200
417	823
417	506
417	16
417	7
417	616
417	1047
417	94
417	1023
417	815
417	89
417	658
417	246
417	420
417	728
417	781
417	1230
417	452
417	651
417	98
417	1119
417	715
417	625
417	25
417	40
417	364
417	674
417	164
417	515
417	1247
417	771
417	201
417	783
417	747
417	135
417	642
417	943
417	638
417	708
417	72
417	63
417	713
417	78
417	496
417	206
417	614
417	216
417	208
417	325
417	380
417	762
417	946
417	588
417	190
417	1011
417	49
417	222
417	1041
417	385
417	210
417	252
417	541
417	96
417	413
417	20
417	97
417	358
417	158
417	141
417	64
417	156
417	127
417	436
417	723
417	250
417	47
417	1091
417	779
417	411
417	537
417	871
417	1207
417	501
417	665
417	767
417	758
417	550
417	81
417	56
417	95
417	65
417	518
417	574
417	549
417	431
417	5
417	290
417	326
417	111
417	167
417	1209
417	1039
417	11
417	663
417	207
417	125
417	692
417	1416
417	223
417	238
417	1182
417	169
417	818
417	183
417	23
417	226
417	1016
417	234
417	182
417	44
417	245
417	24
417	161
417	218
417	118
417	268
417	123
417	498
417	403
417	32
417	742
417	764
417	685
417	83
417	260
417	102
417	168
417	322
417	544
417	743
417	940
417	1550
417	294
417	196
417	404
417	264
417	173
417	230
417	100
417	159
417	679
417	131
417	179
417	804
417	91
417	451
417	1014
417	831
417	849
417	255
417	748
417	66
417	147
417	797
417	42
417	421
417	1288
417	39
417	636
417	765
287	268
287	100
287	168
287	748
287	952
287	346
287	248
287	710
287	926
287	28
287	9
287	941
287	240
287	156
287	301
287	682
287	117
287	11
287	121
287	426
287	50
287	249
287	235
287	246
287	1
287	546
287	250
287	222
287	1016
287	1067
287	815
287	591
287	181
287	294
287	313
287	652
287	108
287	742
287	4
287	237
287	200
287	461
287	218
287	56
287	64
287	92
287	39
287	340
287	347
287	845
943	58
943	808
943	168
943	31
943	625
943	1330
943	73
943	151
943	184
943	67
943	595
943	187
943	825
943	216
943	69
943	22
943	840
943	218
943	1074
943	581
943	56
943	724
943	94
943	405
943	230
943	559
943	831
943	566
943	585
943	239
943	549
943	541
943	195
943	201
943	274
943	284
943	816
943	1067
943	763
943	1044
943	508
943	785
943	233
943	68
943	2
943	568
943	722
943	193
943	79
943	406
943	124
943	237
943	421
943	181
943	38
943	655
943	172
943	1028
943	200
943	174
943	609
943	419
943	756
943	215
943	475
943	232
943	28
943	27
943	92
943	132
943	23
943	721
943	717
943	824
943	941
943	54
943	217
943	50
943	765
943	185
943	401
943	53
943	614
943	470
943	205
943	468
943	194
943	403
943	1047
943	423
943	161
943	64
943	570
943	685
943	121
943	210
943	12
943	186
943	76
943	96
943	1011
943	546
943	62
943	412
943	51
943	794
943	576
943	41
943	402
943	427
943	188
943	569
943	226
943	111
943	386
943	219
943	393
943	173
943	227
943	356
943	391
943	117
943	526
943	55
943	449
943	100
943	318
943	282
943	228
943	122
943	72
943	443
943	431
943	182
943	796
943	450
37	183
37	118
37	403
37	92
37	22
37	827
37	265
37	578
37	147
37	27
37	195
37	7
37	226
37	121
37	825
37	540
37	568
37	172
37	665
37	833
37	288
37	222
37	82
37	176
37	363
37	597
37	233
37	210
37	685
37	68
37	117
37	55
37	405
37	161
37	948
37	273
37	11
37	127
37	930
37	89
37	1027
37	385
37	841
37	79
37	56
37	472
37	62
588	1469
588	735
588	51
588	268
588	24
588	227
588	22
588	751
588	131
588	553
588	239
588	275
588	417
588	742
588	8
588	97
588	1508
588	550
588	451
588	423
588	934
588	570
588	301
588	1039
588	559
588	1044
588	83
588	258
588	1058
588	165
588	366
588	21
588	684
588	463
588	468
588	678
588	655
588	278
588	289
588	362
588	404
588	162
588	382
588	288
588	354
588	645
588	747
588	66
588	56
588	107
588	483
588	315
588	402
588	395
588	132
588	1
588	230
588	82
588	88
588	568
588	755
588	475
588	728
588	307
588	117
588	333
588	1041
588	959
588	732
588	428
588	125
588	810
588	318
588	155
588	231
588	472
588	99
588	161
588	1219
588	433
588	208
588	142
588	386
588	72
588	144
588	496
588	720
588	25
588	260
588	68
588	15
588	447
588	216
588	731
588	29
588	85
588	941
588	50
588	1311
588	220
588	181
588	380
588	172
588	625
588	184
588	62
588	403
588	1074
588	588
588	443
588	222
588	202
588	652
588	67
588	370
588	31
588	7
588	697
588	721
588	217
588	421
588	692
588	1180
588	623
588	215
588	832
588	378
588	95
588	272
588	815
588	367
588	1053
588	1411
588	73
588	159
588	40
588	286
588	63
588	739
588	552
588	356
588	660
588	237
588	294
588	542
588	283
588	347
588	265
588	385
588	578
588	151
588	174
588	210
588	133
588	121
588	781
588	658
588	846
588	716
588	12
588	178
588	1428
588	485
588	164
588	432
588	98
588	783
588	1061
588	365
588	384
588	143
588	234
588	42
588	531
588	28
588	1240
588	316
588	762
588	561
588	723
588	168
90	174
90	964
90	659
90	1195
90	275
90	30
90	322
90	521
90	543
90	198
90	656
90	474
90	223
90	954
90	1045
90	287
90	1203
90	499
90	131
90	89
90	141
90	357
90	272
90	690
90	56
90	1196
90	480
90	276
90	193
90	905
90	215
90	494
90	497
90	1201
90	65
90	527
90	707
90	1005
90	958
90	25
90	1192
90	177
90	64
90	306
90	721
90	512
90	1206
90	753
90	879
90	486
90	191
90	317
90	18
90	245
90	132
90	156
90	26
90	1039
90	617
90	501
90	234
90	650
90	421
90	966
90	175
90	517
90	185
90	962
90	187
90	213
90	889
90	190
90	603
90	300
90	903
90	340
90	847
90	505
90	289
90	221
90	528
90	614
90	506
90	179
90	972
90	606
90	813
90	270
90	356
90	945
90	693
90	732
90	149
90	478
90	6
90	86
90	127
90	1101
90	906
90	654
90	302
90	382
90	739
90	607
90	435
90	855
90	162
90	208
90	307
90	137
90	515
90	511
90	45
90	443
90	509
90	990
90	155
90	310
90	216
90	97
90	12
90	676
90	1020
90	464
90	242
90	529
90	730
90	170
90	209
90	553
90	900
90	258
90	273
90	1134
90	10
90	821
90	9
90	316
90	83
90	481
90	17
90	312
90	530
90	496
90	285
90	211
90	135
90	647
90	269
90	488
90	385
90	471
90	709
90	485
90	662
90	70
90	568
90	750
90	57
90	354
90	518
90	11
90	609
90	610
90	454
90	178
90	20
90	423
90	507
90	387
90	180
90	212
90	425
90	98
90	519
90	498
90	648
90	427
90	500
90	613
90	136
90	199
90	652
90	713
90	134
90	875
90	23
90	1198
90	197
90	202
90	69
90	182
90	644
90	100
90	148
90	661
90	268
90	447
90	692
90	79
90	604
90	218
90	1109
90	33
90	151
90	1204
90	1097
90	475
90	489
90	150
90	241
90	318
90	196
90	14
90	602
90	1194
90	237
90	1086
90	904
90	433
90	1125
90	22
90	194
90	192
90	1197
90	660
90	1137
90	611
90	311
90	323
90	811
90	639
90	126
90	462
90	995
90	1193
90	143
90	313
90	526
90	708
864	969
864	367
864	542
864	157
864	1109
864	172
864	663
864	7
864	1425
864	93
864	12
864	692
864	216
864	186
864	219
864	563
864	208
864	722
864	399
864	288
864	151
864	1412
864	735
864	1135
864	419
864	732
864	684
864	470
864	25
864	283
864	1531
864	509
864	550
864	373
864	214
864	1208
864	66
864	58
864	343
864	231
864	8
864	673
864	755
864	317
864	153
864	195
864	197
864	144
864	99
864	202
864	64
864	472
864	140
864	734
864	28
864	9
864	559
864	114
864	993
864	665
864	501
864	188
864	111
864	1047
864	1140
864	127
864	43
864	204
864	597
864	422
864	203
864	49
864	742
864	128
864	210
864	588
864	226
864	109
864	546
864	159
864	930
864	77
864	1446
864	189
864	394
864	176
864	125
864	380
864	79
864	73
864	939
864	123
864	97
864	168
864	161
864	239
864	418
864	250
864	729
864	69
864	1248
864	768
864	94
864	117
864	5
864	333
864	225
864	85
864	265
864	11
864	294
864	1112
864	892
864	473
864	402
864	401
864	276
864	708
864	405
864	164
864	178
864	48
864	578
864	229
864	145
864	1016
864	471
864	642
864	619
864	22
864	200
864	658
864	568
864	143
864	349
864	629
864	357
864	50
864	209
864	386
864	82
864	87
864	466
864	275
864	190
864	88
864	1228
864	318
864	693
864	451
864	67
864	720
864	531
864	569
864	65
864	91
864	1033
864	623
864	234
864	232
864	423
864	222
864	775
864	13
864	63
864	53
864	235
864	678
864	95
864	44
864	167
864	393
864	951
864	1
864	227
864	717
864	169
864	1284
864	282
864	651
864	173
864	257
864	800
864	191
864	72
864	70
864	496
864	102
864	174
864	328
864	290
864	1210
864	245
864	54
864	258
864	121
864	655
864	228
864	511
864	433
864	31
864	443
864	715
864	194
864	382
864	781
864	38
864	106
864	62
864	223
864	132
864	736
864	118
864	747
864	685
864	603
864	609
864	81
864	356
864	238
864	805
864	71
864	184
864	137
864	56
864	182
864	52
864	217
864	15
864	108
864	797
864	716
864	789
864	201
864	408
864	403
363	91
363	709
363	426
363	1157
363	228
363	591
363	24
363	1267
363	127
363	72
363	1099
363	288
363	257
363	208
363	946
363	5
363	65
363	933
363	315
363	518
363	271
363	98
363	73
363	386
363	186
363	816
363	435
363	97
363	226
363	9
363	210
363	66
363	408
363	143
363	429
363	825
363	347
363	505
363	8
363	7
363	699
363	290
363	559
363	17
363	474
363	402
363	231
363	179
363	979
363	658
363	293
363	238
363	682
363	328
363	81
363	380
363	137
363	1052
363	854
363	679
363	312
363	578
363	169
363	69
363	47
363	469
363	444
363	673
363	163
363	472
363	737
363	597
363	150
363	675
363	496
363	121
363	346
363	77
363	172
363	80
363	1009
363	1013
363	1012
363	156
363	778
363	29
363	117
363	273
363	831
363	792
363	631
363	473
363	102
363	523
363	25
363	685
363	698
363	561
363	82
363	1214
363	433
363	550
363	566
363	616
363	264
363	58
363	185
363	767
363	298
363	301
363	448
363	1215
363	153
363	747
363	537
363	265
363	384
363	705
363	62
363	95
363	802
363	423
363	1073
363	660
363	625
363	555
363	50
363	752
363	176
363	719
363	44
363	12
363	100
363	455
363	154
363	188
363	223
363	96
363	229
363	707
363	79
363	1478
363	54
363	746
363	101
363	88
363	270
363	155
363	849
363	575
363	451
363	195
363	1074
363	1010
363	770
363	417
363	28
363	333
363	68
363	200
363	93
363	227
363	42
363	571
363	760
363	431
363	239
363	38
363	248
363	678
363	531
363	234
363	87
363	151
363	282
363	189
363	193
363	114
363	71
363	546
363	741
363	39
363	552
363	316
363	22
363	1101
363	11
363	443
363	940
363	959
363	557
363	549
363	161
363	1168
363	218
363	691
363	350
363	37
363	212
363	55
363	735
363	152
363	171
363	90
363	387
363	144
363	589
363	250
363	1512
363	317
363	201
363	56
363	789
363	116
363	2
363	284
363	222
363	859
363	906
363	67
363	184
363	1035
363	366
363	70
363	1228
363	742
363	206
363	393
363	313
363	182
363	568
363	283
363	215
363	174
363	183
363	224
363	187
363	739
363	761
363	710
363	665
363	134
363	336
363	204
363	159
363	148
363	1014
363	217
363	428
828	26
828	971
828	306
828	275
828	346
828	730
828	1153
828	327
828	906
828	923
828	900
828	20
828	462
828	269
828	902
828	1196
828	345
828	355
828	904
828	1068
828	887
828	921
828	509
828	1672
828	207
828	10
828	1466
828	558
828	302
828	57
828	190
828	640
828	325
828	303
828	14
828	83
828	179
828	652
828	331
828	170
828	381
828	6
828	382
828	224
828	510
828	316
828	748
828	903
828	1062
828	531
828	895
828	116
828	960
828	985
828	896
828	1646
828	301
828	322
828	270
828	874
828	283
828	752
828	1073
828	1056
828	45
828	1005
828	59
828	475
828	313
828	286
828	347
828	753
828	694
828	1622
828	271
828	961
828	463
828	340
828	198
828	70
828	1597
828	86
828	582
828	328
338	56
338	275
338	100
338	196
338	663
338	513
338	613
338	525
338	269
338	301
338	443
338	603
338	213
338	197
338	212
338	607
338	306
338	517
338	708
338	488
338	86
338	169
338	606
338	654
338	650
338	474
338	523
338	498
338	494
338	514
338	1
338	427
338	382
338	132
338	189
338	168
338	990
338	511
338	180
338	133
338	175
338	286
338	478
338	134
338	216
338	945
338	408
338	204
338	480
338	435
338	215
338	479
338	604
338	516
338	135
338	490
338	208
338	52
338	294
338	1124
338	310
452	134
452	25
452	60
452	94
452	79
452	488
452	180
452	624
452	195
452	492
452	510
452	237
452	531
452	1109
452	1204
452	216
452	1534
452	1410
452	76
452	506
452	530
452	520
452	121
452	179
452	501
452	636
452	1057
452	455
452	1089
452	245
452	483
452	523
452	495
452	27
452	185
452	181
452	641
452	213
452	212
452	223
452	8
452	132
452	152
452	69
452	465
452	288
452	614
452	518
452	625
452	825
452	423
452	77
452	554
452	729
452	210
452	659
452	482
452	96
452	516
452	163
452	490
452	99
452	527
452	83
452	197
452	588
452	475
452	66
452	164
452	70
452	513
452	136
452	648
452	971
452	781
452	201
452	479
452	204
452	597
452	969
452	435
452	276
452	432
452	14
452	660
452	842
452	607
452	196
452	443
452	171
452	124
452	48
452	52
452	576
452	947
452	202
452	1403
452	86
452	684
452	89
452	188
452	603
452	82
452	874
452	1255
452	521
452	207
452	661
452	420
452	481
452	199
452	792
452	23
452	615
452	265
452	172
452	211
452	502
452	153
452	805
452	15
452	509
452	654
452	286
452	856
452	485
452	170
452	456
452	45
452	111
452	88
452	318
452	98
452	156
452	504
452	285
452	1427
452	62
452	631
452	430
452	58
452	234
452	243
452	472
452	404
452	269
452	663
452	71
452	491
452	135
452	1383
452	461
452	945
452	143
452	609
452	498
452	419
452	458
452	161
452	514
452	467
452	418
452	427
452	290
452	462
452	275
23	526
23	516
23	518
23	62
23	224
23	99
23	404
23	8
23	504
23	13
23	98
23	188
23	211
23	202
23	423
23	694
23	219
23	82
23	257
23	175
23	919
23	214
23	662
23	380
23	90
23	228
23	418
23	275
23	451
23	95
23	194
23	603
23	28
23	143
23	463
23	50
23	116
23	258
23	367
23	133
23	83
23	19
23	427
23	185
23	479
23	528
23	449
23	216
23	32
23	89
23	88
23	655
23	527
23	222
23	174
23	511
23	144
23	55
23	213
23	96
23	433
23	414
23	419
23	14
23	747
23	713
23	405
23	1005
23	227
23	1006
23	7
23	203
23	173
23	177
23	59
23	238
23	230
23	315
23	170
23	134
23	171
23	679
23	109
23	421
23	483
23	151
23	56
23	209
23	124
23	541
23	195
23	283
23	323
23	588
23	229
23	710
23	79
23	215
23	381
23	154
23	131
23	250
23	856
23	432
23	597
23	145
23	176
23	102
23	386
23	91
23	522
23	100
23	652
23	181
23	217
23	472
23	1004
23	294
23	269
23	739
23	183
394	227
394	364
394	123
394	238
394	12
394	552
394	183
394	405
394	141
394	179
394	181
394	383
394	541
394	176
394	385
394	380
394	928
394	265
394	313
394	780
394	554
394	101
394	82
394	39
394	204
394	97
394	128
394	416
394	161
394	73
394	627
394	230
394	508
394	208
394	173
394	578
394	172
394	154
394	31
394	28
394	597
394	358
394	418
394	252
394	257
394	1210
394	550
394	797
394	715
394	168
394	771
394	391
394	22
394	433
394	210
394	90
394	222
394	549
394	68
394	89
394	679
394	184
394	1033
394	455
394	195
394	229
394	773
394	1484
394	233
394	739
394	940
394	158
394	69
394	795
394	226
394	33
394	568
394	402
394	151
394	540
394	228
394	655
394	118
394	4
394	218
394	561
394	672
394	294
394	720
394	144
394	98
394	403
394	186
394	546
394	84
394	63
394	38
394	431
394	232
394	393
394	763
394	577
394	411
394	24
394	651
394	419
394	559
394	164
394	282
394	1079
394	250
394	746
394	156
394	742
394	288
394	496
394	132
394	91
394	109
394	423
394	79
323	98
323	210
323	245
323	764
323	23
323	479
323	199
323	772
323	319
323	334
323	298
323	56
323	1050
323	294
323	144
323	475
323	1048
323	151
323	289
323	186
323	713
323	1017
323	546
323	203
323	322
323	328
323	875
323	268
323	179
323	333
323	300
323	993
323	181
323	121
323	255
323	215
323	11
323	873
323	678
323	50
323	619
323	222
323	535
323	847
323	257
323	9
323	508
323	327
323	243
323	286
323	293
323	258
323	876
323	150
323	238
323	79
323	332
323	127
323	933
323	467
323	15
323	1012
323	172
323	180
323	741
323	544
323	763
323	246
323	248
323	64
323	651
323	100
323	93
466	176
466	50
466	882
466	265
466	566
466	292
466	241
466	7
466	873
466	184
466	117
466	172
466	56
466	4
466	324
466	98
466	89
466	510
466	568
466	328
466	288
466	546
466	346
466	909
466	231
466	173
466	181
466	333
466	898
466	344
466	354
466	313
466	11
466	82
466	308
466	210
466	226
466	268
466	95
466	300
466	188
466	187
466	302
466	334
466	27
466	260
466	385
466	127
466	174
466	679
466	350
466	161
466	121
466	995
466	315
466	195
466	62
466	899
466	550
466	895
466	403
466	1607
466	92
466	306
466	87
466	326
466	269
466	294
466	651
466	349
466	455
466	405
466	24
466	331
466	79
466	232
466	55
466	327
466	22
466	17
466	273
645	69
645	772
645	955
645	181
645	209
645	23
645	496
645	32
645	214
645	243
645	203
645	197
645	708
645	746
645	474
645	200
645	673
645	228
645	48
645	514
645	39
645	403
645	175
645	174
645	22
645	173
645	518
645	318
645	183
645	30
645	558
645	61
645	433
645	286
645	301
645	70
645	641
645	55
645	640
645	89
645	216
645	59
645	11
645	616
645	98
645	357
645	179
645	963
645	654
645	172
645	65
645	96
645	288
645	73
645	4
645	483
645	91
645	675
645	959
645	664
645	523
645	212
645	28
645	134
645	650
645	434
645	46
645	47
645	87
645	1159
645	469
645	627
645	512
645	1018
645	184
645	435
645	660
645	656
645	180
645	92
645	506
645	447
645	430
645	135
645	748
645	64
645	960
645	56
645	658
645	188
645	191
645	81
645	709
645	194
645	186
645	168
645	60
645	268
916	425
916	382
916	42
916	23
916	66
916	86
916	655
916	781
916	578
916	246
916	109
916	256
916	77
916	237
916	168
916	280
916	385
916	831
916	433
916	268
916	461
916	148
916	2
916	3
916	737
916	158
916	820
916	46
916	174
916	194
916	546
916	971
916	1220
916	527
916	33
916	1206
916	1217
916	570
916	177
916	470
916	96
916	806
916	1014
916	387
916	1098
916	209
916	88
916	581
916	531
916	49
916	249
916	684
916	484
916	380
916	51
916	498
916	650
916	9
916	1268
916	1101
916	265
916	52
916	685
916	82
916	182
916	423
916	930
916	652
916	732
916	218
916	421
916	844
916	741
916	948
916	7
916	557
916	399
916	511
916	68
916	943
916	157
916	223
916	702
916	709
916	431
916	824
916	132
916	1042
916	193
916	70
916	472
916	186
916	1597
916	48
916	117
916	176
916	154
916	227
916	792
916	53
916	222
916	252
916	250
916	211
916	30
916	535
916	215
916	163
916	151
916	451
916	1011
916	221
916	558
916	92
916	171
916	746
916	762
916	721
916	583
916	537
916	198
916	462
916	72
916	1335
916	931
916	1046
916	763
916	405
916	257
916	568
916	135
916	190
916	233
916	369
916	710
916	202
916	153
916	1208
916	214
916	69
916	204
916	679
916	56
916	530
916	825
916	597
916	506
916	367
916	64
916	195
916	24
916	674
916	640
916	244
916	566
916	137
916	381
916	467
916	631
916	541
916	715
916	241
916	480
916	161
916	188
916	134
916	239
916	1005
916	175
916	790
916	159
916	764
916	232
916	678
916	97
916	286
916	549
916	959
916	1070
916	183
916	1401
916	582
916	474
916	978
916	143
916	636
916	284
916	528
916	960
916	356
916	713
916	73
916	238
916	79
916	1682
916	919
916	427
916	28
916	125
916	561
916	50
916	76
916	85
916	317
916	550
916	164
916	523
916	196
916	273
916	17
916	393
916	1119
916	210
916	720
916	71
916	593
916	295
916	298
916	735
916	767
916	106
916	203
916	704
916	123
916	206
916	147
916	65
916	83
916	276
916	697
916	755
916	14
916	475
916	708
916	111
916	192
916	944
916	1073
916	172
916	217
916	1079
916	569
916	156
916	417
916	290
916	91
916	173
916	98
916	179
916	118
916	22
916	271
916	428
916	230
916	181
880	1036
880	238
880	347
880	692
880	368
880	477
880	986
880	549
880	385
880	69
880	158
880	1184
880	384
880	379
880	62
880	307
880	1224
880	468
880	1093
880	393
880	201
880	1496
880	63
880	825
880	227
880	269
880	570
880	188
880	128
880	1197
880	301
880	239
880	801
880	94
880	240
880	230
880	930
880	22
880	879
880	405
880	579
880	148
880	117
880	38
880	3
880	541
880	367
880	249
880	876
880	770
880	1013
880	147
880	177
880	209
880	300
880	246
880	1664
880	1012
880	508
880	120
880	248
880	124
880	1151
880	161
880	794
880	98
880	1165
880	8
880	826
880	575
880	791
880	742
880	64
880	627
880	258
880	1446
880	356
880	628
880	72
880	282
880	881
880	761
880	1041
880	1049
880	780
880	473
880	697
880	746
880	402
880	781
880	53
880	824
880	1134
880	28
880	7
880	841
880	928
880	293
880	731
880	403
880	68
880	722
880	329
880	1001
880	318
880	41
880	1291
880	91
880	1058
880	566
880	80
880	1053
880	1222
880	763
880	254
880	79
880	11
880	151
880	281
880	401
880	790
880	127
880	1181
880	783
880	44
880	762
880	1284
880	97
880	1095
880	475
880	818
880	657
880	299
880	27
880	12
880	180
880	217
880	1119
880	1423
880	779
880	591
880	54
880	926
880	1277
880	719
880	295
880	603
880	1217
880	1276
880	204
880	1270
880	231
880	1415
880	678
880	2
880	1030
880	585
880	21
880	194
880	273
880	655
880	168
880	257
880	156
880	689
880	375
880	1267
880	252
880	235
880	70
880	411
880	410
880	810
880	118
880	550
880	260
880	820
880	651
880	554
880	568
880	250
880	342
880	121
880	366
880	200
880	109
880	467
880	187
880	90
880	394
880	823
880	202
880	588
880	65
880	315
880	584
880	29
880	47
880	1620
880	208
880	144
880	527
880	184
880	369
880	310
880	96
880	140
880	1258
880	578
880	316
880	210
880	597
880	546
880	864
880	302
880	228
880	1185
880	39
880	276
880	1244
880	1002
880	1000
880	182
880	185
880	1052
880	82
880	222
880	23
880	24
880	33
880	1518
880	67
880	471
880	122
880	992
880	186
880	976
880	1225
880	392
880	363
880	176
880	173
880	748
880	150
880	451
880	288
880	191
880	728
880	49
880	1023
880	476
880	1139
880	693
880	625
880	1059
880	1
880	1044
880	100
880	87
880	768
880	284
880	50
880	1215
880	802
880	423
880	595
880	461
880	234
880	85
880	243
880	328
880	845
880	179
880	95
880	346
880	1017
880	272
880	1157
880	268
880	407
880	381
880	470
880	383
880	56
880	734
880	771
880	105
880	418
880	42
880	4
880	218
880	376
880	931
880	294
880	93
880	435
606	939
606	68
606	161
606	423
606	713
606	147
606	1065
606	924
606	117
606	845
606	228
606	969
606	428
606	196
606	1110
606	993
606	655
606	123
606	651
606	531
606	188
606	230
606	222
606	816
606	135
606	393
606	313
606	1016
606	97
606	88
606	206
606	404
606	546
606	7
606	471
606	562
606	477
606	71
606	760
606	293
606	12
606	234
606	238
606	508
606	181
606	756
606	210
606	501
606	435
606	455
606	79
606	237
606	50
606	42
606	385
606	684
606	55
606	191
606	203
606	507
606	265
606	81
606	87
606	24
606	118
606	748
606	125
606	175
606	98
606	22
606	172
606	620
606	208
606	491
606	211
606	257
606	619
606	216
606	473
606	121
606	475
606	282
606	200
606	124
606	178
606	591
606	63
606	418
606	38
606	652
606	108
606	186
606	825
606	127
606	173
606	1149
606	537
606	959
606	323
606	926
606	174
606	183
606	746
606	197
606	225
606	58
606	281
606	685
606	468
606	585
606	100
606	662
606	157
606	148
606	95
606	249
606	284
606	729
606	111
606	1518
606	180
606	129
606	1011
606	138
606	966
606	194
606	516
606	749
606	472
606	1
606	11
606	1199
606	255
606	153
606	93
606	151
606	202
606	735
606	963
606	951
606	48
606	154
606	82
606	421
606	660
606	747
606	25
606	647
606	942
606	96
606	1277
606	179
606	841
606	201
606	709
606	1039
606	1055
606	239
606	628
606	692
606	596
606	31
606	307
606	410
606	168
606	64
606	56
606	763
606	236
606	198
606	568
606	928
606	451
606	678
606	83
606	1047
606	214
606	184
606	195
606	432
606	1151
606	204
606	527
606	273
606	69
606	250
606	258
606	298
606	260
606	99
102	219
102	515
102	313
102	831
102	13
102	734
102	350
102	524
102	546
102	319
102	183
102	117
102	403
102	686
102	235
102	328
102	175
102	559
102	233
102	265
102	778
102	118
102	182
102	358
102	338
102	385
102	797
102	635
102	29
102	173
102	522
102	217
102	856
102	511
102	79
102	751
102	302
102	577
102	629
102	1030
102	316
102	307
102	554
102	300
102	565
102	194
102	720
102	541
102	186
102	204
102	161
102	663
102	986
102	548
102	260
102	72
102	432
102	576
102	444
102	447
102	391
102	91
102	501
102	393
102	258
102	102
102	239
102	181
102	823
102	50
102	211
102	88
102	56
102	228
102	930
102	1
102	218
102	449
102	167
102	1076
102	840
102	1240
102	326
102	200
102	11
102	70
102	445
102	399
102	230
102	245
102	5
102	327
102	55
102	436
102	675
102	655
102	271
102	38
102	530
102	234
102	785
102	578
102	286
102	1052
102	443
102	672
102	448
102	95
102	665
102	396
102	176
102	172
102	231
102	202
102	450
102	164
102	866
102	332
102	502
102	760
102	685
102	195
102	625
102	222
102	334
102	121
102	748
102	597
102	1228
102	476
102	53
102	7
102	671
102	248
102	68
102	892
102	550
102	418
102	1025
102	510
102	810
102	168
102	322
102	650
102	83
102	153
102	947
102	1239
102	82
102	596
102	993
102	431
102	409
102	301
102	127
102	405
102	792
102	684
102	185
102	154
102	386
102	144
102	98
102	47
102	264
102	636
102	94
102	746
102	174
102	188
102	435
102	184
102	294
102	768
151	258
151	154
151	50
151	171
151	686
151	420
151	512
151	328
151	197
151	609
151	208
151	1269
151	448
151	287
151	692
151	58
151	945
151	1297
151	463
151	684
151	497
151	189
151	813
151	1264
151	191
151	64
151	274
151	966
151	632
151	531
151	10
151	168
151	260
151	121
151	953
151	1039
151	509
151	52
151	826
151	195
151	606
151	222
151	466
151	709
151	418
151	425
151	498
151	1113
151	181
151	655
151	962
151	152
151	761
151	660
151	49
151	25
151	781
151	956
151	517
151	286
151	44
151	378
151	504
151	703
151	969
151	169
151	707
151	516
151	28
151	662
151	503
151	755
151	1286
151	1197
151	211
151	135
151	223
151	675
151	230
151	385
151	657
151	1047
151	611
151	175
151	654
151	194
151	277
151	845
151	485
151	566
151	481
151	952
151	939
151	15
151	196
151	33
151	86
151	13
151	423
151	178
151	91
151	100
151	1298
151	56
151	483
151	716
151	143
151	741
151	922
151	300
151	514
151	528
151	231
151	98
151	322
151	561
151	402
151	357
151	1299
151	134
151	443
151	151
151	12
151	507
151	480
151	1006
151	436
151	919
151	31
151	664
151	775
151	114
151	79
151	724
151	631
151	176
151	380
151	1098
151	93
151	51
151	170
151	173
151	275
151	213
151	111
151	81
151	770
151	748
151	238
151	190
151	523
151	224
151	234
151	638
151	200
151	652
151	132
151	705
151	66
151	614
151	87
151	1074
151	228
151	663
151	4
151	965
151	125
151	321
151	792
151	83
151	14
151	414
151	387
151	417
151	489
151	603
151	372
151	628
151	88
151	584
151	629
151	805
151	1050
151	473
151	82
151	464
151	602
151	736
151	69
151	241
151	474
151	204
151	505
151	529
151	549
151	659
151	847
151	216
151	162
151	627
151	202
151	7
151	432
151	405
151	47
151	522
151	172
151	118
151	478
151	782
151	462
151	26
151	435
151	433
151	525
151	9
151	131
151	835
151	136
151	1065
151	1101
151	484
151	661
151	203
151	488
151	482
151	492
151	133
151	476
151	408
151	381
151	605
151	124
151	411
151	451
151	699
151	972
151	209
151	729
151	929
151	496
151	735
151	582
151	971
151	147
151	491
151	1041
804	568
804	1178
804	1016
804	193
804	25
804	240
804	678
804	949
804	108
804	141
804	1041
804	233
804	160
804	402
804	403
804	63
804	1101
804	366
804	412
804	228
804	118
804	292
804	155
804	443
804	172
804	558
804	929
804	164
804	85
804	588
804	180
804	202
804	413
804	1139
804	245
804	10
804	1047
804	1411
804	926
804	50
804	401
804	663
804	768
804	195
804	72
804	597
804	405
804	204
804	206
804	100
804	79
804	655
804	134
804	654
804	203
804	385
804	379
804	629
804	120
804	123
804	445
804	702
804	284
804	411
804	646
804	1060
804	1140
804	373
804	651
804	429
804	498
804	328
804	657
804	671
804	210
804	254
804	56
804	135
804	22
804	24
804	87
804	732
804	70
804	756
804	685
804	213
804	742
804	1615
804	237
804	479
804	84
804	820
804	664
804	380
804	615
804	616
804	642
804	7
804	522
804	528
804	468
804	637
804	182
804	2
804	928
804	173
804	105
804	235
804	4
804	252
804	222
804	159
804	1177
804	188
804	94
804	566
804	40
804	64
804	495
804	432
804	1489
804	259
804	175
804	205
804	520
804	218
804	515
804	476
804	1025
804	771
804	435
804	406
804	62
804	28
804	186
804	184
804	378
804	1076
804	1079
804	1
804	226
804	431
804	161
804	98
804	49
804	514
804	739
804	192
804	797
804	951
804	719
804	675
804	288
804	399
804	428
804	982
804	199
804	194
804	584
804	89
804	154
804	1260
804	322
804	1285
804	196
804	529
804	632
804	282
804	670
804	177
804	162
804	82
804	559
804	647
804	229
804	127
804	91
804	215
804	748
804	230
804	692
804	176
804	639
804	504
804	679
804	227
804	423
804	981
804	69
804	239
804	156
804	168
804	747
804	631
804	526
804	260
804	1065
804	826
804	393
804	674
804	480
804	216
804	55
804	708
804	143
804	513
804	363
804	415
804	448
804	157
804	318
804	624
804	527
804	984
804	185
804	1170
804	436
804	197
804	167
804	841
804	257
804	930
804	291
804	1228
804	358
804	396
804	1028
804	1488
804	144
804	95
804	472
804	121
804	151
804	1210
804	238
804	425
804	1222
804	1050
804	219
804	152
804	925
804	746
804	39
804	211
804	546
804	198
804	128
804	231
804	474
804	97
804	447
804	183
804	737
804	473
804	132
804	550
804	71
804	932
804	483
804	163
804	290
804	153
804	993
804	307
804	720
804	294
627	713
627	276
627	33
627	358
627	684
627	810
627	22
627	182
627	12
627	226
627	541
627	1194
627	546
627	96
627	435
627	4
627	949
627	732
627	849
627	210
627	549
627	205
627	282
627	636
627	628
627	97
627	288
627	83
627	117
627	174
627	27
627	461
627	214
627	300
627	956
627	673
627	11
627	1135
627	51
627	471
627	82
627	237
627	86
627	55
627	77
627	1136
627	385
627	52
627	403
627	510
627	135
627	511
627	1478
627	553
627	649
627	720
627	402
627	685
627	554
627	941
627	578
627	199
627	724
627	526
627	665
627	518
627	175
627	196
627	187
627	232
627	523
627	215
627	947
627	195
627	399
627	328
627	233
627	39
627	70
627	434
627	79
627	697
627	62
627	679
627	179
627	229
627	258
627	942
627	148
627	550
627	521
627	144
627	157
627	704
627	76
627	271
627	69
627	281
627	89
627	387
627	405
627	797
627	176
627	431
627	1267
627	100
627	939
627	735
627	651
627	660
627	123
627	586
627	172
627	193
627	245
627	740
627	273
627	423
627	53
627	9
627	64
627	125
627	239
627	227
627	317
627	58
627	562
627	802
627	591
627	68
627	197
627	528
627	56
627	808
627	230
627	23
627	699
627	162
627	318
627	180
627	566
627	92
627	467
627	655
627	28
551	399
551	698
551	291
551	143
551	73
551	331
551	302
551	685
551	72
551	209
551	64
551	181
551	849
551	71
551	196
551	144
551	603
551	96
551	43
551	710
551	62
551	1087
551	735
551	155
551	210
551	226
551	520
551	1139
551	616
551	719
551	690
551	1207
551	245
551	274
551	1303
551	315
551	168
551	672
551	895
551	164
551	13
551	34
551	232
551	461
551	1051
551	566
551	328
551	1169
551	264
551	180
551	727
551	100
551	763
551	355
551	448
551	187
551	182
551	316
551	183
551	280
551	748
551	240
551	233
551	324
551	732
551	300
551	67
551	186
551	1419
551	185
551	294
551	1217
551	176
551	728
551	346
551	4
551	380
551	229
551	313
551	1621
551	470
551	640
551	38
551	476
551	307
551	673
551	117
551	864
551	825
551	1136
551	49
551	458
551	959
551	33
551	237
551	1314
551	596
551	875
551	217
551	184
551	779
551	421
551	1044
551	796
551	157
551	410
551	216
551	25
551	204
551	1035
551	66
551	317
551	188
551	174
551	708
551	230
551	200
551	203
551	809
551	211
551	550
551	808
551	747
551	318
551	751
551	636
551	198
551	684
551	570
551	68
551	402
551	172
551	218
551	790
551	1011
551	554
551	84
551	955
551	288
551	159
551	272
551	975
551	658
551	286
551	1253
551	411
551	479
551	780
551	343
551	660
551	755
551	405
551	326
551	40
551	98
551	31
551	1220
551	460
551	92
551	627
551	762
551	55
551	979
551	3
551	118
551	591
551	509
551	587
551	717
551	941
551	686
551	85
551	79
551	44
551	802
551	471
551	455
551	739
551	80
551	258
551	132
551	433
551	333
551	153
551	260
551	156
551	761
551	721
551	508
551	917
551	135
551	97
551	332
551	1039
551	125
551	576
551	76
551	628
551	228
551	310
551	552
551	582
551	195
551	846
551	2
551	578
551	742
551	824
551	696
551	91
551	11
551	544
551	655
551	222
551	715
551	205
551	827
551	284
551	597
551	760
551	24
551	1518
551	215
551	235
551	924
551	121
551	88
551	42
551	1047
551	385
551	581
551	451
551	1028
551	70
551	292
551	912
551	363
551	561
551	150
551	756
551	17
551	281
551	273
551	991
551	162
551	340
551	268
551	354
551	386
551	1118
551	77
551	559
551	265
551	227
551	54
551	1267
551	22
551	384
551	1304
551	595
551	356
551	69
551	943
551	50
551	527
551	1443
551	26
551	770
269	642
269	1110
269	205
269	464
269	202
269	1478
269	1040
269	50
269	47
269	7
269	644
269	195
269	1011
269	1014
269	254
269	729
269	497
269	1444
269	274
269	762
269	191
269	139
269	505
269	1165
269	608
269	170
269	1438
269	1148
269	531
269	143
269	276
269	13
269	1065
269	845
269	427
269	940
269	412
269	985
269	582
269	597
269	507
269	931
269	632
269	42
269	65
269	445
269	176
269	482
269	172
269	508
269	11
269	739
269	17
269	365
269	537
269	665
269	98
269	157
269	188
269	81
269	378
269	1411
269	9
269	121
269	239
269	756
269	1020
269	88
269	183
269	843
269	707
269	647
269	1427
269	433
269	179
269	523
269	479
269	886
269	741
269	315
269	474
269	998
269	403
269	425
269	771
269	528
269	496
269	68
269	1133
269	357
269	246
269	674
269	76
269	514
269	856
269	1361
269	959
269	52
269	194
269	148
269	106
269	763
269	15
269	1168
269	435
269	134
269	64
269	142
269	231
269	462
269	679
269	657
269	1188
269	956
269	805
269	1135
269	717
269	59
269	504
269	70
269	432
269	367
269	185
269	77
269	723
269	502
269	214
269	53
269	120
269	664
269	181
269	208
269	448
269	100
269	417
269	22
269	673
269	1101
269	371
269	663
269	163
269	636
269	697
269	498
269	1028
269	469
269	93
269	818
269	428
269	518
269	234
269	55
269	160
269	200
269	939
269	529
269	238
269	209
269	831
269	23
269	809
269	48
269	5
269	1267
269	602
269	161
269	659
269	137
269	661
269	63
269	436
269	530
269	515
269	629
269	655
269	928
269	821
269	318
269	211
269	654
269	198
269	186
269	173
269	616
269	58
269	151
269	232
269	210
269	710
269	658
269	108
269	451
269	902
269	402
269	522
269	527
269	483
269	132
269	192
269	627
269	506
269	639
269	346
269	476
269	1006
269	1073
269	512
269	216
269	197
269	135
269	204
269	705
269	272
269	255
269	441
269	122
269	792
269	387
269	640
269	488
269	218
269	212
269	423
269	213
269	823
269	614
269	1074
269	747
269	1154
269	182
269	521
269	475
269	775
269	72
269	783
269	604
269	153
269	152
269	1428
269	735
269	316
269	174
269	156
269	235
269	340
269	411
269	568
269	127
269	517
269	217
269	414
269	154
269	82
269	961
269	69
269	509
269	660
269	3
269	649
656	316
656	346
656	302
656	322
656	896
656	301
656	327
656	245
656	689
656	269
656	312
656	340
656	326
656	272
656	347
656	344
656	750
656	338
656	300
656	270
58	257
58	64
58	354
58	1006
58	1063
58	173
58	1019
58	56
58	1089
58	69
58	153
58	168
58	311
58	13
58	210
58	730
58	120
58	156
58	655
58	32
58	9
58	463
58	214
58	732
58	151
58	137
58	491
58	568
58	558
58	1048
58	960
58	89
58	514
58	70
58	213
58	193
58	209
58	61
58	135
58	268
58	223
58	25
58	172
58	1104
58	249
58	7
58	773
58	684
58	237
58	272
58	480
58	1084
58	222
58	283
58	433
58	11
58	850
58	194
58	169
58	203
58	546
58	347
58	950
58	50
58	124
58	340
58	1101
58	175
58	191
58	603
58	640
58	275
58	462
58	238
58	709
58	248
58	1099
58	42
58	200
58	1
58	652
58	1012
58	512
58	663
58	300
58	127
58	20
58	474
58	255
58	171
58	651
58	8
58	654
58	381
58	1070
58	923
58	483
58	123
58	496
58	1069
58	955
58	1008
58	195
58	12
58	198
58	144
58	1100
58	121
58	475
58	1097
58	511
58	216
58	98
58	45
58	228
58	408
58	1102
58	1105
58	150
58	405
58	310
58	116
58	490
58	246
719	118
719	660
719	121
719	378
719	88
719	293
719	510
719	77
719	71
719	240
719	58
719	620
719	9
719	255
719	127
719	402
719	291
719	79
719	23
719	97
719	284
719	655
719	289
719	254
719	659
719	69
719	237
719	98
719	64
719	427
719	282
719	285
719	742
719	7
719	298
719	50
719	216
719	274
719	520
719	294
719	890
719	300
719	318
719	582
719	456
719	532
719	215
719	673
719	357
719	220
719	509
719	162
719	87
719	392
719	410
942	427
942	879
942	97
942	183
942	539
942	216
942	479
942	259
942	511
942	323
942	272
942	478
942	310
942	215
942	258
942	322
942	604
942	316
942	328
942	304
942	496
942	1028
942	435
942	969
942	689
942	945
942	269
942	282
942	234
942	514
942	303
942	135
942	193
942	172
942	117
942	423
942	678
942	500
942	480
942	357
942	362
942	318
942	174
942	31
942	498
942	1221
942	300
942	528
942	705
942	520
942	892
942	1204
942	131
942	79
942	347
942	200
942	71
942	662
942	414
942	50
942	1050
942	659
942	313
942	750
942	484
458	526
458	529
458	189
458	844
458	408
458	7
458	137
458	1335
458	126
458	134
458	619
458	178
458	736
458	144
458	180
458	632
458	97
458	121
458	20
458	285
458	288
458	179
458	52
458	792
458	194
458	204
458	357
458	517
458	307
458	238
458	193
458	183
458	317
458	762
458	275
458	1011
458	496
458	744
458	83
458	195
458	23
458	694
458	338
458	499
458	663
458	100
458	484
458	631
458	753
458	509
458	956
458	129
458	237
458	48
458	1261
458	289
458	58
458	980
458	1070
458	147
458	76
458	32
458	182
458	433
458	461
458	99
458	21
458	8
458	519
458	425
458	969
458	925
458	423
458	191
458	717
458	742
458	333
458	169
458	86
458	282
458	387
458	304
458	28
458	467
458	530
458	174
458	939
458	469
458	845
458	203
458	1101
458	301
458	181
458	321
458	152
458	514
458	116
458	591
458	1109
458	1226
458	588
458	278
458	1039
458	410
458	527
458	127
458	704
458	1338
458	9
458	64
458	57
458	960
458	69
458	644
458	287
458	1048
458	1067
458	597
458	79
458	12
458	284
458	293
458	286
458	98
458	474
458	96
458	473
458	208
458	603
458	582
458	255
458	209
458	56
458	430
458	117
458	276
458	1
458	685
458	245
458	283
458	460
458	648
458	143
458	298
458	319
458	187
458	513
578	272
578	268
578	245
578	346
578	1098
578	1016
578	355
578	380
578	258
578	300
578	250
578	294
578	324
578	288
578	751
578	313
578	1264
578	678
578	325
578	222
707	703
707	378
707	483
707	863
707	869
707	313
707	8
707	747
707	212
707	1397
707	133
707	216
707	166
707	815
707	211
707	200
707	692
707	811
707	1381
707	172
707	476
707	676
707	86
707	582
707	275
707	311
707	723
707	533
707	1109
707	305
707	473
707	923
707	921
707	1311
707	847
707	1024
707	194
707	317
707	696
707	347
707	498
707	168
707	648
707	208
707	606
707	517
707	427
707	124
707	1101
707	88
707	285
707	486
707	443
707	310
707	135
707	526
707	10
707	770
707	9
707	70
707	221
707	52
707	185
707	496
707	715
707	1642
707	631
707	287
707	632
707	638
707	640
707	1107
707	1120
707	880
707	100
707	190
707	1068
707	708
707	26
707	1142
707	716
707	458
707	57
707	792
707	167
707	220
707	174
707	1008
707	425
707	1251
707	1061
707	1163
707	490
707	882
707	865
707	1530
707	1018
707	15
707	381
707	1022
707	505
707	864
707	953
707	191
707	952
707	479
707	766
707	256
707	1211
707	45
707	487
707	712
707	718
707	162
707	58
707	111
707	462
707	449
707	64
707	83
707	1401
707	799
707	1628
707	1176
707	485
707	1021
707	618
707	1545
707	269
707	707
707	294
707	319
707	732
707	478
707	155
707	1479
707	163
707	303
707	106
707	782
707	116
707	238
707	660
707	778
707	614
707	297
707	694
707	165
707	956
707	302
707	1174
707	283
707	467
707	492
707	602
707	81
707	506
707	242
707	488
707	480
707	371
707	224
707	154
707	499
707	1255
707	866
707	630
707	14
707	529
707	318
707	1204
707	151
707	647
707	663
707	730
707	367
707	197
707	251
707	719
707	13
707	641
707	962
707	536
707	286
707	345
707	705
707	12
707	1113
707	419
707	527
92	778
92	1213
92	123
92	95
92	1142
92	794
92	198
92	278
92	98
92	31
92	204
92	474
92	673
92	304
92	845
92	226
92	433
92	134
92	169
92	368
92	282
92	94
92	423
92	234
92	466
92	949
92	271
92	432
92	1042
92	527
92	364
92	186
92	425
92	81
92	743
92	174
92	674
92	180
92	685
92	1074
92	209
92	193
92	111
92	77
92	722
92	582
92	386
92	500
92	559
92	145
92	72
92	729
92	212
92	106
92	294
92	1215
92	129
92	161
92	977
92	1047
92	449
92	540
92	122
92	665
92	307
92	66
92	628
92	82
92	717
92	785
92	455
92	1207
92	518
92	1090
92	201
92	32
92	125
92	102
92	403
92	450
92	826
92	328
92	591
92	15
92	508
92	56
92	49
92	118
92	737
92	412
92	238
92	250
92	228
92	4
92	583
92	108
92	463
92	241
92	29
92	554
92	925
92	46
92	203
92	322
92	258
92	11
92	402
92	1210
92	93
92	67
92	1046
92	223
92	183
92	521
92	783
92	692
92	73
92	47
92	217
92	409
92	561
92	663
92	596
92	802
92	48
92	273
92	568
92	1049
92	91
92	707
92	87
92	660
92	739
92	100
92	156
92	587
92	260
92	998
92	7
92	636
92	172
92	168
92	240
92	184
92	712
92	220
92	318
92	38
92	725
92	1157
92	92
92	1212
92	176
92	239
92	922
92	50
92	781
92	370
92	147
92	79
92	42
92	230
92	1011
92	742
92	655
92	728
92	789
92	980
92	401
92	64
92	43
92	396
92	179
92	1014
92	684
92	928
92	758
92	755
92	40
92	658
92	631
92	702
92	218
92	219
92	934
92	771
92	715
92	704
92	382
92	39
92	80
92	25
92	208
92	96
92	1028
92	295
92	790
92	735
92	173
92	1209
92	202
92	732
92	235
92	595
92	963
92	748
92	363
92	288
92	54
92	575
92	1016
92	257
92	984
92	68
92	153
92	164
92	471
92	410
92	215
92	89
92	276
92	356
92	961
92	229
92	1095
92	195
92	436
92	181
92	369
92	117
92	199
92	421
92	227
92	651
92	501
92	955
92	245
92	149
92	22
92	237
92	747
92	289
92	709
92	159
92	313
92	51
92	116
92	53
92	476
92	841
92	154
92	620
92	124
92	248
92	101
92	451
92	1211
92	196
92	243
92	834
92	58
92	1012
92	761
92	167
92	581
92	1073
92	763
92	627
92	800
92	157
92	284
92	727
92	825
92	233
92	12
92	78
92	71
92	418
92	1214
92	291
92	62
92	1037
92	431
92	281
92	216
92	528
92	274
92	1079
92	120
92	831
92	931
92	88
92	55
92	1052
92	577
92	456
92	1023
92	974
92	855
92	566
92	115
92	823
92	393
92	428
92	132
92	820
92	5
92	679
92	642
92	720
92	453
92	930
118	7
118	513
118	475
118	185
118	654
118	816
118	23
118	98
118	436
118	655
118	201
118	508
118	960
118	675
118	511
118	172
118	180
118	551
118	258
118	672
118	427
118	559
118	223
118	171
118	421
118	396
118	217
118	317
118	179
118	774
118	641
118	288
118	603
118	176
118	564
118	1079
118	100
118	193
118	200
118	135
118	558
118	234
118	188
118	324
118	218
118	53
118	800
118	164
118	175
118	919
118	413
118	5
118	528
118	210
118	174
118	79
118	474
886	202
886	4
886	265
886	396
886	628
886	178
886	761
886	157
886	80
886	318
886	1489
886	186
886	79
886	241
886	357
886	176
886	64
886	28
886	790
886	715
886	24
886	87
886	623
886	1048
886	380
886	959
886	228
886	558
886	95
886	98
886	42
886	58
886	237
886	217
886	939
886	1067
886	147
886	582
886	584
886	631
886	496
886	218
886	181
886	175
886	129
886	48
886	824
886	328
886	101
886	230
886	156
886	781
886	636
886	184
886	419
886	919
886	384
886	663
886	288
886	1065
886	10
886	721
886	56
886	153
886	238
886	26
886	709
886	483
886	128
886	7
886	231
886	799
886	544
886	518
886	27
886	449
886	578
886	693
886	54
886	160
886	150
886	33
886	941
886	685
886	50
886	92
886	433
886	12
886	187
886	1095
886	239
886	235
886	550
886	273
886	174
886	118
886	746
886	405
886	161
886	55
886	833
886	1208
886	819
886	234
886	100
886	117
886	222
886	659
886	179
886	68
886	204
886	17
886	227
886	188
886	423
886	425
886	566
886	63
886	1119
886	559
886	233
886	803
886	195
886	1
886	381
886	789
886	53
886	1324
886	11
886	686
886	733
886	762
886	89
886	467
886	168
886	385
886	22
886	229
886	1093
886	783
886	393
886	62
886	1267
886	651
886	15
886	164
886	1467
886	172
886	474
886	1421
886	268
886	403
886	388
886	364
886	657
886	697
886	171
886	1435
886	208
886	1209
886	183
886	214
886	67
886	371
886	9
886	5
886	1019
886	1046
886	2
886	549
886	43
886	1231
886	1170
886	232
886	451
886	940
886	177
886	180
886	1074
886	212
886	1217
886	191
886	201
886	655
886	589
886	506
886	466
886	568
886	76
886	726
886	29
886	1014
481	86
481	191
481	252
481	100
481	238
481	199
481	498
481	393
481	580
481	367
481	322
481	210
481	70
481	4
481	50
481	313
481	198
481	8
481	507
481	66
481	484
481	500
481	505
481	42
481	1039
481	283
481	163
481	514
481	524
481	430
481	173
481	202
481	216
481	144
481	204
481	190
481	427
481	663
481	153
481	207
481	780
481	197
481	659
481	211
481	479
481	88
917	282
917	255
917	278
917	740
917	268
917	476
917	287
917	150
917	756
917	25
917	879
917	1
917	535
917	763
917	100
917	121
917	471
917	405
917	248
917	276
917	289
917	696
917	473
917	285
917	3
917	9
917	50
917	246
917	312
666	7
666	100
666	265
666	1098
666	467
666	133
666	118
666	188
666	591
666	866
666	1011
666	1266
666	213
666	435
666	513
666	436
666	248
666	519
666	222
666	211
666	654
666	443
666	255
666	474
666	805
666	646
666	653
666	1045
666	46
666	507
666	108
666	480
666	729
666	530
666	92
666	433
666	660
666	282
666	106
666	1047
666	831
666	205
666	405
666	657
666	209
666	179
666	959
666	172
666	151
666	638
666	517
666	699
666	525
666	31
666	792
666	56
666	301
666	26
666	1071
666	25
666	153
666	471
666	1474
666	310
666	200
666	186
666	489
666	613
666	206
666	284
666	286
666	98
666	176
666	960
666	496
666	191
666	502
666	529
666	32
666	187
666	504
666	183
666	89
666	385
666	492
666	269
666	429
666	760
666	169
666	811
666	143
666	50
666	195
666	91
666	963
666	294
666	257
666	181
666	1110
666	97
666	163
666	144
666	69
666	945
666	134
666	692
666	66
666	956
666	684
666	302
666	193
666	647
666	357
666	196
666	428
666	663
666	856
666	216
666	318
666	744
666	28
666	173
666	607
666	137
666	864
666	264
666	515
666	12
666	650
666	202
666	127
666	523
666	855
666	132
666	707
666	642
666	518
666	661
666	1451
666	245
666	423
666	147
666	111
666	223
666	974
666	116
666	4
666	962
666	649
666	236
666	154
666	23
666	514
666	168
666	270
666	293
666	527
666	656
666	505
666	640
666	696
666	494
666	651
666	175
666	291
666	655
666	511
666	331
666	124
666	237
666	566
666	1021
666	742
666	483
666	129
666	498
666	197
666	194
666	520
666	11
666	70
666	174
666	546
666	636
666	604
666	616
666	96
666	510
666	114
666	482
666	582
666	185
666	662
666	709
666	135
666	506
666	370
787	319
787	308
787	329
787	328
787	269
787	351
787	333
787	938
787	304
787	306
787	362
787	899
787	690
787	1024
787	345
787	294
787	361
787	348
787	324
787	904
787	1433
787	313
787	906
787	750
787	350
787	749
787	271
787	352
787	305
787	880
787	286
787	937
787	681
787	288
787	347
787	245
787	1671
787	259
787	748
787	359
787	310
787	1434
787	292
787	258
787	691
787	879
787	898
774	399
774	1079
774	545
774	318
774	795
774	217
774	576
774	172
774	553
774	428
774	511
774	393
774	521
774	77
774	365
774	72
774	385
774	834
774	528
774	413
774	62
774	82
774	293
774	127
774	53
774	410
774	866
774	8
774	520
774	208
774	831
774	7
774	519
774	1090
774	194
774	218
774	44
774	451
774	406
774	920
774	1017
774	573
774	508
774	228
774	515
774	232
774	559
774	96
774	231
774	1215
774	514
774	188
774	254
774	649
774	357
774	31
774	554
774	161
774	732
774	203
774	135
774	186
774	1305
774	197
774	189
774	1228
774	418
774	215
774	659
774	679
774	121
774	200
774	525
774	452
774	201
774	241
774	450
774	204
774	758
774	97
774	1419
774	778
774	1274
774	50
774	526
774	178
774	585
774	447
774	265
774	568
774	177
774	101
774	398
774	54
774	741
774	1028
774	527
774	567
774	193
774	12
774	179
774	185
774	403
774	22
774	577
774	548
774	28
774	240
774	211
774	98
774	29
774	88
774	238
774	550
774	380
774	235
774	150
774	183
774	673
774	449
774	840
774	708
774	468
774	4
774	849
774	174
774	743
774	64
774	58
774	684
774	118
774	655
774	196
774	674
774	226
774	444
774	373
774	182
774	187
774	68
774	219
774	52
774	411
774	386
774	654
774	926
774	650
774	436
774	501
774	180
774	712
774	402
774	1016
774	1110
774	808
774	100
774	230
774	222
774	89
774	561
774	569
774	1182
774	431
774	91
774	537
774	307
774	523
774	94
774	391
774	229
774	774
774	181
774	546
774	2
774	56
774	23
774	566
774	195
774	739
774	405
626	268
626	294
626	272
626	288
626	682
626	264
626	289
626	328
626	948
626	313
626	333
626	324
626	678
626	292
626	266
626	332
626	286
626	358
626	923
626	680
626	302
626	336
626	988
626	748
626	330
626	323
867	197
867	657
867	181
867	475
867	180
867	1154
867	172
867	431
867	23
867	12
867	651
867	258
867	1159
867	156
867	79
867	210
867	650
867	603
867	956
867	64
867	96
867	474
867	250
867	7
867	183
867	150
867	660
867	318
867	257
867	294
867	289
867	300
867	855
867	748
867	188
867	496
867	655
867	524
867	652
867	678
867	286
867	68
867	222
867	207
867	22
867	175
867	132
867	498
867	511
867	176
867	134
867	186
867	529
867	328
867	174
867	51
867	50
867	196
867	135
867	117
867	9
867	56
867	480
867	252
867	1065
867	182
867	423
867	1
867	203
867	69
867	1039
867	168
867	28
867	1608
867	98
867	690
867	144
558	847
558	100
558	286
558	283
558	116
558	1068
558	275
558	508
558	15
558	124
558	14
558	137
558	253
558	936
558	285
558	9
820	271
820	316
820	895
820	748
820	328
820	333
820	258
820	289
820	264
820	538
820	288
820	286
820	343
820	315
820	301
820	751
820	313
906	991
906	129
906	100
906	10
906	405
906	15
906	7
906	125
906	240
906	1011
906	277
906	473
906	287
906	286
906	117
906	221
906	321
906	284
906	9
906	300
906	628
906	740
906	544
906	823
906	276
906	124
906	744
906	471
906	285
906	696
906	273
906	237
906	121
907	25
907	286
907	1119
907	107
907	198
907	813
907	710
907	699
907	288
907	1221
907	98
907	15
907	202
907	275
907	739
907	633
907	472
907	278
907	182
907	277
907	282
907	1244
907	1051
907	764
907	409
907	628
907	756
907	1326
907	988
907	1220
907	284
907	42
907	118
907	405
907	729
907	83
907	402
907	287
907	326
907	821
907	1054
907	724
907	744
907	88
907	290
907	258
907	19
907	225
907	1047
907	144
907	815
907	1157
907	96
907	271
907	8
907	268
907	173
907	120
907	476
907	50
907	924
907	869
907	340
907	685
907	496
907	248
907	471
907	220
907	283
907	143
907	1016
907	1
907	475
907	697
907	781
907	111
907	1048
907	553
907	828
907	366
907	620
907	117
907	1167
907	294
907	333
907	301
907	762
907	185
907	427
907	121
907	647
907	497
907	686
907	312
907	819
907	713
907	125
907	147
907	591
907	245
907	928
907	318
907	742
907	274
907	1057
907	260
907	172
907	1040
907	181
907	485
907	825
907	506
907	151
907	97
907	129
907	100
907	696
907	483
907	317
343	194
343	712
343	175
343	11
343	66
343	561
343	155
343	735
343	265
343	208
343	657
343	152
343	38
343	324
343	703
343	1132
343	28
343	1067
343	130
343	371
343	546
343	410
343	786
343	8
343	176
343	55
343	67
343	943
343	52
343	12
343	382
343	724
343	150
343	744
343	132
343	458
343	276
343	385
343	286
343	461
343	83
343	1140
343	606
343	478
343	20
343	357
343	193
343	231
343	180
343	64
343	375
343	642
343	63
343	87
343	157
343	143
343	58
343	528
343	222
343	215
343	81
343	1211
343	569
343	435
343	9
343	147
343	191
343	1
343	68
343	963
343	583
343	277
343	727
343	186
343	1194
343	614
343	53
343	235
343	466
343	496
343	950
343	260
343	159
343	303
343	174
343	429
343	137
343	229
343	405
343	47
343	931
343	50
343	747
343	739
343	1107
343	13
343	684
343	660
343	536
343	318
343	241
343	980
343	919
343	10
343	168
343	3
343	655
343	237
343	408
343	117
343	189
343	57
343	134
343	1039
343	163
343	153
343	82
343	211
343	483
343	76
343	715
343	475
343	199
343	79
343	425
343	118
343	523
343	1008
343	86
343	89
343	234
343	823
343	427
343	179
343	42
343	228
343	559
343	334
343	423
343	62
343	214
343	476
343	288
343	581
343	582
343	663
343	474
343	449
343	367
343	951
343	187
343	197
343	568
343	65
343	302
343	508
343	531
343	203
343	223
343	1267
343	463
343	555
343	403
343	274
343	252
343	250
343	22
343	198
343	77
343	196
343	23
343	462
343	200
343	7
343	708
343	930
343	527
343	98
343	69
343	921
343	498
343	97
343	177
343	202
343	257
343	358
343	961
343	144
343	72
343	258
343	217
639	58
639	371
639	1163
639	19
639	584
639	274
639	423
639	427
639	694
639	313
639	57
639	509
639	514
639	1195
639	323
639	356
639	971
639	660
639	527
639	168
639	1005
639	792
639	511
639	526
639	283
639	242
639	61
639	724
639	311
639	135
639	14
639	300
639	52
639	739
639	88
639	111
639	269
639	83
639	387
639	178
639	202
639	275
639	655
639	12
639	638
639	923
639	651
639	1101
639	796
639	451
639	162
639	87
639	604
639	528
639	750
639	194
639	215
639	953
639	786
639	709
639	949
639	153
639	51
639	1065
639	519
639	488
639	70
639	517
639	661
639	1193
639	487
639	714
639	137
639	174
639	357
639	462
639	702
639	116
639	280
639	727
639	692
639	863
639	865
639	664
639	285
639	553
639	155
639	1121
639	48
639	165
639	210
639	778
639	716
639	549
639	305
639	191
639	659
639	740
639	673
639	197
639	179
639	615
639	60
639	513
639	835
639	510
639	204
639	1020
639	28
639	59
639	193
639	306
639	731
639	582
639	173
639	512
639	580
639	196
639	98
639	286
262	406
262	86
262	755
262	336
262	1135
262	949
262	69
262	223
262	491
262	258
262	55
262	433
262	923
262	781
262	1278
262	496
262	785
262	153
262	121
262	929
262	111
262	931
262	40
262	288
262	332
262	411
262	174
262	185
262	432
262	1
262	255
262	736
262	269
262	64
262	405
262	631
262	204
262	821
262	283
262	625
262	140
262	418
262	98
262	99
262	15
262	92
262	1035
262	402
262	90
262	559
262	195
262	369
262	275
262	294
262	617
262	386
262	955
262	1014
262	358
262	754
262	44
262	100
262	628
262	365
262	71
262	709
262	735
262	145
262	70
262	143
262	216
262	476
262	485
262	1048
262	1147
262	778
262	58
262	699
262	234
262	655
262	47
262	95
262	179
262	65
262	385
262	762
262	131
262	293
262	419
262	122
262	210
262	367
262	7
262	219
262	237
262	50
262	252
262	588
262	727
262	66
262	338
262	1013
262	790
262	567
262	72
262	596
262	486
262	568
262	217
262	815
262	28
262	147
262	581
262	292
262	1095
262	473
262	270
262	318
262	132
262	845
262	77
262	278
262	91
262	974
262	52
262	393
262	427
262	546
463	1117
463	751
463	311
463	741
463	362
463	269
463	127
463	1216
463	1009
463	304
463	1199
463	284
463	258
463	473
463	235
463	20
463	310
463	275
463	288
463	870
463	221
463	1060
463	845
463	124
463	7
463	1163
463	276
463	880
463	1164
463	125
463	244
463	952
463	302
463	950
463	93
463	250
463	819
463	476
463	475
463	597
463	544
463	117
463	813
463	253
463	249
463	988
463	270
463	596
463	892
463	25
463	749
463	1115
463	257
463	301
463	149
463	112
463	1606
463	121
463	100
463	1
463	1383
463	151
463	864
463	764
463	10
463	689
463	1007
463	237
463	1014
463	477
463	1197
463	887
463	1377
463	248
463	286
463	19
463	1067
463	13
463	1132
463	866
463	150
463	993
463	246
463	274
463	936
463	306
463	740
463	591
463	347
463	225
463	24
463	242
463	16
463	508
463	744
463	1017
463	985
463	1012
463	103
463	926
463	593
463	50
463	930
463	690
463	1244
463	1284
463	129
276	252
276	293
276	407
276	99
276	431
276	46
276	143
276	750
276	72
276	358
276	418
276	919
276	121
276	800
276	469
276	4
276	150
276	315
276	773
276	125
276	653
276	854
276	248
276	387
276	1091
276	54
276	1118
276	254
276	39
276	803
276	154
276	193
276	23
276	33
276	786
276	463
276	288
276	636
276	569
276	728
276	202
276	1301
276	181
276	575
276	28
276	586
276	1109
276	355
276	302
276	289
276	273
276	577
276	207
276	29
276	234
276	294
276	806
276	1314
276	8
276	401
276	652
276	755
276	24
276	184
276	572
276	373
276	809
276	523
276	1056
276	237
276	272
276	411
276	458
276	5
276	108
276	201
276	735
276	22
276	139
276	831
276	142
276	215
276	1194
276	1471
276	840
276	324
276	679
276	396
276	219
276	526
276	44
276	383
276	1172
276	186
276	479
276	881
276	734
276	51
276	264
276	269
276	763
276	217
276	367
276	222
276	343
276	290
276	406
276	550
276	161
276	123
276	1006
276	71
276	92
276	974
276	50
276	559
276	1042
276	241
276	313
276	563
276	743
276	697
276	399
276	993
276	425
276	189
276	11
276	658
276	655
276	56
276	223
276	42
276	1274
276	206
276	392
276	270
276	669
276	104
276	84
276	853
276	475
276	1013
276	732
276	576
276	772
276	410
276	250
276	686
276	595
276	417
276	774
276	1073
276	63
276	1090
276	156
276	816
276	328
276	419
276	2
276	173
276	665
276	120
276	153
276	47
276	1210
276	739
276	942
276	171
276	346
276	682
276	298
276	461
276	508
276	871
276	55
276	1035
276	844
276	1140
276	470
276	748
276	1000
276	318
276	118
276	172
276	148
276	433
276	240
276	413
276	1253
276	1011
276	395
276	158
276	97
276	1267
276	597
276	1220
276	456
276	100
276	823
276	301
276	1044
276	9
276	117
276	307
276	409
276	448
276	403
276	1170
276	769
276	879
276	802
276	549
276	53
276	40
276	447
276	375
276	501
276	451
276	423
276	1413
276	1245
276	928
276	258
276	41
276	977
276	402
276	725
276	192
276	789
276	931
276	1019
276	77
276	564
276	282
276	232
276	790
276	58
276	74
276	922
276	249
276	195
276	578
276	3
276	98
276	582
276	364
276	678
276	1031
276	415
276	404
276	147
276	941
276	1228
276	547
276	558
276	187
276	1221
276	175
276	590
276	566
276	591
276	230
276	768
276	38
276	1098
276	246
276	780
276	1483
276	379
276	94
276	89
276	12
276	449
276	386
276	1074
276	225
276	727
276	218
276	1129
276	179
276	969
276	245
276	70
276	471
276	571
276	168
276	1244
276	66
276	300
276	747
276	647
276	316
276	540
276	1239
276	1131
276	1199
276	1079
276	228
276	354
276	80
276	101
276	1218
276	452
276	62
276	720
276	122
276	196
276	432
276	715
276	719
276	68
276	1095
276	561
276	751
276	340
276	76
276	127
276	385
276	265
276	159
276	14
276	64
276	227
276	183
276	88
276	709
276	141
276	930
276	568
276	876
276	21
276	567
276	450
276	31
276	951
276	474
276	628
276	420
276	182
276	902
276	1047
276	67
276	1089
276	96
276	1028
276	721
276	472
276	397
276	436
276	408
276	197
276	1083
276	518
276	95
276	1
276	915
276	380
276	742
276	443
276	473
276	262
276	1273
276	317
276	81
276	825
276	796
276	198
276	1046
276	382
276	82
276	271
276	43
276	1036
276	214
276	17
276	693
276	303
276	634
276	65
276	1232
276	229
276	710
276	1407
276	765
276	322
276	188
276	801
276	73
276	428
276	145
276	185
276	1016
276	684
276	843
276	157
276	169
276	1081
276	1481
276	7
276	649
276	640
276	807
276	135
276	91
276	1052
276	562
276	180
276	235
276	1141
276	25
276	393
276	231
276	943
276	552
276	203
276	274
823	211
823	175
823	684
823	531
823	173
823	184
823	215
823	230
823	209
823	68
823	168
823	426
823	90
823	100
823	12
823	26
823	181
823	111
823	193
823	433
823	517
823	219
823	425
823	418
823	732
823	33
823	747
823	182
823	94
823	144
823	151
823	770
823	1070
823	202
823	715
823	170
823	318
823	96
823	217
823	8
823	642
823	1217
823	792
823	188
823	503
823	204
823	79
823	428
823	196
823	356
823	83
823	1107
823	721
823	50
823	160
823	42
823	566
823	333
823	77
823	471
823	53
823	152
823	1118
823	197
823	127
823	1
823	13
823	98
823	206
823	124
823	31
823	55
823	155
823	87
823	52
823	48
823	294
823	423
823	194
823	640
823	762
823	374
823	141
823	692
823	475
823	233
823	71
823	89
823	401
823	502
823	95
823	174
823	410
823	125
823	218
823	450
823	625
823	102
823	143
823	56
823	228
823	651
823	216
823	1046
823	659
823	154
823	176
823	709
823	654
823	686
823	17
823	97
823	25
823	222
823	64
823	1267
823	742
823	140
823	150
823	198
823	282
823	159
823	187
823	1135
823	866
823	134
823	427
823	157
823	404
823	735
823	136
823	92
823	473
823	183
823	172
823	286
823	1067
823	708
823	161
823	710
823	195
823	186
823	69
823	588
823	273
823	210
823	229
823	408
823	22
479	294
479	144
479	748
479	471
479	180
479	500
479	566
479	480
479	338
479	179
479	147
479	22
479	436
479	526
479	602
479	831
479	535
479	498
479	283
479	879
479	183
479	198
479	137
479	222
479	324
479	298
479	234
479	216
479	193
479	71
479	751
479	1016
479	70
479	483
479	632
479	357
479	133
479	472
479	201
479	945
479	408
479	95
479	356
479	1
479	1028
479	249
479	1608
479	96
479	169
479	209
479	161
479	182
479	58
479	588
479	177
479	187
479	546
479	15
479	915
479	421
479	692
479	215
479	496
479	203
479	286
479	181
479	258
479	340
479	122
479	266
479	62
479	127
479	474
479	211
479	31
479	261
479	986
479	188
479	265
479	228
479	213
479	131
479	629
479	281
479	264
479	173
479	82
479	175
479	226
479	136
479	380
479	172
479	255
479	647
479	97
479	528
479	274
479	168
479	318
479	385
479	54
479	66
479	230
479	28
479	295
479	250
479	680
479	604
479	485
479	271
479	151
479	157
479	117
479	55
479	431
479	422
479	358
479	189
479	423
479	640
479	270
479	88
479	300
479	24
479	840
479	510
479	164
479	195
479	197
479	1142
479	490
479	185
479	479
479	670
479	176
479	523
479	118
479	335
479	584
479	752
479	108
479	202
479	325
479	135
479	405
479	288
479	756
479	1013
479	154
479	732
479	100
479	235
479	328
479	489
479	273
479	252
479	248
479	199
479	210
479	739
479	200
479	205
903	684
903	252
903	87
903	127
903	111
903	59
903	1067
903	369
903	528
903	25
903	7
903	191
903	281
903	61
903	50
903	1101
903	98
903	120
903	317
903	293
903	46
903	254
903	642
903	288
903	696
903	154
903	1
903	405
903	427
903	763
903	479
903	211
903	118
903	693
903	183
903	1142
903	204
903	192
903	664
903	443
903	79
903	52
903	96
903	357
903	871
903	1098
903	651
903	4
903	410
903	23
903	157
903	180
903	48
903	156
903	11
903	129
903	628
903	105
903	100
903	273
903	12
903	147
903	106
903	333
903	509
903	318
903	515
903	186
903	582
903	994
903	595
903	708
903	820
903	1073
903	282
903	520
903	47
903	175
903	177
903	210
903	276
903	13
903	30
903	931
903	182
903	1381
903	272
903	928
903	544
903	181
903	302
903	198
903	9
903	824
903	412
903	521
903	467
903	709
903	1070
903	845
903	238
903	1009
903	421
903	203
903	121
903	91
903	214
903	977
903	240
903	187
351	750
351	307
351	301
351	312
351	332
351	754
351	327
351	289
351	340
351	538
351	311
351	288
351	322
351	359
351	286
351	888
351	880
351	323
351	898
351	1105
351	310
351	292
351	326
351	343
351	328
351	304
351	748
351	882
351	300
351	678
351	341
351	990
351	245
351	313
351	879
351	989
478	282
478	451
478	134
478	975
478	143
478	392
478	222
478	684
478	219
478	403
478	23
478	655
478	93
478	518
478	137
478	367
478	496
478	1101
478	235
478	122
478	32
478	41
478	79
478	869
478	64
478	410
478	153
478	50
478	357
478	188
478	48
478	739
478	96
478	216
478	195
478	202
478	124
478	151
478	469
478	1041
478	72
478	447
478	145
478	42
478	237
478	591
478	178
478	710
478	204
478	673
478	743
478	238
478	412
478	1048
478	1270
478	283
478	26
478	111
478	150
478	68
478	28
478	100
478	708
478	17
478	161
478	300
478	12
478	98
478	77
478	231
478	160
478	69
478	467
478	1
478	616
478	381
478	40
478	71
478	604
478	232
478	182
478	1221
478	393
478	81
478	568
478	780
478	276
478	843
478	763
478	318
478	946
531	289
531	908
531	327
531	1316
531	313
531	690
531	892
531	457
531	748
531	894
531	751
531	332
531	895
531	338
531	329
531	898
531	312
531	259
531	990
531	302
531	311
531	300
531	890
531	286
60	659
60	152
60	736
60	735
60	755
60	416
60	132
60	529
60	174
60	88
60	1122
60	601
60	1125
60	433
60	491
60	180
60	485
60	59
60	810
60	9
60	195
60	60
60	225
60	186
60	745
60	519
60	265
60	478
60	275
60	162
60	405
60	638
60	23
60	13
60	47
60	506
60	609
60	200
60	418
60	654
60	508
60	420
60	443
60	660
60	385
60	498
60	513
60	28
60	699
60	15
60	237
60	528
60	178
60	183
60	637
60	799
60	1060
60	483
60	434
60	502
60	482
60	435
60	73
60	1050
60	30
60	227
60	97
60	212
60	21
60	474
60	163
60	168
60	708
60	204
60	1123
60	505
60	128
60	77
60	499
60	656
60	835
60	615
60	8
60	173
60	842
60	98
60	1124
60	430
60	489
60	185
60	393
60	606
60	404
60	327
60	479
60	222
60	95
60	480
60	593
60	229
60	517
60	1121
60	50
60	161
60	176
60	234
60	514
60	616
60	496
60	427
60	490
60	445
60	211
60	61
60	493
60	70
60	1021
60	357
60	194
60	501
60	558
60	166
60	484
60	134
60	215
60	515
60	403
60	492
60	1126
60	525
60	675
60	197
60	608
60	618
60	210
60	605
60	12
60	665
60	751
60	131
60	511
60	135
60	143
60	617
60	629
60	199
60	411
60	671
60	523
60	602
60	172
60	366
60	378
60	705
60	71
60	151
60	82
60	205
60	729
60	1020
60	209
60	218
60	121
60	133
60	56
60	417
60	144
60	175
476	208
476	384
476	1118
476	399
476	88
476	94
476	433
476	781
476	186
476	732
476	268
476	210
476	738
476	1036
476	175
476	1180
476	73
476	579
476	319
476	734
476	67
476	710
476	940
476	401
476	56
476	288
476	209
476	1271
476	90
476	648
476	715
476	80
476	63
476	168
476	83
476	204
476	999
476	585
476	655
476	85
476	70
476	712
476	42
476	780
476	343
476	4
476	194
476	430
476	325
476	211
476	792
476	1074
476	1037
476	33
476	1188
476	300
476	245
476	692
476	173
476	765
476	238
476	890
476	72
476	944
476	435
476	47
476	748
919	118
919	756
919	832
919	124
919	236
919	1277
919	307
919	246
919	1514
919	327
919	140
919	732
919	277
919	193
919	11
919	596
919	535
919	1152
919	276
919	70
919	58
919	976
919	1284
919	117
919	285
919	690
919	660
919	458
919	260
919	508
919	137
919	181
919	23
919	129
919	303
919	305
919	318
919	310
919	287
919	9
919	144
919	95
919	151
919	742
919	204
919	919
919	57
919	1012
919	253
919	946
919	423
919	245
919	289
919	288
919	322
919	564
919	200
919	813
919	462
919	282
919	412
919	447
919	323
919	201
919	419
919	243
919	1073
919	750
919	582
919	358
919	98
919	591
919	321
919	1047
919	878
919	112
919	1278
919	31
919	372
919	174
919	347
919	223
919	270
919	16
919	1173
919	302
919	100
919	7
919	300
919	937
919	531
919	1136
919	331
919	222
919	1
919	715
919	315
919	325
919	20
919	82
919	875
919	272
919	628
919	261
919	1114
919	1315
919	367
919	989
919	382
919	275
919	717
919	1109
919	257
919	126
919	168
919	238
919	678
919	88
919	558
919	1134
919	887
919	50
919	1014
919	250
919	22
919	99
919	183
919	21
919	237
919	1197
919	1258
919	1101
919	787
919	297
919	218
919	343
919	676
919	332
919	147
919	527
919	1086
919	28
919	240
919	25
919	5
919	255
919	15
919	319
919	1048
919	217
919	334
919	298
919	202
919	953
919	264
919	85
919	539
919	293
919	815
919	864
919	313
919	111
919	340
919	794
919	284
919	14
919	259
919	191
919	748
919	292
919	687
919	286
919	475
919	125
919	819
928	496
928	98
928	246
928	1007
928	134
928	191
928	168
928	172
928	749
928	176
928	8
928	288
928	877
928	165
928	1025
928	269
928	333
928	114
928	135
928	276
928	9
928	487
928	187
928	173
928	358
928	268
88	881
88	898
88	261
88	315
88	321
88	886
88	311
88	326
88	313
88	880
88	1191
88	354
88	690
88	750
88	300
88	286
88	301
556	178
556	319
556	173
556	48
556	288
556	318
556	302
556	493
556	988
556	707
556	192
556	64
556	325
556	482
556	340
556	209
556	132
556	323
556	133
556	496
556	427
556	286
556	170
556	321
556	268
556	135
556	523
556	243
556	507
556	134
556	172
556	603
556	520
556	127
556	294
556	187
186	98
186	225
186	338
186	53
186	106
186	820
186	717
186	829
186	554
186	243
186	1033
186	887
186	406
186	117
186	546
186	1385
186	281
186	568
186	596
186	300
186	934
186	330
186	939
186	203
186	56
186	55
186	540
186	880
186	385
186	263
186	977
186	226
186	550
186	177
186	1213
186	118
186	470
186	1399
186	250
186	303
186	294
186	77
186	71
186	1042
186	405
186	44
186	148
186	288
186	291
186	100
186	299
186	306
186	269
186	333
186	684
186	1016
186	754
186	477
186	331
186	566
186	237
186	298
186	588
186	302
186	38
186	12
186	742
186	988
186	356
186	1083
186	79
186	591
186	332
186	159
215	496
215	182
215	56
215	517
215	99
215	636
215	433
215	132
215	288
215	8
215	172
215	197
215	234
215	523
215	238
215	195
215	70
215	227
215	421
215	380
215	1063
215	552
215	204
215	271
215	449
215	168
215	64
215	228
215	127
215	54
215	89
215	258
215	88
215	229
215	164
215	354
215	176
215	28
215	185
215	98
215	451
215	450
215	434
215	212
215	237
215	692
215	423
215	202
215	181
215	50
215	151
215	208
215	215
215	218
215	183
215	483
215	77
215	210
215	432
215	196
215	226
215	270
215	180
215	174
215	205
215	194
215	222
215	443
215	134
215	211
215	186
215	239
215	15
215	480
215	203
711	214
711	959
711	393
711	173
711	318
711	180
711	169
711	91
711	1163
711	475
711	660
711	258
711	995
711	354
711	658
711	483
711	114
711	230
711	404
711	157
711	1074
711	143
711	958
711	655
711	240
711	301
711	213
711	134
711	137
711	313
711	95
711	89
711	277
711	185
711	281
711	699
711	704
711	476
711	170
711	219
711	966
711	905
711	1221
711	275
711	50
711	162
711	542
711	433
711	1289
711	238
711	217
711	86
711	203
711	961
711	111
711	272
711	1046
711	1285
711	197
711	720
711	622
711	652
711	727
711	8
711	316
711	735
711	193
711	340
711	25
711	64
711	829
711	88
711	343
711	42
711	408
711	582
711	380
711	731
711	16
711	1170
711	161
711	715
711	710
711	713
711	763
711	694
711	778
711	215
711	1518
711	286
711	463
711	747
711	200
711	218
711	427
711	257
711	755
711	144
711	97
711	83
711	52
711	288
711	241
711	48
711	736
711	315
711	559
711	82
711	306
711	651
711	77
711	955
711	744
711	381
711	732
711	509
711	40
711	120
711	1115
711	723
711	588
711	1014
711	1053
711	232
711	496
711	1152
711	1446
711	98
711	191
711	168
711	949
711	1190
711	22
711	172
711	189
711	1168
711	132
711	707
711	716
711	1466
711	401
711	216
711	66
711	488
711	724
711	402
711	739
711	204
711	676
711	265
711	10
711	1119
711	387
711	365
711	167
711	684
711	155
711	909
711	549
711	378
711	425
711	969
711	317
711	423
711	255
711	133
711	71
711	65
711	662
711	419
711	1117
711	472
711	250
711	181
711	51
711	151
711	420
805	24
805	123
805	537
805	402
805	527
805	137
805	747
805	357
805	191
805	8
805	382
805	273
805	422
805	93
805	317
805	443
805	150
805	179
805	436
805	928
805	455
805	581
805	168
805	559
805	569
805	546
805	21
805	827
805	358
805	209
805	1091
805	167
805	145
805	181
805	106
805	141
805	17
805	739
805	769
805	65
805	202
805	176
805	175
805	226
805	576
805	89
805	96
805	1008
805	420
805	269
805	58
805	411
805	4
805	127
805	396
805	679
805	25
805	367
805	472
805	241
805	169
805	729
805	950
805	810
805	715
805	1101
805	716
805	636
805	319
805	655
805	240
805	321
805	1232
805	719
805	393
805	185
805	998
805	32
805	1014
805	386
805	180
805	128
805	431
805	1065
805	558
805	197
805	322
805	1033
805	33
805	771
805	98
805	216
805	196
805	45
805	419
805	153
805	742
805	90
805	642
805	55
805	7
805	648
805	709
805	222
805	234
805	708
805	47
805	68
805	225
805	470
805	768
805	147
805	631
805	959
805	164
805	204
805	83
805	195
805	99
805	501
805	118
805	1118
805	50
805	725
805	942
805	660
805	1119
805	172
805	428
805	545
805	761
805	346
805	1110
805	477
805	151
805	38
805	597
805	100
805	541
805	294
805	550
805	40
805	1002
805	140
805	101
805	432
805	11
805	659
805	625
805	1
805	1054
805	417
805	554
805	724
805	94
805	12
805	274
805	352
805	522
805	952
805	629
805	271
805	214
805	238
805	475
805	509
805	13
805	418
805	228
805	665
805	154
805	1157
805	1017
805	748
805	122
805	210
805	22
805	1098
805	525
805	406
805	259
805	603
805	664
805	143
805	144
805	425
805	9
805	371
805	28
805	248
805	173
805	831
805	288
805	405
805	235
805	212
805	552
805	258
805	469
805	161
805	229
805	447
805	79
805	922
805	88
805	200
805	473
805	385
805	452
805	111
805	946
805	1071
805	383
805	108
805	337
805	217
805	934
805	82
805	117
890	427
890	474
890	1039
890	181
890	671
890	89
890	660
890	174
890	50
890	204
890	625
890	142
890	444
890	193
890	121
890	7
890	675
890	667
890	521
890	132
890	435
890	632
890	340
890	449
890	1
890	655
890	258
890	403
890	136
890	484
890	23
890	479
890	152
890	194
890	237
890	163
890	663
890	186
890	168
890	118
890	385
890	654
890	313
890	229
890	153
890	530
890	205
890	187
890	190
890	183
890	1149
890	167
890	157
890	214
890	520
890	739
890	357
890	451
890	185
890	162
890	127
890	234
890	208
890	404
890	603
890	657
890	271
890	501
890	516
890	589
890	448
890	172
890	636
890	662
890	527
890	496
890	69
890	843
890	286
890	443
890	85
890	447
890	515
890	228
890	230
890	210
890	211
890	483
890	423
890	434
890	97
890	102
890	134
890	101
890	265
890	195
890	135
654	735
654	568
654	100
654	275
654	1
654	196
654	423
654	748
654	239
654	1016
654	689
654	238
654	283
654	97
654	751
654	462
654	79
654	963
654	269
654	294
654	288
654	172
654	268
654	405
654	591
654	785
654	98
654	367
654	473
654	291
654	588
654	1285
654	496
654	455
654	24
654	660
654	258
654	821
654	246
654	54
654	313
654	22
654	468
654	109
654	66
654	1009
654	11
654	8
654	117
654	969
654	25
654	370
654	546
654	1283
654	223
654	282
654	1020
654	181
654	124
654	926
654	70
654	14
654	318
654	317
654	250
654	597
654	174
654	1048
654	1035
654	87
654	95
654	257
654	118
654	12
654	252
654	144
654	638
654	28
654	15
654	825
654	121
654	82
654	431
654	596
654	302
654	168
654	215
654	418
654	278
654	71
654	1115
654	195
654	153
654	756
654	249
654	81
654	408
654	189
654	678
654	56
654	276
654	146
654	210
654	111
654	265
654	83
654	13
654	147
654	1014
654	114
654	736
654	3
654	720
654	336
654	381
654	742
654	284
654	476
654	746
911	548
911	485
911	98
911	443
911	7
911	174
911	357
911	197
911	474
911	584
911	83
911	208
911	420
911	163
911	210
911	506
911	419
911	87
911	168
911	435
911	272
911	1060
911	82
911	93
911	465
911	99
911	427
911	203
911	313
911	1203
911	151
911	480
911	622
911	183
911	451
911	603
911	479
911	21
911	473
911	211
911	507
911	399
911	588
911	647
911	1039
911	215
911	428
911	530
911	483
911	709
911	484
911	193
911	240
911	404
911	194
911	627
911	191
911	374
911	478
911	199
911	501
911	659
911	190
911	26
911	172
911	431
911	638
911	238
911	205
911	855
911	482
911	727
911	209
911	89
911	496
911	383
911	969
911	655
911	514
911	204
298	210
298	71
298	483
298	588
298	257
298	842
298	546
298	486
298	498
298	88
298	98
298	820
298	275
298	237
298	69
298	357
298	604
298	356
298	419
298	121
298	178
298	205
298	485
298	432
298	143
298	477
298	22
298	946
298	951
298	261
298	50
298	1
298	127
298	152
298	213
298	91
298	199
298	99
298	203
298	679
298	660
298	1142
298	9
298	185
298	526
298	284
298	204
298	496
298	28
298	418
298	474
298	23
298	197
298	211
298	125
298	196
298	502
298	427
298	294
298	97
298	144
298	514
298	286
298	265
298	484
298	174
298	993
298	866
298	393
298	208
298	181
298	134
298	864
298	193
298	151
298	845
298	200
298	274
298	187
298	482
298	132
298	430
298	333
298	603
298	511
298	1346
298	318
298	530
298	742
298	194
298	652
298	503
298	625
298	281
298	317
298	276
298	527
298	8
298	168
298	202
298	423
298	311
298	215
370	153
370	265
370	835
370	137
370	14
370	427
370	657
370	659
370	31
370	613
370	107
370	678
370	322
370	923
370	12
370	173
370	494
370	22
370	56
370	604
370	195
370	116
370	135
370	176
370	199
370	257
370	525
370	493
370	497
370	181
370	170
370	136
370	172
370	480
370	435
370	222
370	443
370	603
370	285
370	238
370	64
370	511
370	42
370	98
370	856
370	321
370	302
370	323
370	57
370	52
370	607
370	425
370	183
370	390
370	269
370	174
370	661
370	114
370	631
370	433
370	100
43	290
43	631
43	241
43	371
43	258
43	1053
43	539
43	248
43	155
43	215
43	1056
43	66
43	866
43	151
43	747
43	257
43	137
43	169
43	1
43	328
43	318
43	755
43	686
43	546
43	8
43	196
43	56
43	73
43	25
43	127
43	204
43	432
43	210
43	252
43	226
43	482
43	597
43	12
43	250
43	86
43	269
43	1055
43	172
43	1054
43	692
43	323
43	161
43	336
43	49
43	294
43	315
43	280
43	946
43	756
43	742
43	660
43	847
43	121
43	9
43	625
43	354
43	892
43	531
43	238
43	966
43	173
43	114
43	1023
43	951
43	313
43	133
43	382
43	815
43	879
43	950
43	471
43	51
43	289
43	731
43	486
43	568
43	222
43	302
43	203
43	1057
43	70
43	143
43	79
43	5
43	347
43	732
43	28
43	284
43	550
43	95
43	473
43	131
43	926
43	286
43	144
43	402
43	403
43	3
43	272
43	724
43	26
43	729
43	225
43	956
43	588
43	82
43	40
43	491
43	1048
43	118
43	301
43	705
43	7
43	153
43	591
43	63
43	69
43	122
43	278
43	14
43	845
43	300
43	97
43	100
43	140
43	77
43	4
43	274
43	277
43	202
43	559
43	91
43	648
43	781
43	581
43	1035
43	181
43	54
43	939
43	409
43	479
43	111
43	393
43	298
43	628
43	211
43	418
43	408
43	1047
43	123
43	168
43	98
43	291
43	931
43	120
43	496
43	969
43	276
43	385
43	11
43	423
43	566
43	316
43	367
43	421
43	88
43	699
43	735
43	235
43	516
43	684
43	186
506	250
506	684
506	137
506	489
506	646
506	58
506	239
506	692
506	878
506	94
506	187
506	175
506	196
506	81
506	580
506	241
506	333
506	132
506	1016
506	732
506	434
506	274
506	2
506	550
506	802
506	1219
506	1136
506	63
506	747
506	88
506	295
506	69
506	560
506	494
506	202
506	461
506	660
506	699
506	746
506	892
506	521
506	581
506	55
506	172
506	300
506	222
506	56
506	33
506	248
506	216
506	231
506	951
506	1089
506	53
506	66
506	749
506	271
506	538
506	230
506	945
506	576
506	539
506	518
506	796
506	712
506	89
506	755
506	510
506	425
506	208
506	676
506	484
506	323
506	470
506	210
506	465
506	46
506	554
506	177
506	10
506	97
506	693
506	161
506	525
506	47
506	233
506	642
506	182
506	1073
506	410
506	50
506	657
506	1279
506	449
506	542
506	228
506	5
506	1046
506	261
506	715
506	72
506	770
506	191
506	516
506	520
506	972
506	447
506	603
506	90
506	475
506	204
506	92
506	1608
506	200
506	568
506	229
506	479
506	79
506	402
506	490
506	503
506	199
506	762
506	86
506	205
506	710
506	514
506	68
506	356
506	85
506	393
506	82
506	530
506	523
506	604
506	367
506	294
506	403
506	168
506	380
506	174
506	140
506	1063
506	391
506	183
506	234
506	435
506	855
506	1014
506	195
506	611
506	497
506	95
506	12
506	705
506	739
506	211
506	176
506	496
506	324
506	665
506	67
506	443
506	73
506	578
506	186
506	641
506	792
506	42
506	399
506	328
506	148
506	930
506	478
506	731
506	181
506	77
506	655
506	38
506	48
506	678
506	203
506	29
506	873
506	404
506	836
506	218
506	455
506	226
506	8
506	54
506	482
506	880
506	517
2	288
2	279
2	283
2	289
2	286
2	305
2	310
2	292
2	273
2	300
2	311
2	316
2	19
2	280
2	306
2	277
2	276
2	274
2	312
2	291
2	272
2	309
2	314
2	275
2	290
2	269
2	251
2	285
2	302
2	25
2	10
2	308
2	304
2	298
2	299
2	100
2	313
2	315
2	242
2	237
2	14
2	111
2	297
2	307
2	1
2	13
2	293
2	284
2	301
2	294
84	866
84	1033
84	317
84	25
84	405
84	289
84	282
84	265
84	1
84	203
84	628
84	318
84	95
84	15
84	245
84	274
84	322
84	237
84	12
84	70
84	685
84	1040
84	528
84	300
84	194
84	31
84	543
84	7
84	823
84	225
84	4
84	273
84	748
84	756
84	486
84	151
84	100
84	815
84	742
84	1028
84	294
84	222
84	258
84	148
84	121
84	385
84	117
84	597
84	477
84	284
84	64
84	1047
84	411
84	276
84	523
84	408
5	411
5	404
5	407
5	443
5	1
5	267
5	174
5	169
5	430
5	419
5	397
5	387
5	259
5	416
5	395
5	399
5	230
5	154
5	94
5	455
5	173
5	100
5	390
5	447
5	428
5	375
5	405
5	393
5	434
5	235
5	99
5	445
5	62
5	424
5	381
5	208
5	214
5	380
5	412
5	438
5	364
5	228
5	378
5	406
5	371
5	392
5	385
5	167
5	66
5	110
5	394
5	439
5	409
5	379
5	109
5	450
5	98
5	186
5	403
5	418
5	413
5	243
5	101
5	437
5	189
5	153
5	239
5	121
5	211
5	105
5	366
5	135
5	365
5	444
5	144
5	382
5	457
5	373
5	368
5	374
5	139
5	95
5	216
5	233
5	421
5	384
5	448
5	391
5	452
5	176
5	454
5	231
5	145
5	372
5	408
5	102
5	209
5	398
5	417
5	29
5	389
5	415
5	17
5	181
5	151
5	42
5	143
5	367
5	435
5	363
5	24
5	402
5	226
5	168
5	229
5	172
5	250
5	200
5	40
5	451
5	69
5	425
5	414
5	401
5	420
5	410
5	80
5	50
5	79
5	370
5	204
5	257
5	194
5	422
5	449
5	225
5	369
5	426
5	441
5	456
5	234
845	1434
845	1394
845	340
845	346
845	1592
845	690
845	896
845	1234
845	272
845	909
845	311
845	751
845	313
845	242
845	302
845	1238
845	306
845	904
845	877
845	268
845	310
845	900
845	269
845	903
845	1022
884	300
884	268
884	640
884	146
884	70
884	923
884	1073
884	212
884	14
884	475
884	269
884	100
884	381
884	86
884	921
884	116
884	9
884	198
884	166
884	127
884	1214
884	275
884	949
884	323
884	510
884	285
884	638
884	1018
884	713
884	322
884	179
884	463
884	509
884	258
884	736
818	322
818	245
818	286
818	328
818	313
818	302
818	346
818	303
818	258
818	887
818	751
818	300
818	271
818	312
818	912
818	269
818	316
413	222
413	269
413	237
413	286
413	321
413	276
413	124
413	877
413	100
413	471
413	289
413	7
413	255
413	327
413	936
413	275
413	15
413	250
413	9
413	326
413	460
413	690
413	271
413	306
413	236
413	273
413	257
413	301
413	284
413	260
413	303
413	302
413	283
413	258
413	14
413	297
413	181
413	333
413	245
413	147
475	258
475	100
475	539
475	316
475	902
475	306
475	303
475	302
475	327
475	313
475	50
475	269
475	286
475	70
475	259
475	315
737	174
737	501
737	64
737	187
737	32
737	156
737	22
737	196
737	127
737	474
737	160
737	154
737	192
737	100
737	475
737	12
737	171
737	180
737	186
737	169
737	58
737	428
737	11
737	173
737	47
737	137
737	357
167	290
167	1304
167	48
167	99
167	673
167	240
167	465
167	615
167	1125
167	733
167	1305
167	1309
167	136
167	1306
167	216
167	232
167	698
167	831
167	83
167	126
167	719
167	1126
167	225
167	1310
167	478
167	288
167	241
167	137
167	184
167	1308
167	603
167	235
167	659
167	96
167	86
167	512
167	726
167	949
167	493
167	364
167	237
167	8
167	318
167	641
167	735
167	204
167	674
167	169
167	392
167	404
167	238
167	1225
167	655
167	554
167	606
167	568
167	435
741	945
741	274
741	399
741	275
741	92
741	15
741	172
741	186
741	5
741	566
741	98
741	435
741	1041
741	475
741	451
741	265
741	781
741	479
741	226
741	401
741	48
741	17
741	241
741	742
741	94
741	196
741	202
741	178
741	151
741	290
741	31
741	255
741	582
741	480
741	95
741	88
741	69
741	218
741	696
741	82
741	67
741	423
741	204
741	234
741	7
741	1090
741	281
741	131
741	699
741	66
741	357
741	692
741	682
741	1029
741	22
741	427
741	77
741	121
741	28
741	783
741	173
741	660
741	181
741	83
741	215
741	273
741	210
741	724
741	180
741	722
741	164
741	478
741	288
741	70
741	209
741	651
741	496
741	25
741	367
741	118
741	403
741	283
741	54
741	134
225	479
225	286
225	172
225	237
225	245
225	604
225	510
225	603
225	482
225	194
225	1203
225	193
225	1443
225	480
225	215
225	478
225	98
225	492
225	566
225	22
225	427
225	418
225	64
540	126
540	310
540	471
540	257
540	742
540	250
540	111
540	15
540	1
540	117
540	333
540	9
540	147
540	7
540	280
540	762
540	343
540	825
540	220
540	270
540	293
540	276
540	323
540	20
540	281
540	508
540	473
540	286
540	340
540	820
540	597
540	181
540	475
540	25
540	240
540	591
540	294
540	1226
540	1048
540	13
540	269
540	100
540	258
540	405
540	741
540	455
540	249
540	1016
540	274
540	245
540	596
918	433
918	1200
918	197
918	137
918	72
918	199
918	42
918	135
918	520
918	529
918	1101
918	89
918	45
918	430
918	1172
918	606
918	582
918	340
918	747
918	168
918	153
918	161
918	630
918	664
918	443
918	143
918	190
918	419
918	204
918	88
918	83
918	792
918	1265
918	28
918	1639
918	514
918	70
918	923
918	1065
918	855
918	1195
918	659
918	631
918	958
918	488
918	737
918	495
918	1171
918	971
918	382
918	995
918	658
918	289
918	211
918	86
918	498
918	275
918	196
918	507
918	921
918	485
918	25
918	640
918	965
918	462
918	1099
918	962
918	517
918	709
918	707
918	151
918	704
918	856
918	165
918	487
918	132
918	154
918	499
918	166
918	656
918	1
918	428
918	381
230	609
230	378
230	419
230	432
230	233
230	699
230	51
230	98
230	304
230	650
230	28
230	50
230	628
230	485
230	176
230	238
230	515
230	402
230	435
230	142
230	588
230	168
230	7
230	70
230	742
230	1050
230	491
230	499
230	501
230	371
230	969
230	633
230	427
230	622
230	570
230	498
230	174
230	143
230	138
230	69
230	504
230	621
230	451
230	211
230	153
230	214
230	22
230	195
230	132
230	11
230	496
230	182
230	291
230	96
230	223
230	154
230	95
230	582
230	549
230	100
230	196
230	140
230	276
230	1
230	265
230	693
230	210
230	422
230	420
230	117
230	10
230	125
230	56
230	135
230	385
230	141
230	216
230	240
230	484
230	607
230	239
230	202
230	951
230	963
230	25
230	91
230	144
230	186
230	134
230	431
230	511
230	926
230	627
230	185
230	673
230	237
230	423
230	162
230	199
230	183
230	8
230	121
230	79
230	393
230	82
230	284
230	739
407	191
407	88
407	493
407	71
407	234
407	569
407	313
407	215
407	250
407	73
407	399
407	315
407	869
407	969
407	180
407	4
407	418
407	147
407	244
407	484
407	214
407	181
407	291
407	657
407	230
407	357
407	67
407	235
407	659
407	117
407	655
407	56
407	642
407	193
407	428
407	675
407	135
407	208
407	211
407	416
407	972
407	448
407	402
407	502
407	288
407	449
407	172
407	89
407	521
407	715
407	289
407	684
407	95
407	747
407	479
407	223
407	72
407	993
407	496
407	508
407	200
407	859
407	739
407	163
407	1
407	143
407	382
407	656
407	588
407	393
407	210
407	559
407	1041
407	710
407	476
407	729
407	97
407	127
407	101
407	1263
407	226
407	255
407	405
407	184
407	238
407	153
407	844
407	1044
407	239
407	205
407	123
407	159
407	7
407	161
407	265
407	249
407	202
407	132
407	746
407	28
407	785
407	436
407	194
407	650
407	756
407	388
407	519
407	525
407	879
407	154
407	616
407	50
407	478
407	91
407	177
407	70
407	1188
407	40
407	1160
407	660
407	568
407	257
407	98
407	796
407	755
407	169
407	229
407	447
407	203
407	96
407	1012
407	269
407	561
407	433
407	45
407	69
407	565
407	151
407	218
407	189
407	25
407	732
407	949
407	157
407	514
407	443
407	930
407	427
407	403
407	510
407	504
407	204
407	371
407	134
407	483
407	99
407	131
407	186
407	94
407	408
407	62
407	85
407	1028
407	491
407	209
407	705
407	232
407	466
407	219
407	222
407	385
407	195
407	217
407	196
407	635
407	474
407	176
407	708
407	423
407	274
407	175
407	188
308	21
308	1169
308	321
308	203
308	191
308	223
308	180
308	449
308	506
308	210
308	131
308	637
308	482
308	522
308	59
308	116
308	238
308	127
308	55
308	603
308	1197
308	520
308	74
308	318
308	466
308	1065
308	653
308	95
308	121
308	239
308	151
308	319
308	1
308	641
308	692
308	618
308	197
308	654
308	434
308	678
308	802
308	661
308	274
308	566
308	410
308	1126
308	396
308	367
308	129
308	170
308	531
308	747
308	433
308	475
308	1404
308	255
308	770
308	216
308	1046
308	741
308	382
308	218
308	419
308	148
308	842
308	230
308	309
308	44
308	663
308	122
308	463
308	385
308	356
308	313
308	942
308	1252
308	567
308	583
308	968
308	365
308	47
308	521
308	530
308	237
308	512
308	715
308	665
308	469
308	425
308	778
308	742
308	254
308	160
308	550
308	602
308	184
308	428
308	371
308	633
308	192
308	205
308	404
308	811
308	712
308	493
308	480
308	175
308	1411
308	248
308	139
308	417
308	605
308	435
308	965
308	168
308	45
308	411
308	510
308	241
308	392
308	502
308	966
308	276
308	679
308	467
308	1135
308	477
308	265
308	285
308	487
308	655
308	22
308	174
308	471
308	7
308	124
308	792
308	30
308	211
308	615
308	123
308	87
308	89
308	166
308	5
308	657
308	56
308	60
308	822
308	163
308	226
308	403
308	177
308	514
308	12
308	1515
308	58
308	432
308	408
308	427
308	65
308	17
308	133
308	483
308	81
308	77
308	675
308	826
308	591
308	134
308	496
308	686
308	589
308	481
308	69
308	1019
308	15
308	195
308	164
308	70
308	295
308	517
308	291
308	196
308	436
308	208
308	264
308	393
308	199
308	501
308	100
308	357
308	283
308	66
308	178
308	200
308	284
308	461
308	578
308	486
308	50
308	611
308	273
308	610
308	19
308	709
308	32
308	1456
308	597
308	473
308	526
308	215
308	648
308	71
308	708
308	288
308	202
308	519
308	219
308	1121
308	82
308	705
308	825
308	472
308	24
308	161
308	546
308	11
308	1006
308	322
308	613
308	402
308	511
308	945
308	1028
308	153
308	118
308	523
308	684
308	1021
308	805
308	85
308	1073
308	209
308	141
308	660
308	656
308	515
308	4
308	79
308	68
308	213
308	233
308	495
308	154
308	649
308	492
308	72
308	204
308	54
308	568
308	537
308	732
308	640
308	516
308	423
308	234
308	73
308	198
308	607
308	693
308	484
308	147
308	8
308	755
308	1286
308	525
308	559
308	235
308	143
308	447
308	582
308	298
308	959
308	1118
308	259
308	488
308	616
308	182
308	378
308	494
308	92
308	614
308	96
308	921
308	634
308	109
308	231
308	856
308	629
308	673
308	729
308	659
308	91
308	579
308	1074
308	144
308	293
308	646
308	584
308	848
308	581
308	505
308	452
308	181
308	746
308	88
308	498
308	183
206	258
206	262
206	336
206	340
206	1434
206	359
206	990
206	1429
206	308
206	1430
206	903
206	300
206	1394
206	313
206	900
206	748
206	1313
206	895
206	309
206	1024
206	362
206	360
206	891
206	242
206	1062
206	361
206	1395
206	314
206	904
206	294
206	1022
206	749
206	272
206	288
206	343
206	1432
206	682
206	310
206	683
206	337
206	690
206	889
206	1176
206	678
206	882
206	302
206	260
206	332
206	346
206	1233
206	315
206	245
400	895
400	269
400	328
400	323
400	748
400	300
400	258
400	301
400	332
400	294
400	689
400	306
400	313
400	307
400	749
400	343
400	286
400	288
683	678
683	683
683	22
683	271
683	300
683	313
683	302
683	311
683	248
683	626
683	511
683	900
683	325
683	127
683	303
683	132
683	308
683	358
683	682
683	914
683	316
683	306
683	347
683	328
683	288
683	354
683	269
683	588
683	344
683	1280
683	513
683	289
683	754
683	346
683	56
683	350
683	331
683	321
683	259
683	322
683	286
683	258
683	915
683	332
683	690
683	748
683	911
683	472
683	268
683	609
683	312
683	887
683	340
683	317
683	1483
683	245
683	607
683	327
683	270
683	307
683	264
9	507
9	521
9	385
9	340
9	527
9	487
9	371
9	6
9	242
9	286
9	294
9	690
9	201
9	276
9	402
9	298
9	50
9	7
897	243
897	1219
897	187
897	473
897	40
897	393
897	1033
897	409
897	760
897	133
897	208
897	33
897	864
897	478
897	79
897	416
897	161
897	181
897	265
897	670
897	708
897	679
897	69
897	419
897	521
897	497
897	436
897	378
897	530
897	132
897	435
897	926
897	185
897	826
897	143
897	232
897	526
897	210
897	82
897	174
897	65
897	186
897	616
897	763
897	99
897	485
897	89
897	76
897	925
897	404
897	673
897	193
897	528
897	183
897	141
897	566
897	402
897	840
897	597
897	496
897	194
897	71
897	1028
897	202
897	479
897	389
897	423
897	200
897	609
897	120
897	443
897	177
897	235
897	176
897	501
897	55
897	290
897	88
897	56
897	205
897	974
897	168
897	125
897	484
897	429
897	1
897	368
897	25
897	23
897	684
897	215
897	77
897	188
897	523
897	66
897	204
897	506
897	179
897	433
897	182
897	603
897	649
897	184
897	871
897	151
897	172
897	135
897	633
897	140
897	1254
897	405
897	1531
897	68
897	240
897	127
897	498
897	273
897	651
897	117
897	230
897	195
897	196
897	22
897	699
897	659
897	239
897	646
897	717
897	214
897	97
897	546
897	234
897	510
897	406
897	121
897	173
897	50
897	203
897	410
897	928
897	228
897	323
897	470
897	411
897	73
897	136
897	622
897	8
897	451
326	563
326	204
326	174
326	153
326	161
326	837
326	385
326	665
326	720
326	154
326	56
326	172
326	525
326	1126
326	613
326	90
326	447
326	127
326	566
326	485
326	1118
326	378
326	38
326	9
326	239
326	265
326	732
326	528
326	443
326	565
326	200
326	175
326	515
326	519
326	229
326	419
326	468
326	318
326	434
326	651
326	521
326	511
326	705
326	451
326	94
326	449
326	510
326	195
326	173
326	491
326	199
326	478
326	226
326	144
326	501
326	479
326	674
326	435
326	526
326	436
326	54
326	428
326	505
326	194
326	480
326	187
326	654
326	234
326	616
326	216
326	233
326	550
326	22
326	514
326	170
326	646
326	4
326	670
326	1231
326	185
326	444
326	82
326	89
326	427
326	33
326	612
326	180
326	132
326	64
326	241
326	969
326	849
326	44
326	433
326	452
326	98
326	211
326	527
326	67
326	671
326	500
326	496
326	507
326	944
326	177
326	520
326	554
326	568
326	367
326	790
326	655
326	208
326	391
326	484
326	176
326	181
326	474
326	196
326	197
326	445
326	72
326	230
326	498
326	559
326	503
326	141
326	633
326	237
326	182
326	523
326	508
326	588
326	79
326	135
326	88
326	86
326	780
326	186
326	659
326	228
326	403
326	675
326	183
326	202
326	609
326	50
326	423
326	282
326	657
326	97
326	493
149	346
149	308
149	305
149	896
149	286
149	313
149	326
149	262
149	328
149	874
149	301
149	689
149	303
149	310
149	1295
149	327
149	245
149	345
149	300
149	268
149	258
149	319
149	337
149	311
149	1296
149	340
149	678
149	321
149	325
149	272
629	196
629	172
629	286
629	199
629	276
629	87
629	191
629	294
629	144
629	173
629	269
629	270
629	200
629	425
629	137
629	566
629	319
629	132
629	197
629	984
629	187
629	658
629	42
629	632
629	509
629	11
629	693
629	22
629	423
629	300
629	886
629	207
629	9
629	147
629	23
629	39
629	284
629	322
629	301
629	327
629	55
629	651
629	98
629	241
629	258
629	324
629	381
629	56
629	160
629	271
629	392
629	292
629	326
629	475
629	528
629	64
629	523
629	416
629	1119
629	340
629	331
629	234
629	991
629	153
629	307
629	729
629	317
629	117
629	265
629	127
629	223
629	309
629	277
629	204
629	660
629	328
629	709
629	1109
629	357
629	699
629	876
629	684
629	92
629	69
629	174
629	332
629	202
629	86
629	288
629	275
629	463
629	58
629	435
629	210
629	193
629	135
629	238
877	515
877	111
877	582
877	31
877	732
877	748
877	88
877	949
877	271
877	55
877	738
877	531
877	566
877	202
877	584
877	173
877	203
877	662
877	86
877	286
877	538
877	170
877	207
877	306
877	463
877	79
877	70
877	83
877	269
877	739
877	307
877	553
877	640
877	98
877	557
877	381
877	451
877	549
877	326
877	727
877	702
877	176
877	258
877	690
877	371
877	402
877	971
877	744
877	228
877	241
877	475
877	155
877	274
877	1402
877	197
877	333
877	14
877	59
877	61
877	222
877	275
877	921
877	60
877	955
877	56
571	194
571	32
571	1039
571	64
571	69
571	144
571	604
571	174
571	47
571	357
571	462
571	191
571	181
571	45
571	124
571	964
224	724
224	286
224	28
224	736
224	321
224	620
224	879
224	1163
224	751
224	92
224	276
224	318
224	26
224	1221
224	356
224	22
224	380
224	51
224	556
224	77
224	215
224	387
224	11
224	313
224	991
224	135
224	686
224	591
224	326
224	570
224	365
224	1442
224	222
224	678
224	528
224	1441
224	323
224	366
224	423
224	221
224	518
224	699
224	893
224	526
224	708
224	715
224	329
224	69
224	54
224	720
224	748
224	1058
224	778
224	282
224	277
224	287
224	258
224	212
224	162
224	549
224	1119
224	325
224	1044
224	658
224	322
224	86
224	687
224	924
224	237
224	632
224	727
224	328
224	20
224	1152
224	294
224	148
224	980
224	729
224	392
224	333
224	403
224	223
224	332
224	301
224	553
224	1208
224	126
224	581
224	676
224	196
224	402
224	655
224	925
224	1381
224	191
224	949
224	243
224	280
224	43
224	544
224	977
224	107
224	555
224	1045
224	744
224	962
224	1401
224	583
224	1039
224	846
224	178
224	470
224	349
863	324
863	269
863	887
863	909
863	362
863	303
863	906
863	330
863	876
863	1237
863	361
863	895
863	872
863	313
863	336
863	307
863	749
863	751
863	752
863	292
863	690
863	990
863	1022
863	908
863	903
863	1679
863	258
863	902
863	319
863	286
863	322
863	748
863	304
863	877
863	349
863	359
863	328
863	350
863	1243
863	242
863	300
863	340
863	683
863	1680
863	272
863	1024
863	288
863	326
863	343
863	1313
863	344
863	270
863	885
863	329
863	342
863	327
863	754
863	1607
863	354
863	334
863	302
863	1296
863	339
863	352
863	886
863	316
863	901
863	873
863	900
863	268
863	321
863	259
863	332
863	538
863	898
863	1434
863	333
863	264
863	347
863	271
863	1431
863	301
863	346
863	289
863	306
863	1038
863	910
662	1380
662	985
662	291
662	1652
662	275
662	268
662	813
662	6
662	286
662	246
662	591
662	1381
662	1342
662	1511
662	10
662	13
662	515
662	93
662	50
322	89
322	528
322	505
322	603
322	192
322	313
322	150
322	591
322	9
322	216
322	197
322	653
322	32
322	302
322	514
322	194
322	483
322	655
322	1
322	318
322	346
322	50
322	608
322	258
322	272
322	234
322	513
322	654
322	156
322	479
322	127
322	64
322	303
322	521
322	48
322	92
322	157
322	1019
322	489
322	188
322	196
508	115
508	183
508	175
508	191
508	188
508	154
508	451
508	180
508	50
508	176
508	153
508	150
508	239
508	502
508	82
508	179
508	168
508	568
508	208
508	1
508	121
508	218
508	1153
508	506
508	151
508	209
508	215
508	735
508	524
508	173
508	629
508	655
508	79
508	357
508	69
508	196
508	222
508	132
508	204
508	172
508	238
508	228
508	211
508	52
508	109
508	318
508	317
508	185
508	73
508	23
508	219
508	70
508	195
508	527
508	230
508	528
508	216
508	174
508	91
508	229
508	423
508	181
508	186
508	511
508	710
508	47
508	210
508	378
508	269
508	98
508	234
792	24
792	597
792	1164
792	1015
792	25
792	21
792	591
792	742
792	1054
792	125
792	471
792	926
792	831
792	118
792	147
792	840
792	1335
792	476
792	291
792	363
792	129
792	100
792	1132
792	762
792	111
792	282
792	13
792	1
792	595
792	696
792	1011
792	405
792	844
792	9
792	546
792	7
792	15
792	237
792	1047
539	962
539	956
539	382
539	19
539	286
539	289
539	340
539	238
539	185
539	496
539	285
539	483
539	131
539	242
539	69
539	22
539	170
539	215
539	204
539	487
539	319
539	56
539	301
539	357
539	132
539	527
539	660
539	603
539	367
539	1211
539	372
539	661
539	610
539	163
539	124
539	306
539	155
539	50
539	153
539	258
539	303
539	963
539	269
539	45
539	202
539	239
99	322
99	403
99	121
99	741
99	421
99	22
99	789
99	332
99	98
99	245
99	50
99	546
99	413
99	282
99	116
99	294
99	12
99	312
99	79
99	326
99	597
99	405
99	4
99	358
99	751
99	1052
99	147
99	172
99	64
99	174
99	1016
99	651
99	290
99	369
99	409
99	402
99	310
99	508
99	25
99	895
99	978
99	275
99	124
99	963
99	69
99	315
99	873
99	628
99	682
99	975
99	201
99	125
99	433
99	345
99	120
99	105
99	926
99	123
99	210
99	240
99	255
99	173
99	204
99	694
99	276
99	182
99	328
99	265
99	845
99	274
99	742
99	203
99	342
99	1047
99	676
99	1119
99	475
99	331
99	237
99	196
99	268
99	595
99	827
99	815
99	1048
99	931
99	348
99	471
99	92
99	780
99	238
99	273
99	1
99	28
99	829
99	7
99	288
99	118
99	181
99	1132
99	56
99	168
99	363
99	258
99	473
99	66
99	111
99	763
99	1067
99	871
825	591
825	455
825	678
825	370
825	283
825	117
825	195
825	126
825	984
825	413
825	122
825	235
825	740
825	405
825	148
825	870
825	687
825	620
825	252
825	1051
825	925
825	593
825	321
825	237
825	147
825	988
825	931
825	595
825	323
825	222
825	546
825	137
825	1117
825	289
825	291
825	1015
825	298
825	1291
825	322
825	12
825	274
825	276
825	282
825	827
825	307
825	748
825	14
825	116
825	174
825	257
825	840
825	423
825	1034
825	7
825	844
825	118
825	833
825	98
825	130
825	685
825	275
825	9
825	628
825	16
825	258
825	176
825	248
825	281
825	515
825	293
825	106
825	930
825	1047
825	979
825	326
825	831
825	832
825	597
825	105
825	982
825	284
825	325
825	286
825	696
825	120
825	1087
825	1016
825	243
825	285
825	369
825	619
825	363
825	385
825	181
825	566
825	250
825	1013
825	124
825	932
825	125
825	717
825	407
825	823
825	288
825	111
825	1244
825	273
825	249
825	25
825	924
825	20
825	864
825	746
825	508
825	926
825	127
825	50
42	736
42	1043
42	411
42	83
42	658
42	999
42	501
42	69
42	63
42	941
42	451
42	462
42	588
42	1046
42	925
42	660
42	87
42	866
42	215
42	433
42	71
42	427
42	211
42	755
42	66
42	12
42	742
42	111
42	471
42	1042
42	173
42	443
42	367
42	64
42	294
42	469
42	175
42	44
42	468
42	404
42	183
42	174
42	274
42	419
42	939
42	195
42	387
42	926
42	204
42	496
42	73
42	43
42	151
42	15
42	284
42	125
42	735
42	506
42	568
42	276
42	318
42	136
42	1047
42	413
42	237
42	118
42	185
42	121
42	794
42	826
42	595
42	405
42	281
42	603
42	834
42	97
42	781
42	222
42	627
42	141
42	934
42	591
42	953
42	77
42	402
42	546
42	161
42	785
42	135
42	521
42	756
42	1041
42	203
42	58
42	2
42	432
42	99
42	1049
42	410
42	290
42	228
42	1048
42	50
42	88
42	357
42	385
42	1044
42	216
42	181
42	746
42	283
42	131
42	467
42	409
42	732
42	95
42	655
42	423
42	79
42	143
42	1040
42	924
42	25
42	194
42	210
42	685
42	606
42	234
42	977
42	96
42	229
42	202
42	1045
42	523
42	1028
42	280
42	418
42	227
42	403
42	72
42	559
42	273
42	219
42	54
42	38
42	98
42	176
498	59
498	234
498	425
498	136
498	985
498	489
498	512
498	754
498	675
498	1073
498	168
498	77
498	514
498	484
498	806
498	527
498	657
498	449
498	191
498	515
498	203
498	11
498	229
498	237
498	210
498	192
498	663
498	480
498	517
498	197
498	652
498	1103
498	182
498	160
498	548
498	265
498	61
498	496
498	176
498	887
498	631
498	32
498	475
498	222
498	187
498	474
498	137
498	150
498	317
498	181
498	673
498	1007
498	1426
498	479
498	591
498	275
498	302
498	56
498	607
498	180
498	64
498	164
498	522
498	628
498	54
498	109
498	183
498	251
498	554
498	79
498	121
498	50
498	175
498	693
498	144
498	1083
498	271
498	464
498	98
498	594
498	531
498	410
498	538
498	1131
498	483
498	53
498	172
498	179
498	218
498	1286
498	933
498	212
498	772
498	1404
498	423
498	1070
498	127
498	100
498	186
498	462
498	185
498	89
498	922
498	174
498	12
498	509
498	151
498	1422
498	486
498	238
498	603
498	664
498	288
498	447
498	649
498	258
498	430
498	14
498	134
498	23
498	135
227	823
227	221
227	285
227	121
227	475
227	50
227	137
227	319
227	274
227	100
227	288
227	250
227	14
227	124
227	15
227	1010
227	1047
227	9
227	1007
227	322
227	244
227	286
227	287
227	116
227	1143
227	1067
227	13
227	934
227	19
227	7
227	293
227	240
227	126
227	1028
227	741
227	756
227	295
227	93
227	25
227	127
227	117
227	405
227	276
227	249
227	129
227	106
227	1008
227	321
193	259
193	750
193	72
193	815
193	1406
193	476
193	177
193	29
193	405
193	23
193	268
193	354
193	1078
193	1090
193	627
193	25
193	69
193	82
193	742
193	869
193	286
193	673
193	682
193	246
193	826
193	941
193	328
193	487
193	161
193	122
193	100
193	187
193	294
193	282
193	715
193	155
193	739
193	689
193	1074
193	871
193	313
193	127
193	352
193	1407
193	905
193	366
193	580
193	301
193	237
193	755
193	1258
193	310
193	722
193	333
193	410
193	412
193	147
193	121
193	781
193	763
193	300
193	485
193	562
193	24
193	790
193	218
193	234
193	38
193	435
193	117
193	827
193	258
193	159
193	693
193	895
193	1168
193	508
193	407
193	1132
193	182
193	274
193	288
193	79
193	553
193	541
193	194
193	33
193	199
193	307
193	347
193	465
193	443
193	1
193	402
193	174
193	690
193	343
579	393
579	1
579	286
579	66
579	288
579	514
579	433
579	603
579	186
579	381
579	49
579	303
579	845
579	732
579	382
579	294
579	1110
579	1047
579	173
579	209
579	523
579	194
579	56
579	408
579	204
579	748
579	1074
579	183
579	25
579	582
579	228
579	83
579	676
579	50
579	327
579	98
579	435
579	655
579	168
579	289
579	333
579	258
579	234
579	238
579	216
579	65
579	89
579	709
579	210
579	528
579	211
579	692
579	4
579	70
579	520
579	69
579	202
579	100
579	88
579	153
802	670
802	218
802	665
802	185
802	678
802	330
802	687
802	681
802	263
802	424
802	445
802	441
802	266
802	484
802	201
802	196
802	748
802	264
802	176
802	563
802	7
802	565
802	134
802	569
802	258
802	98
802	53
802	760
802	219
802	573
802	669
802	326
802	261
802	286
802	259
802	183
802	444
802	56
802	567
802	440
802	646
802	396
802	294
802	879
802	323
802	217
802	304
802	260
802	452
802	288
802	1025
802	135
802	331
802	657
802	413
802	302
802	327
802	769
802	559
802	234
802	379
751	490
751	367
751	689
751	431
751	50
751	347
751	652
751	480
751	399
751	168
751	1446
751	88
751	210
751	483
751	742
751	87
751	568
751	380
751	737
751	756
751	386
751	856
751	144
751	301
751	250
751	226
751	239
751	173
751	310
751	736
751	538
751	385
751	738
751	1035
751	313
751	94
751	746
751	161
751	25
751	238
751	394
751	55
751	89
751	809
751	90
751	316
751	631
751	1661
751	660
751	558
751	56
751	917
751	142
751	179
751	216
751	121
751	559
751	434
751	3
751	101
751	405
751	739
751	213
751	197
751	70
751	100
751	734
751	2
751	659
751	484
751	172
751	486
751	596
751	1007
751	578
751	372
751	748
751	428
751	257
751	270
751	419
751	704
751	1101
751	99
751	131
751	751
751	735
751	196
751	479
751	62
751	382
751	194
751	11
751	849
751	472
751	487
751	916
751	291
751	117
751	215
751	153
751	96
751	21
751	658
751	181
751	42
751	79
751	588
751	83
751	305
751	481
751	154
751	436
751	118
751	865
751	52
751	204
751	494
751	323
751	302
751	269
751	432
751	202
751	111
751	332
751	603
751	402
751	708
751	272
751	1078
751	227
751	174
751	591
751	1011
751	755
751	237
356	689
356	326
356	1294
356	315
356	937
356	307
356	258
356	347
356	331
356	328
356	272
356	316
356	292
356	748
356	892
356	322
356	313
356	300
356	310
356	294
307	423
307	427
307	174
307	229
307	161
307	395
307	483
307	708
307	204
307	132
307	431
307	135
307	509
307	21
307	24
307	393
307	81
307	209
307	193
307	214
307	515
307	746
307	949
307	687
307	185
307	183
307	239
307	114
307	83
307	403
307	449
307	401
307	1028
307	580
307	101
307	99
307	505
307	62
307	402
307	28
307	1140
307	428
307	175
307	227
307	172
307	463
307	91
307	660
307	186
307	121
307	419
307	94
307	50
307	313
307	631
307	588
307	215
307	222
307	230
307	164
307	433
307	257
307	408
307	655
307	462
307	529
307	269
307	1411
307	154
307	200
307	145
307	831
307	71
307	22
307	89
307	265
307	173
307	474
307	634
307	450
307	195
307	64
307	258
307	1
307	736
307	109
307	286
307	56
307	511
307	163
484	588
484	849
484	233
484	778
484	235
484	679
484	427
484	318
484	315
484	210
484	560
484	274
484	343
484	70
484	471
484	117
484	393
484	293
484	231
484	226
484	431
484	71
484	97
484	111
484	24
484	422
484	313
484	257
484	1016
484	73
484	392
484	463
484	211
484	50
484	38
484	195
484	122
484	9
484	89
484	150
484	227
484	423
484	651
484	239
484	930
484	28
484	258
484	665
484	951
484	168
484	144
484	250
484	95
484	655
484	924
484	181
484	578
484	237
484	419
484	121
484	2
484	742
484	405
484	554
484	96
484	510
484	449
484	252
484	202
484	53
484	241
484	87
484	230
484	229
484	88
484	82
484	79
484	625
484	248
484	14
484	1
484	275
484	568
484	472
484	300
484	468
484	4
484	255
484	25
484	385
484	399
484	151
484	135
484	22
484	143
484	29
484	136
484	172
484	294
484	228
484	15
484	216
484	98
484	692
484	699
484	597
484	51
484	926
484	550
484	183
484	732
484	141
484	173
32	408
32	240
32	866
32	100
32	222
32	111
32	307
32	7
32	276
32	118
32	250
32	271
32	313
32	1012
32	50
32	235
32	298
32	249
32	508
32	1016
32	9
32	405
32	246
32	294
32	290
32	1023
32	181
32	151
32	591
32	257
32	117
32	122
32	288
495	498
495	831
495	423
495	433
495	121
495	143
495	573
495	379
495	147
495	568
495	1110
495	732
495	195
495	144
495	167
495	2
495	139
495	550
495	228
495	590
495	282
495	472
495	201
495	29
495	582
495	413
495	451
495	1188
495	655
495	447
495	174
495	577
495	395
495	71
495	184
495	403
495	449
495	1135
495	421
495	637
495	631
495	229
495	404
495	80
495	53
495	186
495	1183
495	944
495	91
495	1469
495	230
495	172
495	452
495	69
495	505
495	82
495	393
495	448
495	217
495	501
495	181
495	44
495	402
495	96
495	1208
495	62
495	559
495	179
495	507
495	154
495	162
495	796
495	120
495	127
495	161
495	222
495	84
495	235
495	1263
495	1444
495	385
495	386
495	674
495	196
495	496
495	797
495	225
495	191
495	658
495	211
495	491
495	419
495	843
495	98
495	227
495	109
495	55
495	470
495	511
495	9
495	924
495	182
495	478
495	431
495	521
495	576
495	790
495	432
495	185
495	214
495	504
495	155
495	90
495	705
495	616
495	94
495	768
495	1245
495	56
495	665
495	357
495	622
495	684
495	202
495	1133
495	233
495	465
495	1046
495	54
495	183
495	575
495	650
495	660
495	216
495	204
495	11
495	68
495	1207
495	288
495	188
495	380
495	523
495	168
495	742
495	95
495	679
495	1091
495	200
495	218
495	578
495	163
495	441
495	418
495	133
495	770
495	151
495	157
495	88
495	389
495	86
495	145
495	1079
495	132
495	231
495	739
495	64
495	1118
495	219
495	479
495	79
495	232
421	183
421	100
421	194
421	674
421	331
421	96
421	213
421	208
421	302
421	234
421	238
421	11
421	516
421	474
421	144
421	172
421	175
421	269
421	466
421	4
421	525
421	443
421	56
421	98
421	509
421	218
421	50
421	672
421	164
421	915
421	117
421	173
421	498
421	185
421	176
421	187
421	87
421	197
421	423
421	879
421	12
421	427
421	709
421	174
421	156
421	89
421	219
421	603
421	127
421	914
684	239
684	151
684	248
684	756
684	1
684	204
684	83
684	50
684	64
684	520
684	237
684	118
684	73
684	732
684	67
684	178
684	238
684	722
684	217
684	401
684	218
684	181
684	376
684	8
684	186
684	48
684	210
684	728
684	147
684	781
684	393
684	88
684	173
684	596
684	100
684	483
684	265
684	158
684	381
684	435
684	70
684	371
684	365
684	409
684	98
684	111
684	15
684	763
684	38
684	208
684	172
684	161
684	553
684	49
684	82
684	117
684	1301
684	225
684	121
684	395
684	692
684	402
684	1028
684	66
684	215
684	716
684	477
684	252
684	408
684	411
195	234
195	751
195	55
195	1030
195	809
195	921
195	636
195	771
195	135
195	154
195	433
195	325
195	14
195	59
195	384
195	47
195	227
195	1417
195	152
195	753
195	1416
195	313
195	469
195	651
195	841
195	143
195	358
195	1014
195	451
195	93
195	235
195	264
195	831
195	982
195	779
195	326
195	387
195	273
195	431
195	797
195	61
195	508
195	413
195	1084
195	507
195	373
195	615
195	46
195	213
195	60
195	258
195	181
195	407
195	109
195	1089
195	366
195	242
195	1413
195	300
195	134
195	887
195	99
195	276
195	678
195	298
195	740
195	67
195	823
195	591
195	421
195	1193
195	328
195	1414
195	1415
195	1013
195	582
195	265
195	127
636	10
636	596
636	760
636	118
636	25
636	235
636	121
636	258
636	275
636	283
636	15
636	740
636	106
636	1
636	222
636	9
136	647
136	1142
136	747
136	847
136	525
136	276
136	298
136	14
136	124
136	137
136	515
136	283
136	117
136	269
136	275
136	9
136	237
136	286
136	475
136	89
136	303
136	116
136	15
136	204
136	127
136	223
136	318
136	744
136	100
233	640
233	143
233	193
233	504
233	196
233	97
233	261
233	133
233	293
233	371
233	304
233	100
233	23
233	168
233	647
233	828
233	215
233	482
233	498
233	318
233	216
233	187
233	462
233	48
233	511
233	203
233	4
233	644
233	633
233	435
233	174
233	584
233	57
233	205
233	127
233	82
233	495
233	56
233	91
233	1194
233	31
233	64
233	98
233	192
233	313
233	70
233	197
233	275
233	9
233	257
233	499
233	89
233	381
233	208
233	69
233	276
233	958
233	528
233	249
233	191
233	923
233	234
233	375
233	286
233	269
233	357
233	509
233	121
233	129
233	515
233	177
233	8
233	135
233	735
233	432
233	660
233	58
233	194
233	506
233	654
233	204
233	99
233	223
233	418
233	212
233	95
233	588
233	180
747	347
747	183
747	467
747	604
747	133
747	783
747	428
747	11
747	313
747	17
747	659
747	715
747	196
747	582
747	929
747	461
747	481
747	519
747	9
747	1203
747	1134
747	429
747	390
747	222
747	1204
747	85
747	108
747	292
747	625
747	64
747	318
747	1194
747	153
747	945
747	204
747	1170
747	302
747	48
747	234
747	168
747	478
747	231
747	510
747	1015
747	1050
747	287
747	154
747	423
747	303
747	842
747	505
747	56
747	661
747	40
747	608
747	71
747	1142
747	1427
747	726
747	290
747	1659
747	276
747	939
747	648
747	50
747	474
747	663
747	959
747	99
747	210
747	215
747	30
747	985
747	517
747	651
747	835
747	83
747	475
747	430
747	82
747	631
747	88
747	333
747	634
747	1497
747	135
747	21
747	496
747	211
747	485
747	735
747	29
747	736
747	603
747	12
747	675
747	732
747	591
747	192
747	95
747	86
747	1098
747	269
747	507
747	508
747	967
747	178
747	497
747	7
747	286
747	202
747	418
747	111
747	316
747	274
747	190
747	189
747	304
747	409
747	162
747	100
747	525
747	26
747	1225
747	97
747	235
747	433
747	419
747	1246
747	44
747	288
747	163
747	127
747	96
747	320
747	3
747	493
747	129
747	900
747	182
747	8
747	672
747	580
747	194
747	93
747	156
747	31
747	1205
747	357
747	529
747	509
747	174
747	39
747	811
747	558
747	584
747	73
747	511
747	392
747	479
747	653
747	268
747	282
747	875
747	463
747	514
747	443
747	476
747	480
747	180
747	94
747	58
747	1159
747	655
747	23
747	25
747	650
747	1179
747	15
747	179
747	136
747	47
747	185
747	404
747	223
747	195
747	63
747	997
747	1028
747	649
747	181
747	1456
747	427
747	1003
747	258
747	473
747	492
747	483
747	949
747	1375
747	32
747	555
747	28
747	486
747	238
747	596
747	1020
747	176
747	887
747	705
747	116
747	87
747	367
747	1021
747	1
747	488
747	588
747	228
747	109
747	639
747	209
747	70
747	262
747	466
747	693
747	173
747	172
747	462
747	521
747	432
747	132
747	531
747	327
747	494
747	187
833	405
833	447
833	581
833	654
833	919
833	144
833	1181
833	262
833	200
833	93
833	511
833	504
833	58
833	616
833	540
833	441
833	100
833	628
833	38
833	597
833	122
833	157
833	552
833	1019
833	128
833	483
833	378
833	24
833	1012
833	182
833	129
833	670
833	1274
833	591
833	1231
833	12
833	577
833	22
833	663
833	264
833	1210
833	923
833	379
833	745
833	443
833	7
833	150
833	657
833	98
833	50
833	92
833	121
833	1335
833	980
833	434
833	826
833	403
833	474
833	515
833	233
833	186
833	860
833	23
833	325
833	47
833	56
833	238
833	665
833	673
833	227
833	656
833	641
833	160
833	108
833	444
833	288
833	445
833	429
833	452
833	806
833	11
833	455
833	931
833	467
833	435
833	284
833	187
833	191
833	4
833	68
833	684
833	1214
833	1428
833	324
833	430
833	1386
833	195
833	106
833	508
833	234
833	183
833	831
833	517
833	614
833	522
833	328
833	640
833	1353
833	336
833	436
833	1143
833	933
833	198
833	521
833	211
833	1016
833	715
833	344
833	289
833	819
833	546
833	1597
833	526
833	96
833	185
833	111
833	1118
833	649
833	636
833	30
833	151
833	448
833	202
833	219
833	977
833	861
833	55
833	1071
833	451
833	427
833	642
833	203
833	1149
833	664
833	1070
833	201
833	250
833	13
833	646
833	647
833	76
833	475
833	69
833	385
833	523
833	159
833	396
833	230
833	761
833	302
833	72
833	518
833	217
833	179
833	204
833	249
833	89
833	1017
833	460
833	410
833	53
833	28
833	679
833	177
833	854
833	506
833	346
833	655
833	671
833	675
833	188
833	153
833	156
833	558
833	544
833	161
833	824
833	431
833	67
833	802
833	79
833	645
833	653
833	175
833	488
833	696
833	152
833	320
833	928
833	176
833	576
833	273
833	340
833	449
833	1628
833	943
833	742
833	172
833	181
833	347
833	174
833	32
833	271
833	235
833	367
240	340
240	349
240	898
240	272
240	895
240	358
240	301
240	286
240	307
240	353
240	269
240	343
240	245
240	300
240	242
240	751
240	289
240	302
240	873
240	748
135	185
135	77
135	327
135	229
135	234
135	33
135	321
135	581
135	183
135	233
135	12
135	56
135	443
135	230
135	603
135	5
135	227
135	54
135	943
135	79
135	431
135	23
135	55
135	504
135	566
135	379
135	226
135	39
135	744
135	38
135	939
135	98
135	802
135	260
135	258
135	325
135	176
135	173
135	1208
135	564
135	288
135	1046
135	475
135	1217
135	265
250	264
250	144
250	357
250	418
250	1014
250	333
250	196
250	293
250	993
250	135
250	81
250	240
250	44
250	96
250	321
250	1073
250	140
250	754
250	159
250	237
250	328
250	404
250	234
250	1426
250	751
250	458
250	154
250	98
250	174
250	991
250	195
250	123
250	117
250	71
250	477
250	288
250	496
250	629
250	322
250	111
250	678
250	100
250	485
250	238
250	244
250	596
250	367
250	742
250	183
250	324
250	294
250	469
250	7
250	527
250	223
250	89
250	151
250	276
250	474
250	259
250	1199
250	200
250	116
250	313
250	1161
250	271
250	943
250	64
250	175
250	1137
250	92
250	948
250	338
250	933
250	56
250	688
250	191
250	28
250	2
250	95
250	687
250	331
250	676
250	325
250	984
250	204
250	153
250	50
250	628
250	480
250	378
250	1
250	260
250	248
250	323
250	270
250	55
250	181
339	134
339	191
339	213
339	317
339	91
339	217
339	525
339	415
339	58
339	402
339	475
339	509
339	709
339	702
339	530
339	636
339	663
339	80
339	30
339	823
339	9
339	50
339	327
339	614
339	568
339	346
339	86
339	449
339	216
339	238
339	74
339	485
339	205
339	265
339	161
339	451
339	719
339	25
339	522
339	286
339	150
339	211
339	101
339	631
339	770
339	469
339	257
339	234
339	45
339	181
339	188
339	170
339	961
339	423
339	180
339	29
339	250
339	488
339	157
339	132
339	650
339	32
339	160
339	55
339	506
339	226
339	649
339	73
339	434
339	56
339	121
339	856
339	582
339	498
339	22
339	480
339	737
339	1
339	7
339	176
339	222
339	127
339	546
339	179
339	89
339	1139
339	154
339	151
339	739
339	28
339	1113
339	126
339	235
339	518
339	1404
339	1248
339	97
339	53
339	194
339	549
339	130
339	209
339	143
339	145
339	675
339	196
339	1017
339	1135
339	288
339	550
339	404
339	607
339	1526
339	845
339	81
339	88
339	197
339	4
339	214
339	200
339	1039
339	248
339	208
339	173
339	343
339	383
339	504
339	447
339	23
339	527
339	163
339	159
339	42
339	735
339	187
339	198
339	939
339	1267
339	1110
339	589
339	229
339	640
339	427
339	94
339	269
339	174
339	192
339	642
339	156
339	436
339	276
339	357
339	240
339	82
339	693
339	1153
339	218
339	431
339	241
339	396
339	942
339	199
339	478
339	433
339	410
339	231
339	347
339	1301
339	790
339	186
339	403
339	1030
339	11
339	1244
339	92
339	144
339	657
339	183
339	190
339	655
339	64
339	1258
339	167
339	76
339	637
339	660
339	516
339	673
339	47
339	654
339	65
339	678
339	474
339	135
339	12
339	772
339	515
339	100
339	185
339	632
339	69
339	98
339	380
339	5
837	225
837	280
837	763
837	283
837	278
837	926
837	717
837	476
837	181
837	25
837	276
837	20
837	111
837	762
837	274
837	1009
837	16
837	1047
837	596
837	950
837	250
837	286
837	13
837	628
837	9
837	220
837	19
837	1049
837	275
837	328
837	934
837	15
837	277
837	151
837	285
837	222
837	125
837	740
730	332
730	117
730	268
730	873
730	410
730	246
730	815
730	7
730	322
730	276
730	298
730	742
730	151
730	294
730	257
730	100
730	685
730	269
730	327
730	340
730	237
730	748
730	328
730	301
730	181
730	109
730	50
730	1012
730	875
730	125
730	273
730	248
399	1246
399	69
399	53
399	24
399	825
399	100
399	1135
399	238
399	1192
399	96
399	395
399	79
399	219
399	383
399	809
399	781
399	291
399	526
399	55
399	1086
399	747
399	720
399	229
399	71
399	540
399	301
399	118
399	218
399	41
399	597
399	1220
399	722
399	735
399	919
399	68
399	820
399	323
399	372
399	665
399	1232
399	232
399	227
399	235
399	658
399	1541
399	273
399	1542
399	1184
399	343
399	307
399	182
399	568
399	84
399	541
399	1042
399	328
399	187
399	1459
399	320
399	501
399	470
399	57
399	233
399	148
399	426
399	222
399	890
399	774
399	959
399	551
399	195
399	157
399	1170
399	738
399	230
399	465
399	215
399	73
399	845
399	471
399	575
399	431
399	1139
399	824
399	223
399	121
399	332
399	26
399	508
399	419
399	1090
399	225
399	102
399	302
399	11
399	114
399	407
399	42
399	506
399	628
399	412
399	97
399	143
399	587
399	54
399	338
399	746
399	188
399	228
399	15
399	128
399	455
399	29
399	147
399	578
399	754
399	77
399	389
399	94
399	268
399	561
399	496
399	172
399	546
399	511
399	1396
399	1207
399	542
399	50
399	379
399	1393
399	1210
399	241
399	318
399	975
399	742
399	432
399	436
399	1060
399	378
399	1219
399	127
399	364
399	693
399	454
399	295
399	80
399	651
399	813
399	400
399	660
399	402
399	1074
399	264
399	176
399	1035
399	1137
399	246
399	806
399	151
399	817
399	727
399	153
399	139
399	1401
399	196
399	444
399	1279
399	22
399	560
399	39
399	340
399	140
399	380
399	231
399	66
399	168
399	237
399	1540
399	174
399	5
399	132
399	673
399	545
399	144
399	591
399	1228
399	274
399	117
399	43
399	794
399	423
399	450
399	633
399	90
399	1480
399	64
399	527
399	552
399	48
399	356
399	760
399	588
399	710
399	173
399	941
399	977
399	550
399	214
399	554
399	1314
399	566
399	576
399	1179
399	401
399	559
399	154
399	56
399	186
399	1217
399	1543
399	33
399	98
399	28
399	475
399	969
399	161
399	110
399	62
399	986
399	289
399	755
399	564
399	433
399	226
399	123
399	386
399	203
399	404
399	385
399	93
399	549
399	462
399	403
399	1244
399	769
399	175
399	91
399	744
399	276
399	239
399	1274
399	768
399	420
399	210
399	772
399	155
515	687
515	322
515	310
515	307
515	344
515	300
515	294
515	259
515	271
515	1430
515	243
515	332
515	342
515	289
515	288
515	347
515	258
515	286
515	682
515	329
515	313
515	750
515	538
515	690
515	893
515	900
515	315
515	748
515	1399
515	340
515	323
515	269
133	308
133	306
133	313
133	316
133	343
133	751
133	750
133	902
133	243
133	258
133	286
133	271
133	294
133	300
133	272
133	322
133	269
133	346
133	304
133	245
133	315
133	260
762	475
762	815
762	302
762	955
762	709
762	173
762	875
762	116
762	1662
762	274
762	934
762	111
762	270
762	749
762	256
762	237
762	515
156	124
156	318
156	211
156	480
156	48
156	276
156	510
156	357
156	528
156	651
156	83
156	205
156	346
156	137
156	22
156	157
156	772
156	180
156	655
156	187
156	641
156	806
156	178
156	100
156	11
156	58
156	12
156	77
156	64
156	192
156	9
853	873
853	300
853	258
853	332
853	330
853	264
853	299
853	880
853	270
853	334
853	323
853	690
853	328
853	333
853	678
853	245
853	294
853	748
853	358
853	331
853	302
853	301
853	340
853	288
853	327
853	682
853	304
853	322
853	877
853	688
853	1280
853	326
853	261
830	403
830	554
830	424
830	134
830	613
830	230
830	739
830	49
830	231
830	98
830	627
830	211
830	241
830	399
830	203
830	151
830	751
830	193
830	474
830	183
830	2
830	204
830	692
830	15
830	310
830	126
830	837
830	96
830	177
830	173
830	95
830	498
830	205
830	89
830	696
830	195
830	568
830	172
830	968
830	1
830	22
830	732
830	174
830	71
830	226
830	510
830	402
830	187
830	194
830	431
830	225
830	834
830	925
830	227
830	566
830	550
830	648
830	501
830	633
830	69
830	197
830	487
830	79
830	265
830	99
830	50
830	418
830	451
830	790
830	511
830	82
830	313
830	661
830	233
830	229
830	427
830	181
830	176
830	294
830	413
830	56
830	820
830	432
830	435
830	484
830	612
615	268
615	527
615	683
615	70
615	28
615	215
615	179
615	518
615	300
615	153
615	357
615	526
615	211
615	170
615	213
615	988
615	736
615	514
615	1192
615	83
615	275
615	190
615	428
615	22
615	216
615	640
615	262
615	14
615	127
615	289
615	855
615	303
615	97
615	208
615	792
615	732
615	286
615	302
615	187
615	135
615	194
615	325
615	638
615	197
615	519
615	886
615	660
615	699
615	529
615	69
615	523
615	666
615	631
615	435
615	271
615	708
615	462
615	528
615	192
615	517
615	1128
615	521
615	238
615	678
615	707
615	178
615	1021
615	175
615	949
615	26
615	160
615	48
615	209
615	735
615	13
615	306
615	72
615	259
615	87
615	629
615	199
615	427
615	937
536	88
536	229
536	215
536	234
536	1140
536	993
536	570
536	584
536	153
536	141
536	549
536	274
536	403
536	210
536	82
536	190
536	443
536	386
536	163
536	139
536	694
536	54
536	568
536	470
536	49
536	52
536	1063
536	1
536	168
536	179
536	204
536	148
536	97
536	174
536	380
536	486
536	614
536	707
536	510
536	648
536	73
536	387
536	80
536	436
536	450
536	778
536	136
536	493
536	189
536	87
536	271
536	402
536	498
536	435
536	227
536	724
536	95
536	487
536	228
536	736
536	546
536	404
536	662
536	631
536	79
536	183
536	1050
536	8
536	164
536	10
536	283
536	197
536	304
536	199
536	144
536	132
536	169
536	96
536	22
536	419
536	582
536	603
536	501
536	209
536	740
536	496
536	405
536	720
536	1115
536	69
536	588
536	62
536	70
536	195
536	188
536	449
536	151
536	265
536	416
536	727
536	472
536	480
536	84
536	167
536	275
536	181
536	500
536	222
536	596
536	180
536	50
536	2
536	378
536	83
536	205
536	432
536	561
536	121
536	143
536	708
536	191
536	318
536	427
536	474
536	389
536	172
536	566
536	21
536	511
536	679
536	86
927	158
927	380
927	866
927	623
927	1089
927	403
927	410
927	222
927	928
927	775
927	174
927	405
927	278
927	501
927	111
927	125
927	257
927	328
927	79
927	421
927	409
927	29
927	426
927	535
927	738
927	395
927	420
927	761
927	588
927	237
927	118
927	24
927	625
927	1014
927	552
927	155
927	402
927	91
927	422
927	1016
927	11
927	99
927	38
927	404
927	820
927	541
927	417
927	456
927	1047
927	72
927	143
927	64
927	94
927	121
927	393
927	67
927	227
927	477
927	742
927	168
927	819
927	763
927	1
927	69
927	204
927	1035
927	8
927	374
927	288
927	449
927	1178
927	780
927	132
927	105
927	240
927	210
927	217
927	228
927	1095
927	255
927	25
927	138
927	412
927	154
927	28
927	274
927	1229
927	756
927	739
927	63
927	1093
927	300
927	82
927	385
927	755
927	7
447	202
447	175
447	535
447	117
447	294
447	15
447	144
447	85
447	234
447	118
447	183
447	298
447	248
447	276
447	28
447	211
447	293
447	258
447	22
447	760
447	252
447	148
447	121
447	260
447	91
447	498
447	181
447	158
447	981
447	597
447	153
447	447
447	201
447	111
447	1016
447	284
447	1132
447	12
447	508
447	100
447	410
447	98
447	484
447	147
447	274
447	546
447	748
447	24
447	1
447	591
447	1034
447	470
447	742
447	7
447	281
447	96
447	228
447	411
447	204
447	1142
447	150
447	135
447	69
447	265
447	65
447	55
447	1028
447	483
447	762
447	31
447	17
447	926
447	678
447	278
447	290
447	83
447	1315
447	288
447	582
447	79
447	235
447	157
447	223
447	300
447	123
447	27
447	367
447	9
447	544
447	200
447	56
447	231
447	952
447	257
447	435
447	89
447	25
447	405
447	206
447	770
447	13
447	132
447	471
447	469
447	1326
447	176
447	282
447	151
447	218
447	963
447	156
447	642
447	559
154	185
154	258
154	143
154	89
154	479
154	496
154	919
154	640
154	515
154	488
154	137
154	641
154	651
154	302
154	806
154	324
154	642
154	945
154	474
154	414
154	357
154	238
154	874
154	708
154	288
154	462
154	61
154	480
154	333
154	187
154	200
154	211
154	527
154	152
154	523
154	174
154	182
154	482
154	197
154	484
154	191
566	110
566	388
566	89
566	443
566	763
566	521
566	2
566	177
566	660
566	260
566	856
566	742
566	173
566	1028
566	385
566	523
566	215
566	15
566	83
566	204
566	1437
566	95
566	133
566	156
566	959
566	192
566	69
566	136
566	182
566	465
566	508
566	20
566	172
566	496
566	207
566	684
566	143
566	64
566	327
566	144
566	511
566	219
566	1193
566	461
566	575
566	56
566	693
566	163
566	33
566	705
566	117
566	736
566	77
566	82
566	50
566	582
566	137
566	423
566	49
566	127
566	78
566	273
566	378
566	529
566	462
566	213
566	240
566	576
566	485
566	467
566	265
566	631
566	1065
566	154
566	512
566	31
566	228
566	134
566	54
566	479
566	25
566	651
566	230
566	7
566	88
566	161
566	96
566	122
566	168
566	395
566	155
566	235
566	203
566	8
566	11
566	727
566	288
566	186
566	755
566	403
566	121
566	100
566	707
566	1044
566	135
566	97
566	165
566	98
566	170
566	70
566	685
566	210
566	234
566	387
566	12
566	86
566	480
566	386
566	231
566	191
566	71
709	227
709	28
709	554
709	82
709	379
709	203
709	29
709	172
709	233
709	50
709	849
709	738
709	569
709	550
709	405
709	451
709	470
709	195
709	27
709	769
709	4
709	385
709	508
709	127
709	250
709	217
709	7
709	515
709	215
709	823
709	56
709	64
709	697
709	69
709	182
709	472
709	561
709	200
709	288
709	295
709	363
709	176
709	816
709	282
709	672
709	403
709	192
709	693
709	728
709	1
709	597
709	183
709	174
709	423
709	431
709	228
709	576
709	559
709	628
709	546
709	402
709	187
709	118
709	633
709	293
709	89
709	427
709	181
709	229
709	747
709	833
709	161
709	781
709	841
709	234
709	214
709	541
709	92
709	79
709	145
709	860
709	129
709	144
709	218
709	11
709	1218
709	5
709	230
709	739
709	651
709	53
709	413
709	125
709	2
709	294
709	318
709	567
709	452
709	939
709	727
709	1188
709	441
709	1059
709	447
709	578
709	959
709	825
709	164
709	637
709	636
709	859
709	155
72	77
72	220
72	222
72	380
72	79
72	526
72	5
72	68
72	226
72	135
72	89
72	466
72	100
72	271
72	23
72	443
72	177
72	58
72	1051
72	98
72	582
72	180
72	127
72	161
72	204
72	229
72	318
72	708
72	423
72	792
72	1
72	187
72	9
72	566
72	198
72	647
72	64
72	45
72	402
72	1110
72	195
72	844
72	212
72	188
72	81
72	56
72	476
72	553
72	28
72	603
72	550
72	479
72	117
72	234
72	480
72	38
72	97
72	435
72	471
72	642
72	228
72	685
72	356
72	357
72	520
72	509
72	528
72	134
72	181
72	241
72	770
72	972
72	591
72	82
72	121
72	530
72	405
72	699
72	1147
72	684
72	118
72	525
72	403
72	427
72	48
72	172
72	96
72	628
72	129
72	69
72	174
72	147
72	124
72	493
72	203
72	230
72	196
72	504
72	521
72	194
72	182
72	568
72	87
72	50
72	176
72	654
72	679
72	527
72	382
72	649
72	644
273	286
273	313
273	316
273	311
273	307
273	304
273	347
273	345
273	315
273	321
273	272
273	328
273	338
273	896
273	319
273	303
273	690
273	902
258	333
258	328
258	748
258	893
258	315
258	332
258	751
258	286
258	243
258	311
258	272
258	690
258	323
258	326
258	873
258	288
258	310
258	258
258	294
286	289
286	1035
286	1101
286	198
286	168
286	195
286	16
286	278
286	248
286	1
286	768
286	235
286	174
286	473
286	143
286	250
286	234
286	1375
286	419
286	44
286	1182
286	818
286	100
286	881
286	386
286	413
286	25
286	472
286	3
286	372
286	1075
286	224
286	402
286	99
286	325
286	240
286	988
286	127
286	268
286	340
286	191
286	257
286	1051
286	154
286	761
286	689
286	401
286	382
286	790
286	147
286	175
286	739
286	179
286	1105
286	1265
286	139
286	217
286	417
286	123
286	72
286	629
286	929
286	742
286	746
286	232
286	652
286	42
286	741
286	709
286	173
286	476
286	1503
286	50
286	13
286	14
286	309
286	41
286	73
286	216
286	77
286	96
286	734
286	1079
286	341
286	527
286	1239
286	766
286	285
286	805
286	749
286	955
286	1194
286	800
286	1113
286	628
286	137
286	762
286	83
286	133
286	1060
286	1038
286	258
286	821
286	884
286	462
286	215
286	949
286	737
286	90
286	367
286	1316
286	288
286	535
286	732
286	55
286	274
286	425
286	17
286	537
286	348
286	229
286	107
286	952
286	184
286	29
286	1140
286	47
286	204
286	171
286	339
286	763
286	161
286	20
286	792
286	1288
286	856
286	336
286	710
286	1053
286	1411
286	475
286	574
286	209
286	312
286	1502
286	888
286	169
286	379
286	931
286	40
286	117
286	640
286	423
286	1286
286	186
286	577
286	707
286	512
286	433
286	330
286	172
286	97
286	1133
286	301
286	34
286	155
286	396
286	1118
286	176
286	214
286	57
286	290
286	405
286	354
286	202
286	151
286	88
286	275
286	658
286	465
286	116
286	228
286	357
286	824
286	969
286	132
286	125
286	167
286	329
286	82
286	946
286	431
286	153
286	4
286	683
286	546
286	455
286	394
286	747
286	597
286	554
286	724
286	210
286	85
286	11
286	819
286	53
286	588
286	393
286	1074
286	1039
286	298
286	483
286	121
286	142
286	158
286	101
286	181
286	778
286	280
286	404
286	91
286	345
286	559
286	993
286	231
286	277
286	111
286	70
286	237
286	164
286	636
116	252
116	479
116	268
116	1214
116	349
116	250
116	914
116	1039
116	390
116	355
116	902
116	47
116	1257
116	301
116	1226
116	300
116	880
116	1013
116	137
116	678
116	180
116	1142
116	310
116	322
116	607
116	888
116	1254
116	297
116	596
116	187
116	903
116	750
116	324
116	271
116	203
116	264
116	325
116	20
116	127
116	270
116	1082
116	323
116	1134
116	145
116	124
116	730
116	193
116	532
116	221
116	7
116	306
116	269
116	285
116	294
116	286
116	519
116	199
116	259
116	350
116	640
116	347
116	900
116	582
116	905
116	760
116	650
116	311
116	326
116	56
116	313
116	185
116	1220
116	272
116	11
116	304
116	50
116	872
116	195
116	887
116	248
116	896
116	302
116	116
116	421
116	299
116	333
116	751
116	1020
116	879
116	806
116	515
116	289
116	895
116	257
116	916
116	246
116	1253
116	661
116	253
116	275
116	511
116	1256
116	993
116	344
116	942
116	258
116	181
116	604
116	484
116	603
116	690
116	1216
116	315
116	295
116	1244
554	596
554	819
554	13
554	864
554	79
554	230
554	1012
554	289
554	597
554	265
554	215
554	95
554	866
554	191
554	820
554	67
554	7
554	174
554	576
554	742
554	1042
554	318
554	220
554	204
554	542
554	288
554	228
554	77
554	845
554	22
554	732
554	121
554	70
554	82
554	378
554	432
554	678
554	172
554	69
554	31
554	66
554	1028
554	770
554	100
554	209
554	222
554	28
554	125
554	526
554	111
554	68
554	245
554	173
554	1284
554	728
554	227
554	15
554	11
554	1041
554	294
554	527
554	717
554	43
554	939
554	151
554	273
554	132
554	735
554	595
554	87
554	21
554	1
554	284
554	8
554	582
554	696
554	275
554	546
554	218
554	179
554	405
554	98
554	411
554	50
554	86
554	756
554	282
554	14
554	202
554	56
554	58
554	181
169	300
169	50
169	260
169	172
169	603
169	879
169	321
169	258
169	174
169	429
169	204
169	134
169	301
169	243
169	482
169	525
169	308
169	480
169	443
169	211
169	483
169	606
169	495
169	604
169	499
169	498
169	331
169	199
169	133
169	213
169	684
63	813
63	258
63	268
63	322
63	109
63	294
63	676
63	1137
63	1009
63	405
63	116
63	251
63	412
63	993
63	288
63	924
63	121
63	276
63	948
63	250
63	979
63	333
63	137
63	952
63	828
63	25
63	1138
63	473
63	242
63	282
63	3
63	14
63	591
63	480
63	10
63	106
63	596
63	269
63	1007
63	283
63	713
63	1010
63	108
63	284
63	1012
63	150
63	289
63	408
63	287
63	20
63	321
63	1028
63	475
63	126
63	111
63	237
63	1
63	929
63	748
63	301
63	277
63	285
63	225
63	6
63	741
63	222
63	100
63	508
63	181
63	255
63	546
63	1011
63	13
63	323
63	306
637	936
637	286
637	235
637	690
637	363
637	744
637	741
637	717
637	515
637	25
637	24
637	328
637	325
637	117
637	1028
637	934
637	148
637	100
637	596
637	7
637	244
637	300
637	323
637	291
637	111
637	333
637	50
637	408
637	405
637	127
637	1033
637	282
637	1344
637	866
637	831
637	274
637	1102
637	676
637	1233
637	268
637	283
637	15
637	322
637	125
637	245
637	847
637	13
637	460
637	926
637	873
637	1244
637	922
637	833
637	150
637	237
637	338
637	1258
637	280
637	255
637	740
637	273
637	285
637	471
637	535
637	685
637	293
637	181
637	1060
637	742
637	151
637	9
637	1011
637	931
637	147
637	829
637	475
637	1226
637	301
637	257
637	544
637	1
637	149
637	1284
637	225
106	9
106	15
106	14
106	223
106	712
106	162
106	274
106	1028
106	684
106	194
106	97
106	285
106	495
106	647
106	70
106	107
106	165
106	100
106	286
106	435
106	59
106	22
106	25
106	210
106	1
106	313
106	584
106	463
106	161
106	216
106	244
106	211
106	8
106	582
106	1115
106	703
106	318
106	86
106	1242
106	45
106	699
106	273
106	956
106	64
106	88
106	82
106	280
106	48
106	275
106	69
106	526
106	566
746	228
746	226
746	230
746	204
746	2
746	196
746	117
746	597
746	172
746	127
746	550
746	184
746	431
746	385
746	685
746	231
746	578
746	202
746	144
746	68
746	546
746	174
746	232
746	405
746	265
746	8
746	208
746	83
746	135
746	79
746	399
746	568
746	684
746	1
746	403
746	423
746	38
746	157
746	720
746	50
746	449
746	176
746	121
746	24
746	96
746	62
746	183
746	186
746	56
746	566
746	210
746	523
746	455
746	168
746	128
312	463
312	222
312	813
312	491
312	144
312	612
312	525
312	1203
312	131
312	495
312	654
312	208
312	484
312	98
312	166
312	615
312	179
312	593
312	83
312	269
312	730
312	157
312	121
312	671
312	8
312	188
312	1039
312	479
312	205
312	589
312	633
312	432
312	223
312	524
312	493
312	847
312	207
312	1299
312	603
312	414
312	604
312	489
312	124
312	480
312	175
312	443
312	486
312	97
312	1451
312	265
312	195
312	1021
312	28
312	50
312	275
312	490
312	521
312	211
312	503
312	96
312	513
312	837
312	228
312	435
312	614
312	673
312	178
312	647
312	136
312	430
312	100
312	194
312	478
312	153
312	836
312	213
312	408
312	613
312	199
312	482
312	419
312	428
312	632
312	499
312	487
312	4
312	197
312	740
312	659
312	588
312	610
312	181
312	713
312	967
312	91
312	537
312	618
312	1020
312	656
312	71
312	23
312	372
312	382
312	584
312	641
312	173
312	601
312	1516
312	505
312	427
312	498
312	488
312	557
312	214
312	653
312	434
312	531
312	835
312	526
312	648
312	602
312	921
312	515
312	625
312	52
312	1172
312	132
312	133
312	945
312	1116
312	186
312	607
312	209
312	1298
312	14
312	57
312	640
312	507
312	1124
312	675
312	485
312	660
312	543
312	638
312	520
312	1167
312	596
312	483
312	276
312	511
312	692
312	705
312	530
312	180
312	204
312	474
312	510
312	1126
312	494
312	573
312	172
312	496
312	177
312	516
312	661
312	114
312	609
312	69
312	154
312	514
312	190
312	639
312	1050
312	657
312	608
312	174
312	676
312	169
312	191
710	327
710	156
710	333
710	202
710	134
710	182
710	277
710	172
710	656
710	116
710	303
710	89
710	419
710	310
710	340
710	751
710	22
710	302
710	210
710	56
710	100
710	343
710	264
710	627
710	887
710	418
710	301
710	174
710	1
710	192
710	234
710	501
710	268
710	223
710	294
710	79
710	258
710	135
710	127
710	432
710	300
710	1101
710	204
710	92
710	23
710	179
710	180
710	313
710	1039
710	420
710	12
710	200
710	95
710	654
710	64
710	99
710	299
710	603
710	173
710	142
710	334
710	185
710	282
710	50
710	269
710	181
710	720
710	510
710	874
710	265
878	481
878	921
878	98
878	427
878	1092
878	318
878	549
878	531
878	371
878	9
878	283
878	692
878	116
878	956
878	97
878	181
878	265
878	172
878	582
878	285
878	212
878	213
878	174
878	321
878	166
878	509
878	1121
878	496
878	14
878	662
878	22
878	100
878	237
878	498
878	690
878	286
878	707
878	57
878	732
878	755
878	45
878	923
878	530
878	553
878	71
878	60
878	640
878	663
878	1039
878	317
878	655
878	19
878	151
878	236
878	66
878	736
878	432
878	179
878	51
878	416
878	1041
878	82
878	165
878	276
878	699
878	59
878	99
878	584
878	88
878	154
878	153
878	588
878	126
878	642
878	140
878	739
878	740
878	175
878	485
878	517
878	274
878	194
878	781
878	136
878	435
878	191
878	393
878	64
878	111
878	15
878	482
878	1149
878	50
878	170
878	20
878	70
878	215
878	512
878	8
878	216
878	796
878	451
878	225
878	1065
878	155
878	1100
878	269
878	197
190	15
190	300
190	628
190	237
190	100
190	281
190	291
190	327
190	823
190	148
190	310
190	24
190	405
190	471
190	222
190	685
190	696
190	539
190	333
190	118
190	544
190	245
190	546
190	717
190	977
190	974
190	9
190	276
190	895
190	288
190	273
190	508
190	282
190	147
190	748
190	751
190	1313
190	340
190	989
190	328
190	826
190	7
190	272
190	258
190	121
190	354
190	363
190	269
190	591
664	7
664	603
664	450
664	132
664	425
664	480
664	73
664	509
664	631
664	53
664	302
664	1101
664	1109
664	215
664	174
664	525
664	187
664	654
664	180
664	154
664	318
664	153
664	494
664	356
664	715
664	660
664	328
664	268
664	497
664	481
664	518
664	95
664	449
664	655
664	212
664	52
664	514
664	160
664	57
664	197
664	636
664	77
664	4
664	192
664	433
664	582
664	79
664	97
664	54
664	659
664	321
664	118
664	285
664	152
664	466
664	792
664	1098
664	12
664	175
664	96
664	194
664	478
664	678
664	69
664	186
664	276
664	566
664	484
664	71
664	664
664	705
664	149
664	89
664	513
664	81
664	229
664	479
664	483
664	151
664	627
664	778
664	531
664	522
664	191
664	692
664	169
664	234
664	183
664	202
664	458
664	735
664	764
664	732
664	182
664	317
664	227
664	230
664	367
664	770
664	529
664	504
664	469
664	64
664	1090
664	717
664	47
664	326
664	50
664	482
664	134
664	56
664	137
664	237
664	179
664	708
664	684
664	14
664	427
664	70
664	611
664	196
664	92
664	176
664	805
664	22
664	222
664	31
664	431
664	209
664	162
664	496
664	100
664	724
664	673
930	255
930	286
930	8
930	411
930	763
930	1
930	690
930	405
930	283
930	107
930	288
930	274
930	176
930	705
930	175
930	1315
930	265
930	300
930	845
930	116
930	523
930	100
930	455
930	45
930	237
930	651
930	143
930	275
930	121
930	235
930	1010
930	282
930	106
930	240
930	257
930	126
930	244
930	269
930	1048
930	117
930	14
930	410
930	64
930	165
930	148
930	709
930	151
930	50
930	238
930	756
930	16
941	1007
941	408
941	273
941	993
941	455
941	181
941	919
941	298
941	1
941	358
941	15
941	147
941	763
941	117
941	300
941	222
941	475
941	258
580	7
580	286
580	257
580	825
580	294
580	300
580	181
580	249
580	288
580	405
580	748
580	329
580	222
580	123
580	125
580	252
580	250
580	358
580	546
580	50
580	455
580	1
580	258
580	147
580	148
580	100
580	289
580	15
580	271
580	1028
580	282
580	343
580	348
580	3
580	866
580	1014
580	25
580	323
580	829
617	607
617	563
617	436
617	179
617	670
617	136
617	498
617	175
617	1187
617	488
617	269
617	100
617	17
617	565
617	611
617	860
617	606
617	519
617	567
617	496
617	217
617	170
617	816
617	647
617	53
617	675
617	767
617	134
617	604
617	868
617	7
617	646
617	1612
617	854
617	573
617	774
617	185
617	855
617	1019
617	132
617	648
617	1073
617	859
617	427
617	345
617	452
617	582
617	396
617	184
617	443
617	453
617	302
617	234
617	98
617	89
617	200
617	446
617	440
617	653
617	429
617	413
617	192
617	294
617	201
617	672
617	515
617	441
617	635
617	668
617	74
617	288
617	313
617	644
617	667
617	164
617	145
617	447
617	637
617	475
617	1316
617	448
617	674
617	56
617	559
617	590
617	357
617	183
617	1021
65	660
65	216
65	196
65	185
65	661
65	778
65	318
65	135
65	56
65	676
65	294
65	806
65	514
65	197
65	237
65	210
65	9
65	64
65	25
65	476
65	531
65	28
65	215
65	1041
65	427
65	735
65	168
65	73
65	98
65	70
65	365
65	63
65	1142
65	97
65	48
65	88
65	423
65	77
65	1044
65	194
65	655
65	65
65	736
65	15
65	582
65	651
65	258
65	66
65	238
65	239
65	1129
65	121
65	328
65	1
65	179
65	392
65	471
65	69
65	87
65	526
65	211
65	47
65	511
65	50
160	187
160	408
160	4
160	952
160	484
160	455
160	410
160	589
160	461
160	234
160	483
160	169
160	123
160	237
160	412
160	153
160	825
160	1134
160	55
160	693
160	488
160	430
160	328
160	933
160	531
160	864
160	135
160	124
160	56
160	282
160	192
160	474
160	1142
160	100
160	228
160	230
160	126
160	955
160	9
160	447
160	604
160	50
160	174
160	185
160	497
160	11
160	458
160	1012
160	719
160	1197
160	770
160	969
160	293
160	276
160	182
160	129
160	762
160	285
160	157
160	844
160	202
160	213
160	209
160	926
160	160
160	195
160	218
160	432
160	109
160	1073
160	273
160	302
160	1223
160	1016
160	628
160	7
160	211
160	79
160	248
160	93
160	463
160	922
160	21
160	763
160	118
160	462
160	325
160	127
160	288
160	117
160	640
160	514
160	168
160	508
160	832
160	151
457	949
457	370
457	118
457	238
457	202
457	318
457	276
457	755
457	52
457	1028
457	83
457	96
457	179
457	433
457	831
457	401
457	1030
457	69
457	235
457	623
457	214
457	660
457	144
457	50
457	172
457	127
457	708
457	395
457	122
457	231
457	758
457	192
457	540
457	209
457	240
457	956
457	38
457	197
457	56
457	356
457	164
457	62
457	775
457	168
457	4
457	156
457	94
457	275
457	176
457	692
457	742
457	219
457	227
457	566
457	89
457	82
457	792
457	9
457	225
457	157
457	568
457	664
457	125
457	185
457	629
457	462
457	265
457	531
457	229
457	411
457	423
457	218
457	931
457	285
457	1037
457	252
457	744
457	469
457	195
457	584
457	258
457	137
457	720
457	428
457	450
457	239
457	226
457	483
457	458
457	147
457	729
457	243
457	228
457	86
457	161
457	148
457	373
457	88
457	120
457	169
457	655
457	769
457	194
457	65
457	393
457	1047
457	183
457	569
457	234
457	470
457	500
457	628
457	20
457	651
457	366
457	12
457	959
457	485
457	472
457	196
457	934
457	770
457	783
457	241
457	405
457	385
457	294
457	403
457	66
457	135
457	371
457	200
457	48
457	28
457	695
457	559
457	248
457	378
457	114
457	97
457	237
457	1210
457	1221
457	632
457	727
457	160
457	452
457	111
457	717
457	402
457	554
457	117
457	143
457	154
457	98
457	284
457	509
457	658
457	528
457	203
457	155
457	282
457	412
457	1039
457	1119
457	636
457	208
457	368
457	819
457	59
457	549
457	704
457	473
457	451
457	191
457	64
457	121
457	825
457	100
457	588
457	134
457	357
457	722
457	980
457	676
457	15
457	232
457	186
457	25
457	410
457	474
457	182
457	529
457	699
457	11
457	456
457	54
457	47
457	151
457	476
457	845
457	190
457	640
457	70
457	739
457	51
457	948
457	546
457	304
457	133
457	204
457	58
457	222
457	145
457	77
457	180
457	386
457	223
457	871
457	679
457	732
457	22
457	1012
15	18
15	458
15	13
15	292
15	289
15	685
15	285
15	7
15	742
15	283
15	20
15	932
15	286
15	280
15	274
15	409
15	323
15	258
15	696
15	929
15	148
15	297
15	938
15	118
15	225
15	931
15	255
15	301
15	9
15	322
15	252
15	889
15	926
15	754
15	815
15	866
15	748
15	927
15	121
15	307
15	282
15	930
15	127
15	845
15	137
15	411
15	111
15	933
15	749
15	472
15	244
15	308
15	620
15	934
15	678
15	546
15	471
15	473
15	50
15	937
15	676
15	879
15	744
15	181
15	25
15	222
15	275
15	257
15	331
15	928
15	455
15	1
15	864
15	220
15	924
15	303
15	14
15	243
15	291
15	925
15	936
15	300
15	237
15	235
335	271
335	323
335	313
335	355
335	260
335	333
335	322
335	288
335	324
335	245
335	258
335	902
335	347
335	328
335	269
335	305
335	678
335	307
813	259
813	310
813	307
813	358
813	342
813	538
813	751
813	243
813	901
813	877
813	335
813	9
813	300
813	271
813	890
813	294
813	326
813	266
813	750
813	892
813	270
813	263
813	893
813	898
813	304
188	173
188	164
188	928
188	22
188	591
188	69
188	195
188	54
188	66
188	100
188	226
188	628
188	88
188	77
188	161
188	510
188	177
188	792
188	211
188	511
188	205
188	468
188	180
188	233
188	566
188	265
188	96
188	684
188	554
188	218
188	294
188	79
188	121
188	143
188	455
188	673
188	64
188	357
188	13
188	204
188	764
188	199
188	742
188	864
188	1041
188	485
188	483
188	98
188	187
188	174
188	148
188	240
188	470
188	7
188	300
188	181
188	769
188	159
188	651
188	392
188	462
188	5
188	210
188	185
188	484
188	568
188	234
188	118
188	176
188	216
188	326
188	157
188	151
188	237
188	202
188	144
188	419
188	519
188	629
188	38
188	191
188	443
188	28
188	76
188	50
188	259
188	127
188	318
188	162
188	877
724	879
724	329
724	683
724	690
724	299
724	327
724	895
724	266
724	1617
724	873
724	1127
724	678
724	264
724	908
724	1591
724	749
724	288
724	258
724	1176
724	872
724	876
724	347
724	286
724	358
724	906
724	272
724	349
724	1062
724	995
724	909
724	877
724	307
724	331
724	311
724	302
724	898
724	1234
724	268
724	333
724	242
724	300
724	352
724	938
724	1105
724	313
724	338
724	301
724	343
724	305
724	750
724	328
724	361
724	245
724	323
724	988
724	937
724	294
724	322
724	308
724	948
724	326
724	289
724	259
724	346
724	344
724	271
724	269
724	882
724	351
299	378
299	597
299	173
299	264
299	222
299	111
299	509
299	742
299	211
299	496
299	607
299	285
299	954
299	207
299	481
299	7
299	641
299	67
299	747
299	461
299	1073
299	294
299	20
299	28
299	213
299	727
299	501
299	202
299	1
299	1226
299	278
299	513
299	652
299	1074
299	311
299	91
299	182
299	402
299	480
299	114
299	276
299	190
299	10
299	724
299	1227
299	965
299	483
299	1507
299	179
299	485
299	820
299	855
299	919
299	89
299	577
299	728
299	319
299	239
299	662
299	303
299	508
299	100
299	1322
299	99
299	479
299	249
299	318
299	55
299	302
299	393
299	1018
299	347
299	962
299	511
299	283
299	255
299	191
299	702
299	181
299	515
299	13
299	98
299	257
299	45
299	478
299	1021
299	94
299	129
299	710
299	118
299	168
299	12
299	235
299	746
299	274
299	752
299	165
299	17
299	61
299	237
299	198
299	23
299	970
299	289
299	248
299	517
299	300
299	343
299	52
299	1005
299	715
299	271
299	792
299	47
299	241
299	367
299	396
299	101
299	1047
299	185
299	1050
299	615
299	921
299	238
299	204
299	1300
299	1068
299	197
299	212
299	895
299	510
299	305
299	143
299	856
299	399
299	167
299	174
299	1379
299	95
299	244
299	71
299	1132
299	1214
299	25
299	749
299	474
299	175
299	1036
299	634
299	210
299	516
299	251
299	32
299	1258
299	959
299	1103
299	151
299	602
299	270
299	209
299	1506
299	950
299	971
299	72
299	298
299	59
299	88
299	208
299	692
299	50
299	753
299	473
299	433
299	546
299	998
299	229
299	127
299	606
299	240
299	97
299	81
299	83
299	186
299	73
299	216
299	847
299	482
299	4
299	288
299	1141
299	487
299	381
299	137
299	286
299	136
299	228
299	135
299	538
299	955
299	346
299	49
299	435
299	77
299	531
299	166
299	152
299	153
299	778
299	582
299	603
299	418
299	522
299	732
299	384
299	1039
299	484
299	134
299	1020
299	514
299	1119
299	144
299	150
299	916
299	58
581	813
581	100
581	9
581	127
581	515
581	269
581	922
581	224
581	221
581	1353
581	137
581	283
581	844
581	7
581	919
581	222
581	253
581	936
581	50
581	1367
581	285
581	1097
581	275
581	181
545	379
545	99
545	144
545	386
545	449
545	135
545	627
545	177
545	78
545	88
545	541
545	549
545	231
545	729
545	254
545	554
545	226
545	665
545	175
545	204
545	55
545	542
545	403
545	80
545	205
545	173
545	68
545	391
545	271
545	679
545	450
545	164
545	328
545	62
545	413
545	566
545	82
545	73
545	29
545	17
545	142
545	215
545	491
545	431
545	968
545	232
545	161
545	230
545	373
545	168
545	218
545	399
545	155
545	710
545	101
545	751
545	222
545	890
545	139
545	743
545	648
545	384
545	380
545	22
545	98
545	1228
545	546
545	1188
545	208
545	196
545	54
545	551
545	520
545	810
545	79
545	227
545	395
545	219
545	568
545	684
545	378
545	181
545	194
545	575
545	94
545	944
545	474
545	117
545	211
545	188
545	419
545	67
545	89
545	1
545	69
545	31
545	167
545	510
545	229
545	451
545	393
545	388
545	71
545	228
545	680
545	50
545	195
545	25
545	199
545	578
545	266
545	405
545	265
545	633
545	689
545	258
545	569
545	524
545	434
545	176
545	746
545	203
545	447
545	1028
545	739
545	202
545	77
545	423
545	95
545	172
675	311
675	427
675	86
675	242
675	344
675	305
675	891
675	244
675	750
675	272
675	900
675	258
675	347
675	321
675	1653
675	896
675	463
675	531
675	874
675	1255
675	1101
675	318
675	303
675	650
675	286
675	306
675	312
675	269
904	421
904	628
904	173
904	553
904	278
904	289
904	280
904	97
904	202
904	181
904	781
904	328
904	682
904	1041
904	155
904	451
904	1152
904	694
904	724
904	736
904	117
904	300
904	88
904	815
904	111
904	709
904	274
904	237
904	747
904	255
904	1074
904	535
904	402
904	603
904	796
904	216
904	275
904	762
904	732
618	755
618	135
618	133
618	70
618	218
618	204
618	2
618	123
618	238
618	962
618	924
618	151
618	98
618	90
618	1163
618	95
618	216
618	49
618	159
618	131
618	25
618	136
618	82
618	729
618	693
618	196
618	192
618	282
618	367
618	576
618	55
618	265
618	12
618	939
618	955
618	588
618	1071
618	566
618	944
618	127
618	197
618	735
618	176
618	99
618	485
618	172
618	496
618	501
618	202
618	28
618	185
618	214
618	633
618	215
618	150
618	418
618	1039
618	1185
618	9
618	237
618	371
618	52
618	596
618	1
618	11
618	443
618	559
618	203
618	526
618	471
618	763
618	423
618	531
618	77
618	709
618	233
618	93
618	1032
618	4
618	186
618	713
618	1221
618	1066
618	959
618	462
618	22
618	790
618	71
618	468
618	785
618	699
618	7
618	1225
618	1212
618	684
618	182
618	781
618	64
618	1063
618	154
618	148
618	68
618	187
618	313
618	73
618	283
618	79
618	720
618	506
618	117
618	15
618	651
618	378
618	210
618	181
618	477
618	161
618	88
618	191
618	421
618	746
618	356
618	23
618	692
618	193
618	404
618	124
618	44
618	132
618	427
618	966
618	419
618	54
618	183
618	673
618	174
618	628
618	87
618	200
618	276
618	433
618	168
618	697
618	432
618	487
618	470
618	97
618	815
618	100
618	942
618	392
618	403
618	549
618	679
618	609
618	458
618	241
618	195
618	118
618	31
618	507
618	111
618	190
618	385
618	582
618	416
618	550
618	173
618	275
618	234
618	655
618	164
618	705
618	895
20	22
20	742
20	15
20	288
20	204
20	378
20	194
20	181
20	208
20	82
20	274
20	1
20	118
20	174
20	588
20	11
20	50
20	866
20	95
20	151
20	931
20	423
20	357
20	172
20	934
20	94
20	210
20	568
20	496
20	243
20	498
20	121
20	148
20	98
20	678
20	820
20	176
20	405
20	597
20	143
929	515
929	134
929	480
929	429
929	56
929	182
929	135
929	271
929	187
929	419
929	205
929	98
929	28
929	32
929	22
929	517
929	479
929	185
929	654
929	144
929	521
929	172
929	284
929	89
929	50
929	136
929	435
929	276
929	433
929	474
929	195
929	188
929	197
929	100
929	589
929	12
929	423
929	209
929	204
929	483
929	23
134	286
134	678
134	328
134	259
134	323
134	258
134	748
134	300
134	339
134	338
134	15
134	316
134	294
134	313
134	301
134	508
134	269
134	326
134	751
134	302
134	1
824	687
824	678
824	259
824	991
824	989
824	292
824	748
824	289
824	304
824	322
824	323
824	243
824	268
824	321
824	286
824	319
124	226
124	174
124	474
124	7
124	616
124	28
124	173
124	117
124	11
124	209
124	195
124	172
124	166
124	154
124	144
124	50
124	496
124	550
124	168
124	98
218	265
218	648
218	514
218	789
218	657
218	273
218	183
218	186
218	659
218	8
218	4
218	56
218	175
218	47
218	39
218	695
218	153
218	5
218	176
218	288
218	209
218	42
218	516
218	55
218	663
218	173
218	654
218	12
218	269
218	517
218	762
218	712
218	33
218	642
218	466
218	203
218	204
218	23
218	164
218	1073
218	294
218	208
218	98
518	744
518	300
518	866
518	235
518	544
518	118
518	820
518	546
518	471
518	222
518	763
518	236
518	713
518	508
518	1335
518	14
518	129
518	628
518	9
518	240
518	237
518	273
518	147
518	7
518	1114
518	100
518	124
518	1047
518	125
518	289
518	123
518	151
518	864
518	410
518	847
518	10
518	619
518	280
518	1028
518	742
518	284
518	117
518	13
518	829
518	591
518	121
518	291
518	276
518	288
518	547
518	126
518	920
518	405
518	696
518	1079
518	717
518	475
518	685
518	370
377	154
377	294
377	219
377	313
377	100
377	272
377	98
377	288
377	751
377	443
377	268
377	354
377	895
377	338
377	56
377	164
377	323
377	316
377	173
377	689
377	1105
377	200
377	678
377	358
377	682
377	234
377	258
346	216
346	780
346	300
346	294
346	64
346	182
346	1228
346	660
346	92
346	11
346	172
346	31
346	22
346	712
346	96
346	571
346	366
346	944
346	98
346	395
346	673
346	391
346	1135
346	76
346	708
346	56
346	67
346	685
346	241
346	405
346	77
346	743
346	110
346	1258
346	1231
346	291
346	1222
346	181
346	54
346	127
346	684
346	1217
346	967
346	210
346	293
346	403
346	932
346	164
346	616
346	211
346	520
346	89
346	385
346	151
346	566
346	184
346	597
346	213
346	582
346	175
346	365
346	147
346	1210
346	226
346	72
346	173
346	273
346	259
346	455
346	50
346	318
346	176
346	159
346	250
346	232
346	748
346	636
346	658
346	472
346	33
346	187
346	1188
346	470
346	117
346	188
346	215
346	97
346	161
346	121
346	79
346	240
346	640
346	156
346	496
346	186
346	2
346	288
346	128
346	576
346	302
346	143
346	842
346	168
346	1018
346	578
346	561
346	4
346	423
346	642
346	91
346	62
346	951
346	276
346	144
346	88
346	809
346	120
346	977
346	325
346	358
346	415
346	196
346	693
346	55
346	17
346	83
346	1110
346	100
346	58
346	785
346	1090
346	204
346	1039
346	157
346	183
346	549
346	203
346	68
346	233
346	657
346	569
346	742
346	369
346	669
346	546
346	245
346	727
346	550
346	94
346	3
346	1232
346	394
346	265
346	572
346	431
548	257
548	978
548	1025
548	293
548	100
548	284
548	127
548	311
548	327
548	591
548	176
548	546
548	760
548	466
548	642
548	264
548	300
548	183
548	235
548	331
548	185
548	203
548	323
548	294
548	751
548	1278
548	313
548	79
548	477
548	12
548	370
548	17
548	23
548	3
548	326
548	898
548	678
548	25
548	619
548	151
548	654
548	657
548	515
548	1047
548	603
548	532
548	181
548	991
548	405
548	39
548	882
548	248
548	1014
548	905
548	252
548	762
548	286
548	925
548	234
548	458
548	292
548	1016
548	581
548	98
548	302
548	250
548	121
548	950
548	288
548	696
548	443
548	340
548	307
548	525
548	742
548	649
548	13
548	282
548	291
548	344
548	346
548	1244
548	322
548	887
548	283
548	504
548	164
548	316
548	270
548	9
548	15
548	539
548	305
548	1013
548	683
548	595
548	659
548	628
548	147
548	471
548	343
548	7
548	413
548	31
548	1073
548	1089
548	328
548	1405
548	118
548	310
548	295
548	233
548	258
548	924
548	226
548	347
548	431
548	597
548	298
548	237
548	272
548	472
548	358
548	1
548	222
49	238
49	878
49	789
49	559
49	174
49	531
49	346
49	413
49	209
49	7
49	129
49	3
49	406
49	904
49	1075
49	143
49	423
49	928
49	1073
49	235
49	995
49	1080
49	717
49	1076
49	418
49	301
49	959
49	420
49	725
49	1066
49	111
49	1083
49	57
49	358
49	476
49	85
49	2
49	179
49	299
49	369
49	54
49	62
49	465
49	501
49	386
49	161
49	121
49	821
49	820
49	324
49	99
49	403
49	628
49	148
49	325
49	1009
49	774
49	225
49	581
49	302
49	1003
49	998
49	213
49	334
49	396
49	300
49	182
49	52
49	208
49	715
49	262
49	240
49	294
49	1077
49	518
49	268
49	168
49	433
49	1078
49	1072
49	1082
49	588
49	569
49	547
49	404
49	473
49	721
49	108
49	25
49	583
49	997
49	312
49	640
49	17
49	72
49	200
49	117
49	10
49	53
49	508
49	1067
49	202
49	419
49	91
49	55
49	738
49	741
49	385
49	919
49	1079
49	462
49	185
49	96
49	625
49	13
49	56
49	11
49	347
49	1017
49	477
49	219
49	239
49	1071
49	47
49	217
49	695
49	627
49	428
49	372
49	557
49	218
49	116
49	39
49	652
49	154
49	181
49	175
49	258
49	147
49	102
49	256
49	1070
49	270
49	698
49	328
49	287
49	145
49	546
49	172
49	93
49	42
49	204
49	926
49	320
49	455
49	657
49	758
49	12
49	475
49	151
49	946
49	283
49	289
49	401
49	231
49	713
49	290
49	1021
49	100
49	1069
49	8
49	49
49	594
668	124
668	475
668	13
668	358
668	895
668	294
668	323
668	289
668	538
668	271
668	252
668	286
668	231
668	367
668	354
668	257
668	302
668	403
668	29
668	882
668	82
668	993
668	69
668	258
668	288
668	596
668	752
668	210
668	97
668	50
668	328
668	307
668	300
668	311
668	272
668	283
668	137
668	896
48	656
48	1065
48	433
48	425
48	1064
48	56
48	215
48	680
48	174
48	181
48	427
48	294
48	527
48	302
48	286
48	661
48	479
48	523
48	170
48	28
48	690
48	209
48	187
48	71
48	529
48	988
48	428
48	511
48	650
48	259
48	243
48	603
48	202
48	289
48	132
48	183
48	228
48	323
48	98
48	195
48	210
48	519
48	309
48	524
48	654
48	136
48	269
48	480
48	528
48	1063
48	357
48	522
48	50
48	185
460	273
460	117
460	312
460	7
460	13
460	1115
460	313
460	129
460	1
460	847
460	289
460	304
460	301
460	307
460	297
460	100
460	14
460	1380
460	275
460	221
460	253
460	591
460	713
460	1251
460	532
460	149
460	303
460	151
460	276
460	20
460	288
460	279
460	250
460	1142
460	321
460	1011
460	298
460	1171
460	744
460	283
460	127
460	258
460	248
460	285
460	302
460	224
460	10
460	146
460	9
460	676
460	19
460	293
460	327
460	1137
460	311
460	242
214	185
214	268
214	32
214	288
214	512
214	92
214	137
214	132
214	603
214	182
214	527
214	334
214	568
214	187
214	1129
214	693
214	275
214	650
214	708
214	213
214	64
214	13
214	191
214	236
214	169
214	508
214	276
214	39
214	216
214	172
214	168
214	7
214	196
214	531
214	721
214	479
214	24
214	100
214	156
214	22
214	131
214	652
214	246
214	223
214	195
214	180
214	518
214	93
214	238
214	1073
214	509
214	319
214	461
214	55
214	154
214	248
214	114
214	516
214	269
214	12
214	253
214	482
214	324
214	20
214	960
214	1401
214	285
214	151
214	42
214	582
214	608
214	896
214	69
214	325
214	705
214	171
214	79
214	117
214	522
214	208
214	1017
214	1039
214	475
214	307
214	318
214	952
214	134
214	302
214	135
214	179
214	89
214	294
214	427
214	346
214	313
214	357
214	23
214	340
214	209
214	872
214	462
214	98
214	175
214	166
177	654
177	689
177	270
177	121
177	238
177	223
177	64
177	174
177	324
177	200
177	47
177	42
177	98
177	79
177	179
177	919
177	327
177	260
177	209
177	89
177	651
177	210
177	276
177	92
177	173
177	628
177	96
177	204
177	300
177	161
177	127
177	1218
177	302
177	748
177	12
177	153
177	187
177	470
177	527
177	333
177	289
177	124
177	23
177	294
177	806
177	960
177	22
177	59
177	963
177	129
177	321
177	154
177	7
177	69
177	243
177	948
177	642
177	271
177	307
177	1110
177	469
177	292
177	288
177	336
177	433
177	693
177	196
177	340
177	258
177	299
177	322
177	216
177	176
177	175
177	186
177	221
177	150
177	568
177	11
177	343
177	60
177	1067
177	403
177	195
177	318
177	1
177	198
177	334
177	56
177	338
177	168
177	172
177	245
330	570
330	15
330	432
330	133
330	275
330	205
330	993
330	238
330	989
330	549
330	215
330	708
330	73
330	22
330	21
330	132
330	966
330	143
330	969
330	66
330	8
330	293
330	257
330	161
330	584
330	864
330	105
330	318
330	694
330	11
330	403
330	554
330	88
330	63
330	185
330	28
330	470
330	225
330	496
330	747
330	1
330	80
330	465
330	94
330	575
330	102
330	501
330	559
330	1044
330	91
330	479
330	1016
330	422
330	660
330	216
330	427
330	51
330	418
330	77
330	485
330	651
330	153
330	255
330	277
330	451
330	95
330	823
330	228
330	286
330	195
330	357
330	252
330	419
330	174
330	231
330	181
330	38
330	527
330	136
330	596
330	739
330	135
330	72
330	151
330	58
330	202
330	627
330	69
330	423
330	393
330	473
330	284
330	209
330	405
330	729
330	148
330	866
330	468
330	1084
330	763
330	699
330	732
330	603
330	845
330	64
330	168
330	204
330	44
330	31
330	237
330	121
330	1028
330	126
330	692
330	588
330	50
330	197
330	177
330	193
847	198
847	133
847	211
847	596
847	567
847	13
847	71
847	108
847	89
847	141
847	1160
847	716
847	220
847	826
847	507
847	501
847	1086
847	118
847	496
847	25
847	763
847	181
847	289
847	290
847	174
847	153
847	196
847	204
847	185
847	195
847	104
847	444
847	645
847	135
847	609
847	756
847	218
847	235
847	658
847	157
847	7
847	50
847	117
847	1167
847	96
847	1031
847	191
847	47
847	183
847	66
847	200
847	239
847	1012
847	161
847	219
847	820
847	603
847	740
847	485
847	121
847	479
847	288
847	527
847	176
847	404
847	238
847	172
847	56
847	476
847	405
847	98
847	173
847	1
847	732
847	455
847	410
847	317
847	301
847	168
847	1172
847	685
847	144
847	1137
847	95
847	480
847	240
847	447
847	77
847	39
847	428
847	369
847	473
847	180
847	164
847	222
847	79
847	70
847	1050
847	948
847	120
847	926
847	652
847	82
847	216
847	602
847	1204
847	448
847	262
847	928
847	234
847	434
847	742
847	243
847	228
847	11
847	93
847	88
847	257
740	289
740	328
740	269
740	288
740	242
740	332
740	873
740	271
740	748
740	300
740	286
740	294
740	258
740	322
740	326
740	340
759	222
759	127
759	50
759	118
759	257
759	294
759	742
759	471
759	405
759	237
759	117
759	24
759	332
759	1
759	678
759	984
759	748
759	937
759	181
759	298
759	258
759	300
759	323
759	275
759	281
759	121
436	276
436	454
436	794
436	90
436	238
436	1061
436	340
436	693
436	441
436	739
436	182
436	217
436	928
436	39
436	215
436	392
436	23
436	1053
436	1206
436	895
436	469
436	1468
436	347
436	974
436	447
436	762
436	635
436	649
436	26
436	503
436	1227
436	655
436	592
436	168
436	200
436	98
436	507
436	216
436	313
436	50
436	506
436	204
436	161
436	325
436	581
436	504
436	821
436	179
436	658
436	747
436	167
436	468
436	723
436	746
436	65
436	125
436	159
436	400
436	425
436	559
436	143
436	708
436	219
436	941
436	288
436	92
436	986
436	1028
436	1489
436	660
436	411
436	845
436	715
436	642
436	1263
436	423
436	348
436	856
436	1178
436	226
436	710
436	470
436	278
436	1058
436	761
436	763
436	132
436	273
436	327
436	81
436	83
436	264
436	1135
436	157
436	47
436	433
436	553
436	790
436	1522
436	1048
436	73
436	721
436	1119
436	99
436	66
436	869
436	95
436	1248
436	187
436	585
436	127
436	287
436	174
436	628
436	546
436	840
436	133
603	288
603	227
603	923
603	273
603	176
603	419
603	429
603	450
603	183
603	271
603	172
603	181
603	748
603	474
603	174
603	210
603	1483
603	157
603	294
603	50
603	89
603	22
603	313
603	988
603	449
603	7
603	180
603	1240
603	100
603	250
603	385
603	230
603	12
603	380
603	931
603	216
603	229
603	56
603	747
157	255
157	120
157	1302
157	93
157	150
157	127
157	298
157	137
157	50
157	290
157	118
157	147
157	1132
157	283
157	269
157	476
157	740
157	515
157	117
157	1283
157	340
157	273
157	508
157	235
157	1051
157	289
157	100
157	475
157	25
157	1244
157	268
157	1258
157	934
157	258
157	685
157	111
157	407
157	293
157	597
157	3
157	276
679	100
679	70
679	241
679	416
679	484
679	153
679	520
679	97
679	42
679	748
679	95
679	184
679	63
679	721
679	109
679	1
679	169
679	710
679	168
679	64
679	288
679	419
679	291
679	286
679	223
679	322
679	111
679	132
679	727
679	423
679	69
679	588
679	204
679	143
679	181
679	531
679	215
679	290
679	327
679	73
679	294
679	56
679	568
679	83
679	318
679	50
679	268
679	174
679	121
679	154
728	678
728	322
728	286
728	25
728	304
728	282
728	319
728	748
728	289
728	237
728	243
728	323
728	508
728	287
728	124
728	116
728	1355
728	15
728	471
728	871
728	117
728	285
605	180
605	827
605	98
605	582
605	408
605	70
605	471
605	288
605	135
605	333
605	137
605	508
605	14
605	546
605	597
605	1040
605	127
605	153
605	245
605	133
605	260
605	1
605	528
605	210
605	293
605	286
605	284
605	12
605	934
605	831
605	100
605	276
605	526
605	126
605	873
605	274
605	118
605	132
605	269
605	754
605	340
605	191
605	79
605	496
605	22
605	275
605	338
605	124
605	255
605	301
605	371
605	215
605	879
605	294
605	521
605	121
605	678
605	15
605	318
605	483
605	282
605	601
605	325
605	523
605	475
605	64
605	619
605	252
605	357
605	302
605	1226
605	117
142	134
142	322
142	288
142	124
142	7
142	362
142	243
142	28
142	425
142	895
142	315
142	408
142	55
142	189
142	91
142	346
142	82
142	268
142	338
142	463
142	186
142	294
142	147
142	176
142	358
142	89
142	181
704	185
704	648
704	1299
704	633
704	152
704	603
704	639
704	208
704	172
704	135
704	304
704	514
704	488
704	354
704	58
704	496
704	209
704	523
704	655
704	178
704	89
704	432
704	632
704	492
704	657
704	429
704	491
704	302
704	607
704	435
704	347
704	1296
704	131
704	136
704	528
704	222
704	606
704	300
704	889
704	1454
704	611
704	173
704	69
704	154
704	382
704	211
704	493
704	193
704	494
704	14
704	735
704	50
704	506
704	340
704	214
704	191
704	156
704	170
704	381
704	631
704	662
704	481
704	205
704	197
704	175
704	100
704	187
704	272
704	318
704	344
704	519
704	259
397	108
397	288
397	343
397	340
397	181
397	313
397	58
397	109
397	988
397	127
397	474
397	100
397	134
397	7
397	199
397	346
397	504
397	390
397	117
397	177
397	680
397	688
397	522
397	56
397	492
397	1001
397	989
397	178
397	12
397	192
397	991
397	1018
397	611
397	591
397	23
397	357
397	641
397	435
397	195
397	423
397	197
397	338
397	1298
397	358
397	22
397	878
397	853
397	693
397	223
397	498
397	65
397	221
397	182
397	483
397	8
397	171
397	748
397	705
397	480
397	95
397	135
397	194
397	894
397	484
397	298
397	14
397	183
397	615
397	334
397	457
397	174
397	318
397	261
397	751
397	286
397	896
397	289
397	652
397	325
397	268
397	302
397	50
753	96
753	215
753	172
753	527
753	179
753	242
753	435
753	181
753	69
753	180
753	294
753	484
753	194
753	23
753	523
753	357
753	673
753	195
753	510
753	359
753	98
753	272
753	427
753	182
753	300
753	504
753	193
753	71
753	499
753	316
753	134
753	898
753	173
753	79
753	187
753	657
753	653
753	183
753	50
753	304
753	750
753	199
753	185
753	322
753	286
753	328
753	89
620	895
620	422
620	125
620	1219
620	246
620	928
620	101
620	123
620	419
620	993
620	100
620	420
620	418
620	760
620	465
620	63
620	78
620	121
620	501
620	112
620	15
620	1503
620	94
620	951
620	859
620	596
620	682
620	172
620	313
620	588
620	138
620	300
620	683
620	676
620	99
620	627
620	820
620	416
620	1091
620	930
620	237
620	423
620	268
620	742
620	145
620	35
620	769
620	174
620	969
620	674
620	1480
620	406
620	432
620	379
620	768
620	924
620	240
620	1036
620	243
620	50
620	755
620	1035
620	323
620	393
620	164
620	181
620	931
620	71
620	595
620	560
620	225
620	98
620	288
620	148
620	623
620	758
620	834
620	147
620	260
620	706
620	294
620	82
620	946
620	1066
620	795
620	140
620	173
620	28
658	952
658	7
658	24
658	70
658	735
658	169
658	100
658	654
658	235
658	96
658	844
658	408
658	212
658	730
658	527
658	477
658	45
658	511
658	458
658	8
658	31
658	724
658	488
658	433
658	429
658	195
658	628
658	127
658	69
658	515
658	171
658	137
658	198
658	32
658	55
658	98
658	117
658	42
658	86
658	201
658	273
658	1101
658	1079
658	518
658	129
658	510
658	182
658	318
658	1
658	168
658	960
658	943
658	9
658	530
658	56
658	475
658	471
141	288
141	974
141	281
141	291
141	926
141	826
141	1023
141	328
141	409
141	335
141	293
141	476
141	237
141	756
141	985
141	290
141	748
141	258
141	250
141	880
141	815
141	930
141	1258
141	323
141	405
141	1028
141	294
141	346
141	1014
141	7
141	225
141	117
141	279
141	742
141	717
141	932
141	244
141	322
141	147
141	222
141	257
141	330
141	121
141	410
141	1059
141	151
141	284
141	1047
141	546
141	472
141	744
141	866
141	535
141	871
141	255
141	619
141	50
141	276
141	696
141	118
141	126
141	872
141	1142
141	106
141	248
141	597
141	259
141	235
141	831
141	1282
141	261
141	676
141	252
141	100
141	333
141	988
141	295
141	678
141	313
141	823
141	125
141	864
141	825
141	1013
141	1040
141	282
141	591
402	237
402	764
402	529
402	42
402	476
402	32
402	275
402	137
402	515
402	245
402	483
402	12
402	1048
402	1101
402	257
402	1060
402	222
402	95
402	696
402	96
402	471
402	475
402	182
402	228
402	479
402	258
402	480
402	25
402	1
402	286
402	151
402	50
402	710
402	748
402	864
402	48
402	168
402	100
402	9
402	10
402	19
402	511
402	127
402	1284
402	118
402	510
402	234
402	273
402	7
402	124
402	235
402	16
402	408
402	204
402	410
402	13
251	55
251	520
251	595
251	742
251	24
251	468
251	472
251	64
251	480
251	748
251	15
251	50
251	1028
251	298
251	109
251	300
251	275
251	183
251	202
251	265
251	405
251	281
251	418
251	181
251	172
251	429
251	79
251	535
251	249
251	295
251	151
251	100
251	111
251	60
251	25
251	210
251	252
251	144
251	22
251	1016
251	866
251	282
251	118
251	288
251	1014
251	147
251	813
251	313
251	597
251	248
251	845
251	121
251	258
251	471
251	222
251	427
251	117
251	132
251	596
251	612
251	7
251	185
251	1012
594	199
594	245
594	15
594	50
594	222
594	14
594	988
594	276
594	286
594	515
594	100
594	127
594	483
594	242
594	292
594	221
594	237
594	269
594	744
594	126
594	181
661	436
661	204
661	423
661	89
661	568
661	1045
661	28
661	118
661	140
661	8
661	501
661	96
661	709
661	180
661	408
661	280
661	318
661	274
661	972
661	210
661	166
661	135
661	249
661	179
661	756
661	298
661	64
661	727
661	58
661	196
661	300
661	181
661	471
661	219
661	117
661	255
661	215
661	230
661	527
661	121
661	751
661	144
661	189
661	168
661	258
661	531
661	185
661	195
661	145
661	631
661	172
661	97
661	164
661	131
661	496
661	71
661	178
661	183
661	52
661	357
661	169
661	304
661	132
661	647
661	174
661	427
661	173
661	310
661	95
661	538
661	79
661	506
661	191
661	200
661	216
661	665
661	428
661	443
661	615
661	209
661	657
661	197
661	31
661	573
661	192
661	480
661	514
661	498
661	228
661	50
661	433
661	762
661	418
661	652
661	684
661	222
661	175
98	517
98	70
98	514
98	88
98	435
98	321
98	163
98	209
98	152
98	428
98	988
98	745
98	322
98	25
98	655
98	116
98	502
98	211
98	194
98	938
98	523
98	659
98	173
137	685
137	476
137	472
137	1117
137	51
137	866
137	546
137	15
137	55
137	261
137	96
137	597
137	172
137	79
137	144
137	183
137	237
137	121
137	235
137	89
137	117
137	680
137	222
137	118
137	50
137	1028
137	243
137	300
137	327
137	181
137	210
137	266
137	249
137	1
137	174
137	892
137	748
137	257
137	405
384	327
384	689
384	316
384	878
384	329
384	347
384	355
384	343
384	272
384	879
384	300
384	989
384	302
384	748
384	751
384	328
384	313
384	289
913	186
913	195
913	238
913	1240
913	22
913	56
913	204
913	12
913	269
913	28
913	436
913	15
913	64
913	919
913	481
913	99
913	741
913	209
913	260
913	25
913	95
913	89
913	301
913	117
913	216
913	50
913	418
913	156
913	357
913	4
913	462
913	596
913	508
913	604
913	9
913	174
913	179
913	531
913	176
913	461
913	185
913	184
913	518
913	310
913	143
913	172
913	100
913	210
913	60
913	58
913	343
913	289
913	127
913	171
913	690
913	169
913	11
913	498
913	1112
913	191
913	42
913	302
913	474
913	430
913	258
913	234
913	57
913	175
913	747
913	268
913	227
913	408
913	318
913	131
913	469
913	432
913	79
913	189
913	96
913	527
913	69
913	83
913	7
913	1
913	265
913	228
913	478
913	202
913	465
913	82
913	203
913	613
913	180
913	151
913	789
913	729
913	428
913	8
913	588
913	200
913	655
913	475
913	419
913	132
913	235
913	317
641	514
641	305
641	23
641	427
641	30
641	496
641	64
641	528
641	1039
641	303
641	124
641	336
641	558
641	969
641	285
641	434
641	203
641	432
641	268
641	484
641	865
641	511
641	242
641	198
641	270
641	89
641	497
641	258
641	83
641	59
641	338
641	301
871	566
871	662
871	651
871	1431
871	1176
871	174
871	147
871	79
871	315
871	752
871	270
871	183
871	1345
871	909
871	275
871	360
871	1024
871	1385
871	1137
871	402
871	241
871	955
871	190
871	4
871	286
871	172
871	896
871	271
871	435
871	781
871	181
871	352
871	937
871	173
871	989
871	276
871	262
871	22
871	511
871	337
871	526
871	947
871	213
871	895
871	326
871	1119
871	82
871	310
871	324
871	750
871	905
871	549
871	50
871	216
871	1197
871	258
871	245
871	17
871	161
871	908
871	904
871	1386
871	690
871	226
871	300
871	92
871	127
871	313
871	1022
871	289
871	1430
871	96
871	331
871	182
871	307
871	345
871	11
871	515
871	272
871	1072
871	242
871	333
871	27
871	575
871	177
871	876
871	747
871	346
871	751
871	259
871	359
871	195
871	202
883	66
883	796
883	517
883	692
883	47
883	707
883	399
883	277
883	385
883	8
883	228
883	98
883	194
883	873
883	209
883	952
883	89
883	464
883	584
883	1288
883	582
883	213
883	238
883	1226
883	199
883	60
883	752
883	405
883	1227
883	39
883	900
883	580
883	323
883	176
883	531
883	135
883	55
883	256
883	7
883	1592
883	251
883	227
883	589
883	709
883	100
883	349
883	216
883	634
883	342
883	647
883	792
883	14
883	739
883	727
883	96
883	749
883	506
883	515
883	529
883	1591
883	384
883	331
883	81
883	1019
883	778
883	183
883	945
883	462
883	311
883	198
883	210
883	56
883	549
883	513
883	919
883	694
883	736
883	207
883	338
883	490
883	49
883	748
883	1012
883	354
883	237
883	53
883	226
883	229
883	386
883	661
883	971
883	20
883	346
883	1009
883	896
883	153
883	79
883	250
883	13
883	88
883	313
883	134
883	684
883	745
883	559
883	173
883	1404
883	407
883	648
883	224
883	1118
883	52
883	882
883	265
883	68
883	1462
883	48
883	168
883	306
883	318
883	211
883	276
883	408
883	59
883	11
883	1
883	867
883	713
883	72
883	269
883	257
883	794
883	222
883	785
883	435
883	279
883	463
883	1131
883	382
883	496
883	1115
883	403
883	113
883	1045
883	886
883	519
883	26
883	70
883	530
883	902
883	10
883	273
883	197
883	239
883	275
883	65
883	312
883	24
883	30
883	347
883	1065
883	1171
883	550
883	304
883	129
883	430
883	922
883	740
883	1021
883	724
883	856
883	863
883	286
883	553
883	561
883	270
883	847
883	61
883	4
883	319
883	511
883	212
883	396
883	1656
883	22
883	659
883	414
883	712
883	770
883	487
883	283
883	387
883	45
883	16
883	234
883	603
883	523
883	421
883	316
883	9
883	703
883	566
883	355
883	116
883	715
883	989
883	28
883	82
883	665
883	147
883	805
883	285
883	750
883	190
883	172
883	693
643	928
643	42
643	568
643	204
643	357
643	521
643	168
643	128
643	203
643	443
643	159
643	423
643	49
643	820
643	121
643	663
643	154
643	194
643	671
643	111
643	98
643	484
643	824
643	721
643	496
643	631
643	211
643	550
643	47
643	4
643	1139
643	12
643	1016
643	655
643	790
643	504
643	129
643	1101
643	219
643	77
643	195
643	418
643	470
643	117
643	234
643	186
643	249
643	514
643	79
643	739
643	185
643	11
643	262
643	405
643	481
643	603
643	218
643	23
643	572
643	1221
643	410
643	679
643	956
643	53
643	845
643	127
643	56
643	70
643	181
643	715
643	492
643	1012
643	152
643	176
643	325
643	1065
643	223
643	39
643	468
643	399
643	87
643	566
643	7
643	505
643	92
643	716
643	969
643	246
643	50
643	144
643	67
643	33
643	118
643	516
643	202
643	1
643	28
643	163
643	656
643	143
643	629
643	240
643	155
643	228
643	546
643	665
643	367
643	732
643	169
643	96
643	794
643	24
643	276
643	187
643	959
643	205
643	436
643	162
643	174
643	99
643	29
643	597
643	226
643	448
643	780
643	712
643	233
643	82
643	68
643	403
643	408
643	210
643	630
643	231
643	156
643	177
643	1215
643	32
643	451
643	639
643	2
643	420
643	150
643	209
643	268
643	515
643	172
643	215
643	229
643	89
643	282
643	1098
643	419
643	674
643	482
643	430
643	356
643	435
643	183
643	393
643	508
643	685
643	58
643	88
643	659
643	132
265	7
265	181
265	111
265	258
265	237
265	284
265	100
265	151
265	1016
265	688
265	273
265	117
265	15
265	328
265	240
265	298
265	323
265	628
265	279
265	107
265	1
265	676
265	756
265	815
265	288
265	748
265	477
265	300
265	410
265	327
265	257
265	245
265	50
265	742
265	975
265	591
265	293
265	409
281	342
281	690
281	300
281	748
281	323
281	326
281	259
281	332
281	331
281	294
281	682
281	288
281	989
281	271
281	338
281	308
281	310
281	289
281	258
281	333
281	322
281	877
182	293
182	596
182	257
182	1
182	121
182	283
182	763
182	237
182	845
182	69
182	48
182	203
182	172
182	111
182	471
182	50
182	479
182	423
182	100
182	178
182	191
182	150
182	123
182	222
95	95
95	708
95	518
95	191
95	275
95	198
95	237
95	514
95	1090
95	151
95	2
95	91
95	180
95	510
95	420
95	196
95	195
95	282
95	14
95	83
95	739
95	197
95	121
95	43
95	506
95	660
95	194
95	671
95	211
95	241
95	1126
95	843
95	142
95	143
95	62
95	650
95	89
95	419
95	878
95	462
95	72
95	395
95	50
95	141
95	49
95	815
95	111
95	203
95	622
95	58
95	67
95	202
95	161
95	712
95	465
95	550
95	193
95	70
95	238
95	546
95	226
95	485
95	71
95	422
95	102
95	779
95	200
95	1018
95	586
95	366
95	381
95	51
95	728
95	219
95	137
95	117
95	357
95	1101
95	48
95	597
95	128
95	432
95	101
95	239
95	976
95	177
95	511
95	132
95	207
95	892
95	554
95	133
95	451
95	229
95	88
95	52
95	99
95	176
95	968
95	596
95	33
95	625
95	186
95	692
95	588
95	463
95	450
95	26
95	651
95	523
95	8
95	98
95	174
95	110
95	474
95	403
95	1222
95	82
95	22
95	31
95	472
95	227
95	716
95	179
95	378
95	392
95	946
95	32
95	250
95	257
95	736
95	471
95	747
95	791
95	168
95	3
95	433
95	234
95	389
95	507
95	139
95	1217
95	398
95	491
95	417
95	404
95	862
95	1133
95	1227
95	443
95	699
95	386
95	328
95	640
95	855
95	591
95	707
95	781
95	185
95	182
95	720
95	7
95	539
95	25
95	573
95	205
95	402
95	69
95	683
95	232
95	1230
95	274
95	1221
95	265
95	15
95	568
95	1219
95	552
95	649
95	960
95	215
95	1231
95	172
95	290
95	431
95	90
95	96
95	204
95	665
95	705
95	566
95	73
95	127
95	385
95	423
95	416
95	78
95	181
95	210
95	286
95	715
95	631
95	153
95	183
95	188
95	97
95	228
95	208
95	371
95	24
95	209
95	294
95	68
95	679
95	393
95	1047
95	199
95	527
95	542
95	144
95	675
95	509
95	515
95	1229
671	685
671	431
671	62
671	181
671	265
671	7
671	748
671	581
671	68
671	201
671	578
671	29
671	176
671	779
671	379
671	82
671	147
671	925
671	810
671	231
671	1073
671	88
671	17
671	1303
671	550
671	679
671	288
671	188
671	96
671	233
671	1239
671	554
671	50
671	947
671	258
671	174
671	117
671	79
671	546
671	23
671	1222
671	526
671	1215
671	89
671	576
671	628
671	161
671	841
671	451
671	770
671	4
671	222
671	591
671	443
671	385
671	255
671	54
671	123
671	455
671	686
671	720
671	11
671	53
671	210
671	452
671	802
671	684
671	742
671	66
671	5
671	583
671	144
671	172
671	31
671	219
671	257
671	195
671	562
671	250
671	566
671	273
671	234
671	226
671	654
671	849
671	327
671	56
671	510
671	405
671	986
671	182
671	241
671	559
671	203
671	1491
671	838
671	511
671	1217
671	177
671	55
748	200
748	50
748	89
748	527
748	188
748	189
748	181
748	237
748	222
748	678
748	650
748	588
748	168
748	250
748	1
748	182
748	176
748	258
748	7
748	813
748	699
748	528
748	204
748	187
748	174
748	135
748	498
748	479
748	633
748	71
748	603
748	328
748	137
748	271
748	193
748	483
748	4
748	227
748	58
748	318
748	64
748	209
748	216
748	144
748	496
748	474
748	48
748	847
748	300
748	710
748	143
748	657
748	286
748	96
748	326
748	132
748	199
748	451
748	655
748	186
748	114
748	169
748	323
748	425
748	179
748	319
748	154
748	709
748	22
748	69
748	427
748	197
748	514
748	654
748	213
748	421
748	86
748	495
748	173
748	195
748	175
748	183
748	208
748	56
748	194
748	234
748	515
748	228
115	185
115	187
115	772
115	657
115	642
115	177
115	969
115	265
115	121
115	50
115	284
115	33
115	763
115	20
115	117
115	475
115	282
115	77
115	7
115	596
115	32
115	952
115	178
115	92
115	673
115	302
115	9
115	511
115	466
115	172
115	558
115	23
115	218
115	443
115	82
115	93
115	696
115	192
115	530
115	470
115	496
115	310
115	357
115	980
115	127
115	543
115	100
115	12
115	317
115	181
115	644
115	922
115	471
115	279
115	273
115	69
115	229
115	124
115	628
115	462
115	183
115	1067
115	269
115	847
115	8
115	56
115	508
115	741
115	431
115	174
115	22
115	684
115	654
115	234
30	892
30	174
30	304
30	289
30	257
30	315
30	259
30	751
30	873
30	539
30	538
30	28
30	321
30	1013
30	82
30	301
30	172
30	678
30	294
30	181
30	531
30	50
30	135
30	164
30	688
30	780
30	319
30	435
30	29
30	2
30	161
30	231
30	252
30	313
30	1007
150	147
150	293
150	475
150	129
150	235
150	50
150	278
150	276
150	628
150	100
150	124
150	121
150	273
150	1
150	123
150	181
150	291
150	93
150	268
150	324
150	150
150	221
150	13
150	410
150	246
150	14
442	96
442	188
442	508
442	672
442	156
442	276
442	68
442	182
442	227
442	22
442	975
442	219
442	410
442	64
442	53
442	92
442	222
442	228
442	54
442	742
442	313
442	89
442	635
442	710
442	31
442	174
442	98
442	150
442	7
442	38
442	159
442	82
442	554
442	2
442	873
442	67
442	39
442	153
442	203
442	62
442	636
442	403
442	12
442	44
442	559
442	42
442	181
442	665
442	90
442	100
442	14
442	1170
442	161
442	988
442	26
442	29
442	1188
442	746
442	441
442	121
442	209
442	470
442	979
442	239
442	433
442	240
442	986
442	79
442	450
442	482
442	578
442	1218
442	452
442	273
442	569
442	234
442	350
442	834
442	405
442	17
442	55
442	226
442	1183
442	684
442	294
442	546
442	738
442	943
442	318
442	401
442	436
442	385
442	177
442	769
442	800
442	871
442	367
442	168
442	229
442	184
442	230
442	810
442	591
442	77
442	218
442	172
442	859
442	342
442	33
442	154
442	288
442	550
442	69
442	286
442	204
530	100
530	692
530	1300
530	815
530	582
530	1226
530	172
530	328
530	487
530	88
530	195
530	163
530	322
530	56
530	333
530	319
530	357
530	60
530	156
530	204
530	181
530	476
530	237
530	183
530	214
530	275
530	176
530	527
530	660
530	98
530	535
530	64
530	607
530	174
530	178
530	70
530	255
33	313
33	294
33	872
33	328
33	300
33	348
33	260
33	339
33	271
33	323
33	307
33	245
33	333
33	678
33	880
33	343
33	682
33	751
33	329
33	895
113	323
113	976
113	326
113	50
113	1252
113	277
113	273
113	9
113	124
113	289
113	255
113	975
113	303
113	948
113	100
113	7
113	595
113	874
113	116
113	292
113	979
113	327
113	321
113	245
113	257
113	126
113	299
113	286
113	268
113	333
113	262
113	242
113	319
113	294
113	127
113	322
113	237
113	325
113	424
113	1251
113	258
734	274
734	193
734	213
734	288
734	164
734	83
734	313
734	22
734	483
734	121
734	50
734	56
734	222
734	498
734	172
734	487
734	283
734	662
734	210
734	821
734	98
734	97
734	230
734	132
734	705
734	202
734	318
734	174
734	485
734	582
734	143
734	204
734	465
734	144
734	198
734	479
734	282
734	173
734	99
734	591
734	724
734	607
734	162
734	166
734	496
734	419
734	165
734	751
734	605
734	603
734	15
734	423
731	485
731	588
731	66
731	608
731	15
731	603
731	720
731	945
731	97
731	213
731	196
731	14
731	140
731	393
731	378
731	591
731	170
731	56
731	1039
731	510
731	480
731	195
731	1086
731	486
731	127
731	95
731	504
731	237
731	1269
731	434
731	216
731	694
731	192
731	357
731	482
731	481
731	204
731	143
731	202
731	168
731	419
731	183
731	705
731	1503
731	655
731	125
731	283
731	462
731	1087
731	494
731	496
731	1275
731	69
731	611
731	613
731	478
731	487
731	845
731	606
731	205
731	153
731	194
731	508
731	520
731	527
731	136
731	8
546	236
546	288
546	100
546	930
546	769
546	121
546	181
546	294
546	379
546	322
546	457
546	164
546	895
546	977
546	185
546	347
546	219
546	751
546	271
546	200
546	145
546	17
546	53
546	118
546	665
546	300
546	436
546	928
546	569
546	413
546	343
546	760
546	286
546	567
546	50
546	898
546	258
546	7
546	892
546	250
546	672
546	346
546	682
546	447
546	590
546	56
546	816
546	458
546	758
412	150
412	23
412	186
412	174
412	182
412	427
412	175
412	64
412	206
412	276
412	172
412	634
412	92
412	169
412	480
412	70
412	7
412	195
412	28
412	154
412	117
412	135
412	96
412	340
412	487
412	56
412	211
412	436
412	408
412	24
412	651
412	114
412	4
412	218
412	214
412	193
412	173
412	939
412	318
412	969
412	1
908	192
908	419
908	527
908	127
908	694
908	484
908	488
908	183
908	482
908	223
908	447
908	479
908	144
908	558
908	478
908	631
908	963
908	603
908	200
908	709
908	111
908	156
908	195
908	7
908	528
908	123
908	732
908	205
908	494
908	151
908	663
908	423
908	50
908	96
908	133
908	173
908	657
908	28
908	654
908	515
908	204
908	209
908	427
908	12
908	496
908	185
908	47
908	357
908	172
908	69
908	56
908	174
908	434
908	79
908	100
908	300
908	288
908	525
908	414
908	55
28	230
28	380
28	258
28	480
28	176
28	117
28	322
28	173
28	223
28	200
28	672
28	286
28	332
28	450
28	670
28	646
28	568
28	145
28	229
28	56
28	288
28	228
28	227
28	567
28	143
28	447
28	895
28	201
28	443
28	444
28	678
28	28
28	760
28	95
28	479
28	573
28	174
28	529
28	609
28	294
28	234
28	449
28	218
28	209
28	800
28	217
28	96
28	5
28	423
28	7
28	100
28	859
28	588
28	164
28	70
28	323
28	12
28	31
28	271
28	196
28	195
28	50
28	79
28	222
28	434
259	97
259	173
259	546
259	475
259	748
259	235
259	255
259	65
259	12
259	357
259	117
259	1135
259	210
259	405
259	1074
259	762
259	293
259	108
259	271
259	154
259	313
259	98
259	180
259	750
259	39
259	288
259	294
259	185
259	269
259	181
259	15
259	179
259	176
259	484
259	121
259	317
259	928
259	781
282	302
282	879
282	340
282	327
282	319
282	343
282	271
282	262
282	288
282	325
282	300
282	333
282	307
282	890
282	294
282	338
282	268
282	258
638	174
638	153
638	181
638	449
638	128
638	186
638	230
638	238
638	514
638	431
638	29
638	4
638	185
638	100
638	161
638	385
638	204
638	144
638	265
638	175
638	435
638	202
638	636
638	188
638	127
638	229
638	679
638	430
638	194
638	410
638	210
638	504
638	227
638	228
638	450
638	550
638	168
638	98
638	455
638	118
638	234
638	22
638	405
638	176
638	172
638	50
638	211
638	183
638	226
638	117
638	121
638	241
638	554
638	403
638	511
623	204
623	648
623	50
623	525
623	642
623	185
623	216
623	227
623	194
623	79
623	153
623	211
623	283
623	210
623	121
623	234
623	228
623	291
623	127
623	692
623	275
623	629
623	202
623	186
623	163
623	66
623	659
623	523
623	286
623	603
623	70
623	815
623	483
623	298
623	504
623	88
623	274
806	175
806	1514
806	70
806	144
806	204
806	216
806	188
806	952
806	240
806	128
806	496
806	158
806	1129
806	318
806	45
806	82
806	170
806	98
806	182
806	875
806	200
806	50
806	96
806	121
806	1098
806	196
806	238
806	176
806	522
806	1
806	227
806	249
806	923
806	475
806	433
806	197
806	856
806	405
806	168
806	28
806	155
806	271
806	521
806	181
806	654
806	690
806	111
806	419
806	265
806	226
806	179
806	588
806	324
806	407
806	357
806	485
806	518
806	156
806	553
806	222
806	421
806	89
806	1016
806	29
806	231
806	403
806	187
806	1074
806	12
806	174
806	702
806	47
806	131
806	2
806	484
806	233
806	169
806	234
806	230
806	302
806	257
806	177
806	192
806	789
806	3
806	504
806	254
806	100
806	122
806	81
806	79
806	153
806	6
806	1071
806	1018
806	161
806	76
806	288
806	455
806	273
806	133
806	408
806	258
806	629
806	628
806	88
806	1012
806	150
806	237
806	186
806	1048
806	95
164	252
164	322
164	597
164	125
164	281
164	515
164	291
164	282
164	117
164	826
164	333
164	148
164	411
164	405
164	678
164	323
164	100
164	1025
164	934
164	328
164	181
164	751
164	313
164	248
164	926
164	407
164	690
164	121
164	406
164	742
164	472
164	222
164	845
164	331
164	717
164	276
164	258
164	298
164	342
164	689
164	930
164	685
164	1016
164	825
164	458
164	620
164	823
164	300
164	9
164	237
164	326
772	1025
772	300
772	326
772	315
772	748
772	294
772	322
772	313
772	344
772	310
772	258
772	751
772	245
772	307
772	327
772	304
772	272
772	898
772	879
772	323
772	678
772	332
772	312
772	259
772	288
772	321
772	354
422	339
422	590
422	559
422	258
422	50
422	682
422	184
422	325
422	250
422	859
422	237
422	436
422	515
422	271
422	15
422	217
422	672
422	671
422	257
422	477
422	665
422	295
422	267
422	260
422	7
422	447
422	379
422	270
422	100
422	275
422	441
422	299
422	323
422	235
422	475
422	302
422	273
422	201
422	561
422	109
422	53
422	294
422	670
422	773
422	1
422	222
422	326
422	117
422	185
422	98
422	286
422	551
422	218
422	200
422	452
422	127
422	248
422	867
422	93
422	333
422	126
422	558
422	151
422	760
422	137
422	370
422	742
422	1187
422	563
422	1007
422	276
422	334
422	358
422	919
422	1017
422	458
422	922
422	287
422	327
204	9
204	880
204	216
204	262
204	146
204	321
204	45
204	12
204	1022
204	292
204	482
204	1281
204	303
204	874
204	288
204	259
204	316
204	268
204	336
204	1194
204	304
204	300
204	748
204	1
204	333
204	172
204	286
204	302
204	245
204	191
204	269
204	170
204	340
204	258
745	519
745	936
745	204
745	127
745	169
745	276
745	20
745	222
745	1
745	96
745	183
745	64
745	275
745	285
745	510
745	194
745	483
745	492
745	515
745	531
745	182
745	125
745	215
745	12
745	50
745	177
745	507
745	8
745	7
745	10
745	202
745	98
745	9
745	258
745	168
745	480
745	188
745	427
745	174
745	124
745	1126
745	646
745	425
745	302
745	923
745	100
745	520
745	190
909	116
909	326
909	14
909	86
909	261
909	744
909	165
909	286
909	582
909	1121
909	531
909	880
909	682
909	170
909	300
909	294
909	509
909	382
909	292
909	529
909	166
909	339
910	125
910	282
910	252
910	174
910	182
910	628
910	597
910	121
910	293
910	118
910	845
910	117
910	313
910	748
910	127
910	273
910	254
910	291
910	3
910	124
910	742
910	414
910	137
910	50
910	245
910	357
910	288
910	300
910	24
910	1012
910	183
910	9
910	250
910	508
910	134
910	289
910	307
910	181
910	310
910	237
910	100
910	1025
910	257
910	56
910	751
910	298
910	684
910	205
45	121
45	282
45	820
45	108
45	476
45	284
45	756
45	50
45	764
45	100
45	288
45	118
45	742
45	181
45	411
45	278
45	845
45	952
45	926
45	1
45	596
45	1060
45	276
45	762
45	109
45	151
45	1061
45	763
45	1059
45	25
45	257
45	472
45	15
45	21
45	934
45	473
45	823
45	111
45	993
45	826
624	1289
624	546
624	275
624	326
624	763
624	307
624	93
624	273
624	240
624	276
624	1016
624	269
624	886
624	347
624	108
624	898
624	696
624	298
624	905
624	235
624	815
624	137
624	150
624	1059
624	952
624	147
624	255
624	301
624	249
624	870
624	271
624	14
624	319
624	50
624	762
624	316
624	288
624	300
624	866
624	748
624	879
624	508
624	111
624	342
624	619
624	246
624	1012
624	321
624	597
624	690
624	689
624	741
624	1095
624	544
624	678
624	924
624	831
624	329
624	340
624	323
624	410
624	358
624	285
624	123
624	24
624	248
624	411
624	293
624	125
624	1048
624	258
624	1017
624	7
624	122
624	742
624	282
624	237
624	1028
624	980
624	286
624	919
624	268
624	270
624	333
624	295
624	477
624	124
624	1089
624	100
624	15
624	473
624	1120
624	327
624	310
624	305
624	242
624	181
624	993
624	302
624	876
624	257
624	455
624	595
624	121
624	25
624	272
624	928
624	471
624	312
624	979
624	250
624	534
624	687
162	208
162	117
162	358
162	742
162	403
162	474
162	179
162	685
162	151
162	11
162	943
162	1
162	144
162	254
162	181
162	597
162	1047
162	222
162	230
162	121
162	1011
162	710
162	174
162	50
162	298
162	122
162	147
162	1012
162	1019
162	28
162	42
162	79
162	294
162	544
742	15
742	321
742	117
742	7
742	294
742	24
742	181
742	124
742	1012
742	546
742	13
742	100
742	284
742	109
742	591
742	475
742	250
742	508
742	282
742	50
742	14
742	258
821	504
821	181
821	1197
821	180
821	97
821	476
821	126
821	705
821	389
821	15
821	118
821	484
821	111
821	1084
821	471
821	121
821	70
821	98
821	742
821	274
821	56
821	357
821	151
821	71
821	993
821	495
821	845
821	435
821	1
821	707
821	405
821	473
821	294
821	213
821	597
821	483
821	284
821	459
821	275
821	100
821	125
821	79
821	174
821	1060
821	237
821	234
821	509
821	28
821	560
821	95
875	289
875	461
875	64
875	651
875	55
875	42
875	176
875	300
875	357
875	428
875	332
875	753
875	692
875	603
875	1103
875	501
875	474
875	180
875	523
875	358
875	187
875	172
875	171
875	462
875	134
875	183
875	269
875	333
875	258
875	480
875	50
875	582
875	963
875	504
875	334
875	56
875	654
875	1422
875	1073
875	288
875	32
875	772
875	133
875	173
875	496
875	512
875	478
875	23
875	921
875	421
875	418
875	45
875	268
875	321
875	179
875	169
875	481
875	174
875	12
875	286
875	923
875	71
875	195
875	98
875	302
875	514
875	185
875	806
875	527
875	22
875	28
875	211
875	652
280	402
280	195
280	746
280	595
280	769
280	544
280	619
280	1168
280	53
280	379
280	392
280	404
280	71
280	159
280	79
280	100
280	790
280	751
280	70
280	203
280	167
280	690
280	173
280	318
280	1015
280	1041
280	69
280	183
280	72
280	144
280	550
280	1313
280	546
280	132
280	449
280	111
280	507
280	197
280	756
280	88
280	1049
280	1047
280	1401
280	95
280	38
280	118
280	448
280	216
280	483
280	576
280	693
280	389
280	162
280	496
280	387
280	528
280	729
280	1459
280	1297
280	748
280	1182
280	316
280	11
280	80
280	566
280	1099
280	845
280	739
280	215
280	96
280	239
280	142
280	1181
280	112
280	946
280	324
280	405
280	29
280	128
280	222
280	1
280	1478
280	670
280	925
280	977
280	7
280	245
280	750
280	155
280	73
280	276
280	655
280	56
280	1466
280	158
280	145
280	1479
280	699
280	697
280	866
280	12
280	723
280	527
280	233
280	465
280	385
280	571
280	660
280	384
280	90
280	99
280	540
280	288
280	736
280	419
280	220
280	50
280	94
280	755
280	5
280	631
280	934
280	86
280	629
280	172
280	1063
280	174
280	1133
280	4
280	157
280	218
280	728
280	575
280	663
280	942
280	472
280	82
280	559
280	1060
280	67
280	735
280	585
280	210
280	486
280	1048
280	315
280	226
280	202
280	538
280	554
280	499
280	153
280	176
280	322
280	764
280	76
280	125
280	781
280	742
280	229
280	471
280	265
280	1028
280	241
280	722
280	452
280	673
280	135
280	161
280	731
280	22
280	416
280	117
280	364
280	388
280	103
280	584
280	77
280	367
280	393
280	1051
280	58
280	156
280	231
280	542
280	692
280	204
280	403
280	282
280	2
280	274
280	508
280	31
280	140
280	423
280	451
280	54
280	217
280	182
280	431
280	98
280	1207
280	181
280	771
280	284
280	609
280	232
280	568
676	688
676	318
676	315
676	174
676	255
676	64
676	313
676	168
676	114
676	22
676	962
676	302
676	916
676	269
676	845
676	508
676	912
676	272
676	748
676	538
676	1654
676	1527
676	993
676	328
676	682
676	288
676	520
676	751
676	750
676	169
676	948
676	172
676	13
676	257
676	546
676	300
676	222
676	193
676	100
676	326
676	345
676	480
676	286
676	9
676	879
676	271
676	265
676	259
676	173
676	539
676	181
676	890
676	895
676	482
676	303
676	250
676	117
676	1483
676	316
676	294
676	892
676	132
676	352
357	111
357	1
357	411
357	472
357	928
357	24
357	10
357	546
357	713
357	150
357	151
357	304
357	977
357	275
357	121
357	125
357	1095
357	283
357	222
357	274
357	105
357	760
357	826
357	932
357	1277
357	245
357	118
357	1048
357	748
357	866
357	322
357	984
357	273
357	456
357	326
357	841
357	864
357	405
357	1028
357	1034
357	126
357	334
357	280
357	476
357	473
357	270
357	284
357	147
357	7
357	294
357	744
357	1047
357	825
357	291
357	819
357	742
357	831
357	237
357	687
357	471
357	123
357	597
297	742
297	300
297	86
297	479
297	25
297	751
297	194
297	213
297	1
297	245
297	268
297	144
297	250
297	272
297	574
297	191
297	208
297	275
297	282
297	864
297	202
297	515
297	288
297	1073
297	100
297	50
297	267
297	175
297	118
297	535
297	273
297	234
297	1296
297	475
297	124
297	752
297	195
297	117
297	258
297	143
297	135
297	31
297	47
297	724
297	480
297	625
297	20
297	687
297	95
297	277
297	183
297	736
297	514
297	508
297	257
297	448
297	215
297	301
297	919
297	24
297	294
297	116
297	546
297	197
297	32
297	435
297	588
297	357
297	284
297	108
297	1007
297	133
297	419
297	628
297	174
297	4
297	156
297	678
297	443
297	210
297	200
297	201
297	181
297	265
297	111
297	1136
297	173
297	249
297	238
297	237
297	235
297	196
297	946
297	231
297	204
297	11
297	1217
297	83
297	1016
297	92
297	128
297	748
297	13
297	53
297	286
297	198
297	137
297	42
297	28
297	692
297	498
297	70
297	160
297	8
297	55
297	603
297	293
297	529
297	527
297	223
297	243
297	228
297	27
297	176
297	652
297	79
297	69
297	746
297	430
297	269
297	716
297	367
297	56
297	57
297	34
297	185
297	984
297	302
297	659
297	271
297	97
297	98
297	596
297	283
297	326
297	699
297	347
297	211
297	1109
297	298
297	218
297	750
297	474
297	12
577	1336
577	708
577	427
577	77
577	1517
577	88
577	210
577	623
577	22
577	1531
577	1028
577	4
577	50
577	447
577	684
577	561
577	727
577	452
577	770
577	307
577	188
577	218
577	665
577	194
577	82
577	15
577	1271
577	559
577	172
577	1291
577	808
577	313
577	465
577	407
577	728
577	234
577	655
577	183
577	186
577	44
577	409
577	402
577	97
577	735
577	550
577	1219
577	237
577	132
577	49
577	125
577	866
577	472
577	663
577	71
577	662
577	403
577	241
577	95
577	385
577	546
577	365
577	62
577	64
577	65
577	720
577	795
577	939
577	63
577	732
577	96
577	399
577	58
577	216
577	102
577	121
577	471
577	208
577	181
577	819
577	69
577	651
577	380
577	549
577	425
577	56
577	1147
577	566
577	443
577	763
577	200
577	660
577	230
577	1046
577	147
577	168
577	98
577	110
577	405
577	5
577	191
577	202
577	560
577	12
577	11
577	1044
577	25
577	496
577	133
577	55
577	215
577	588
577	225
577	298
577	100
577	582
577	941
577	173
577	318
577	117
577	284
577	7
577	204
577	742
577	627
577	338
577	823
577	229
577	531
577	85
577	1035
577	48
577	932
577	179
577	1032
577	829
577	595
577	217
577	996
577	176
577	143
577	470
577	228
577	29
577	410
577	1042
577	693
577	468
577	579
577	28
577	845
577	111
577	118
144	518
144	286
144	1013
144	129
144	297
144	55
144	471
144	294
144	237
144	276
144	106
144	20
144	476
144	174
144	480
144	91
144	1010
144	144
144	66
144	900
144	98
144	956
144	191
144	300
144	528
144	194
144	508
144	216
144	1016
144	285
144	235
144	4
144	423
144	709
144	50
144	750
144	647
144	961
144	751
144	597
144	193
144	48
144	531
144	274
144	1226
144	58
144	204
144	729
144	466
144	523
144	59
144	1284
144	942
144	654
144	9
144	213
144	405
144	281
144	68
144	533
144	61
144	273
144	319
144	461
144	1065
144	89
144	190
144	960
144	516
144	410
144	288
144	475
144	500
144	326
144	1197
144	195
144	271
144	343
144	880
144	180
144	1039
144	847
144	153
144	1028
144	100
144	962
144	478
144	117
144	514
144	357
144	93
144	56
144	588
144	313
144	655
144	124
144	160
144	328
144	1285
144	221
144	280
144	8
144	742
144	223
144	72
144	713
144	15
144	831
144	65
144	727
144	411
144	284
144	474
144	54
144	455
144	855
144	293
144	651
144	1101
144	173
144	303
144	521
144	234
144	105
144	212
144	183
144	1169
144	251
144	33
144	22
144	96
144	62
144	116
144	24
144	435
144	302
144	127
144	298
144	87
144	187
144	262
144	591
144	172
144	823
144	1286
144	304
144	707
144	31
144	126
144	73
144	1147
144	524
144	258
144	19
144	685
144	470
144	762
144	1142
144	403
144	454
144	747
144	215
144	963
144	307
144	125
144	393
915	752
915	258
915	307
915	1038
915	321
915	750
915	313
915	315
915	268
915	310
915	347
915	691
915	346
915	270
915	301
915	333
915	300
915	286
915	304
915	896
915	345
915	328
923	276
923	1001
923	222
923	281
923	148
923	117
923	823
923	763
923	181
923	591
923	829
923	455
923	472
923	1028
923	1012
923	9
923	926
923	3
923	815
923	322
923	280
923	282
923	544
923	685
923	689
923	257
923	928
923	100
923	975
923	291
923	125
923	174
923	475
923	237
923	411
923	460
923	325
923	295
923	333
923	245
923	338
923	1017
923	405
923	742
923	293
923	168
923	741
923	340
923	1
923	248
923	410
923	273
923	831
923	121
923	827
923	249
923	825
923	294
923	264
923	628
807	969
807	432
807	470
807	511
807	403
807	431
807	1413
807	82
807	252
807	1444
807	485
807	541
807	405
807	393
807	418
807	528
807	208
807	222
807	1034
807	143
807	373
807	385
807	505
807	451
807	998
807	422
807	28
807	69
807	127
807	73
807	133
807	527
807	230
807	62
807	1078
807	1039
807	227
807	121
807	968
807	79
807	1138
807	705
807	408
807	96
807	420
807	257
807	144
807	50
807	1050
807	526
807	496
807	416
807	465
807	820
807	318
807	542
807	842
807	930
807	118
807	510
807	94
807	1063
807	423
807	384
807	1016
807	1066
807	117
807	239
807	495
807	1084
807	843
807	610
807	386
807	699
807	177
807	229
807	265
807	720
807	271
807	206
807	151
807	657
807	1411
807	584
807	831
807	550
807	566
807	622
807	99
807	751
807	472
807	132
807	142
807	605
807	570
807	68
807	421
807	633
807	503
807	22
807	417
807	141
807	63
807	826
807	205
807	402
807	428
807	234
807	1089
807	427
807	1274
807	679
807	21
807	1615
807	139
807	199
807	659
807	1133
807	186
807	484
807	450
807	135
807	161
807	1076
807	358
807	300
807	258
807	498
807	8
807	71
807	743
807	624
807	543
807	398
807	471
807	435
807	501
807	204
807	554
807	193
807	627
807	612
807	415
807	374
807	101
807	172
807	174
807	289
807	140
807	597
807	102
807	520
807	449
807	313
807	630
807	1483
807	380
807	523
807	89
807	739
807	181
807	381
807	154
807	491
383	357
383	268
383	137
383	663
383	188
383	736
383	302
383	182
383	237
383	124
383	213
383	654
383	427
383	639
383	132
383	134
383	504
383	1005
383	484
383	425
383	435
383	483
383	340
383	505
383	321
383	86
383	531
383	9
383	603
383	475
383	286
383	100
383	197
383	200
383	478
383	19
383	528
383	488
383	496
383	657
383	319
383	480
383	514
383	1063
383	58
383	166
383	513
383	203
383	315
383	316
383	345
383	205
383	660
383	474
383	313
383	14
383	89
75	125
75	952
75	831
75	409
75	284
75	291
75	290
75	114
75	121
75	301
75	472
75	1017
75	1001
75	496
75	196
75	1028
75	411
75	926
75	100
75	473
75	845
75	1152
75	79
75	220
75	322
75	696
75	129
75	240
75	410
75	151
75	25
75	476
75	988
75	222
75	147
75	117
75	1047
75	824
75	742
75	323
75	413
75	118
75	1151
75	271
75	477
75	237
75	825
75	289
75	833
75	13
75	1150
75	1059
75	1048
75	408
75	820
75	685
75	475
75	190
75	304
75	756
75	235
75	678
75	137
75	405
75	111
100	342
100	300
100	874
100	344
100	1234
100	333
100	885
100	315
100	321
100	346
100	349
100	1238
100	348
100	316
100	328
100	691
100	313
100	690
100	1235
100	289
100	880
100	895
100	908
100	900
100	354
100	1237
100	294
100	752
100	750
100	898
100	905
100	355
100	1233
100	879
100	326
100	270
100	990
100	892
100	886
100	340
100	302
100	268
100	887
100	1236
100	266
100	881
100	288
100	678
100	269
350	136
350	187
350	265
350	340
350	435
350	153
350	530
350	183
350	616
350	479
350	168
350	258
350	127
350	214
350	176
350	190
350	657
350	193
350	515
350	603
350	181
350	1039
350	98
350	23
350	427
350	589
350	133
350	286
350	173
350	174
350	179
350	211
350	654
350	195
350	324
350	604
350	172
350	483
350	185
350	89
905	7
905	879
905	125
905	124
905	742
905	717
905	471
905	873
905	273
905	301
905	137
905	328
905	116
905	245
905	321
905	458
905	237
905	748
905	508
905	302
905	319
905	294
905	322
905	475
905	1051
905	300
905	258
905	871
905	100
905	326
905	282
905	751
480	203
480	319
480	165
480	527
480	504
480	96
480	257
480	1007
480	1388
480	89
480	191
480	479
480	863
480	615
480	265
480	234
480	237
480	258
480	169
480	654
480	298
480	185
480	272
480	12
480	705
480	302
480	294
480	1121
480	249
480	64
480	98
480	661
480	485
480	517
480	347
480	174
480	197
480	114
480	209
480	79
480	483
480	152
480	166
480	510
480	462
480	175
480	50
480	642
467	276
467	919
467	1017
467	1226
467	7
467	150
467	1142
467	742
467	1011
467	268
467	762
467	293
467	50
467	246
467	302
467	240
467	1
467	109
467	273
467	10
467	258
467	249
467	264
467	1059
467	222
467	475
467	93
467	124
467	24
467	340
467	269
467	455
467	100
467	181
467	127
467	1012
713	345
713	1431
713	311
713	752
713	898
713	286
713	1434
713	272
713	690
713	689
713	1656
713	315
713	340
713	882
713	300
713	539
713	1127
713	1176
713	750
713	310
713	362
713	307
713	270
713	342
249	403
249	88
249	176
249	483
249	68
249	144
249	248
249	427
249	114
249	302
249	125
249	249
249	250
249	169
249	28
249	212
249	89
249	198
249	13
249	806
249	480
249	283
249	245
249	456
249	273
249	919
249	228
249	634
249	467
249	411
249	1011
249	405
249	42
249	993
249	69
249	147
249	188
249	2
249	235
249	83
249	472
249	148
249	686
249	844
249	826
249	309
249	137
249	317
249	258
249	1
249	318
249	409
249	96
249	628
249	209
249	161
249	471
249	658
249	588
249	741
249	223
249	1167
249	271
249	407
249	181
249	31
249	4
249	56
249	1039
249	7
249	479
249	423
249	123
249	11
249	238
249	546
249	237
249	294
249	50
249	241
249	53
249	327
249	64
249	597
249	333
249	255
249	455
249	1047
249	583
249	239
249	9
249	568
249	1016
249	22
249	1103
249	275
249	1012
249	135
249	121
249	98
249	242
249	789
249	179
249	408
249	216
249	1069
249	58
249	421
249	469
249	202
249	746
249	174
249	108
249	930
249	476
249	92
249	124
249	182
249	172
249	210
249	298
249	357
249	203
249	186
249	462
249	195
249	86
249	168
249	300
494	329
494	358
494	1
494	427
494	126
494	528
494	121
494	507
494	479
494	238
494	323
494	222
494	204
494	86
494	498
494	50
494	100
494	191
494	322
494	286
494	289
494	65
494	174
494	845
494	300
494	194
494	127
494	98
494	663
494	294
494	183
494	924
494	245
494	357
494	1197
494	107
494	514
494	181
494	237
690	384
690	655
690	629
690	554
690	79
690	163
690	210
690	993
690	153
690	781
690	67
690	451
690	233
690	402
690	1273
690	581
690	73
690	158
690	223
690	443
690	281
690	1041
690	211
690	194
690	1028
690	216
690	70
690	705
690	722
690	226
690	64
690	12
690	9
690	428
690	546
690	780
690	208
690	148
690	118
690	89
690	1090
690	496
690	642
690	66
690	159
690	88
690	1207
690	69
690	218
690	393
690	364
690	197
690	1118
690	167
690	636
690	90
690	357
690	747
690	237
690	154
690	127
690	1
690	431
690	121
690	396
690	72
690	585
690	1210
690	276
690	94
690	238
690	523
690	77
690	204
690	435
690	294
690	716
690	106
690	56
690	234
690	514
690	739
690	742
690	1185
690	376
690	790
690	649
690	85
690	284
690	53
690	240
690	684
690	763
493	234
493	806
493	195
493	56
493	258
493	1016
493	684
493	186
493	1126
493	746
493	317
493	115
493	98
493	751
493	528
493	343
493	176
493	154
493	182
493	527
493	151
493	264
493	881
493	288
493	284
493	550
493	959
493	170
493	25
493	156
493	974
493	1088
493	24
493	238
493	118
493	652
493	879
493	209
493	357
493	65
493	338
493	239
493	204
493	333
493	121
493	61
493	249
493	597
493	235
493	210
493	328
493	876
493	59
493	435
493	50
493	262
493	411
493	762
493	298
493	69
493	181
493	175
493	22
493	546
493	96
493	60
493	71
493	252
493	79
493	455
493	82
493	89
493	168
493	11
493	208
493	174
493	431
493	475
493	271
493	192
493	12
493	171
493	410
493	763
493	191
493	833
493	150
493	273
493	124
493	462
493	1013
493	265
493	257
493	327
493	250
493	678
493	117
493	323
493	196
493	173
493	358
493	925
493	222
493	188
493	95
493	201
493	1278
493	180
493	183
765	42
765	248
765	25
765	10
765	847
765	507
765	275
765	15
765	137
765	14
765	222
765	971
765	285
765	127
765	522
765	242
765	170
765	237
765	1009
179	271
179	258
179	895
179	300
179	340
179	315
179	269
179	301
179	916
179	354
179	331
179	902
179	345
179	347
179	751
179	1316
179	1234
179	316
179	305
179	310
179	307
179	339
179	905
179	691
179	272
179	321
179	917
179	690
179	333
179	682
179	346
179	313
179	303
179	914
470	7
470	291
470	277
470	257
470	268
470	475
470	305
470	246
470	471
470	742
470	847
470	13
470	546
470	360
470	9
470	181
470	150
470	1097
470	100
470	919
470	50
470	285
470	295
470	293
470	952
470	286
470	813
470	125
470	824
470	129
470	221
470	284
470	19
470	248
470	283
470	327
470	276
470	950
470	273
470	124
470	1067
470	874
470	294
470	137
470	258
470	288
470	222
345	716
345	1009
345	919
345	879
345	678
345	13
345	126
345	518
345	378
345	736
345	748
345	1247
345	709
345	293
345	272
345	173
345	845
345	655
345	268
345	367
345	660
345	972
345	1047
345	1023
345	79
345	286
345	291
345	287
345	161
345	473
345	1281
345	1315
345	405
345	651
345	1053
345	251
345	570
345	297
345	262
345	49
345	42
345	4
345	534
345	12
345	43
345	311
345	172
345	722
345	295
345	66
345	181
345	1160
345	620
345	1082
345	739
345	294
345	412
345	479
345	196
345	150
345	365
345	170
345	485
345	318
345	332
345	86
345	301
345	238
345	5
345	949
345	93
345	143
345	14
345	535
345	274
345	846
345	132
345	313
345	464
345	40
345	498
345	559
345	288
345	1011
345	226
345	1096
345	284
345	443
345	11
345	280
345	1117
345	54
345	385
345	566
345	956
345	100
345	33
345	70
345	762
345	469
345	65
345	200
345	98
345	28
345	50
345	1012
345	724
345	1016
345	131
345	239
345	1008
345	285
345	77
345	303
345	974
345	300
345	1017
345	416
345	148
345	312
345	58
345	298
345	246
345	191
345	476
345	588
345	815
345	235
345	639
345	71
345	381
345	64
345	676
345	393
345	244
345	248
345	38
345	481
345	137
345	204
345	451
345	742
345	684
345	88
345	470
345	1101
345	202
345	118
345	289
345	283
345	220
345	56
345	696
345	216
345	218
345	151
345	255
345	382
345	91
345	48
345	941
345	237
345	508
345	402
345	737
345	628
345	305
345	1
345	1048
345	582
345	886
345	1226
345	1221
345	69
345	702
345	125
345	568
345	215
345	51
345	221
345	26
345	87
345	1007
345	715
345	241
345	174
146	286
146	302
146	336
146	315
146	347
146	294
146	262
146	245
146	313
146	340
146	331
146	688
146	301
146	271
146	328
146	272
146	342
146	269
146	1294
146	307
146	319
146	300
146	1293
146	327
146	258
778	56
778	157
778	11
778	197
778	180
778	143
778	234
778	712
778	98
778	42
778	629
778	132
778	216
778	200
778	780
778	78
778	69
778	204
778	54
778	230
778	174
778	79
778	154
778	144
778	209
778	550
778	262
778	623
778	94
778	265
778	238
778	117
778	423
778	367
778	582
778	496
778	121
778	193
778	82
778	168
778	226
778	268
778	755
778	738
778	281
778	7
778	8
778	451
778	441
778	186
778	161
778	35
778	150
633	172
633	121
633	252
633	177
633	176
633	1132
633	159
633	97
633	566
633	318
633	237
633	143
633	328
633	50
633	1046
633	276
633	288
633	94
633	117
633	110
633	28
633	77
633	317
633	423
633	778
633	128
633	226
633	871
633	96
633	234
633	498
633	654
633	195
633	939
633	322
633	5
633	289
633	183
633	71
633	56
633	410
633	921
633	45
633	665
633	147
633	148
633	300
633	526
862	462
862	172
862	12
862	143
862	484
862	640
862	10
862	407
862	678
862	472
862	969
862	480
862	168
862	60
862	179
862	568
862	434
862	174
862	519
862	147
862	196
862	180
862	930
862	597
862	201
862	228
862	22
862	432
862	79
862	50
862	252
862	1093
862	98
862	183
862	238
862	199
862	467
862	978
862	193
862	117
862	45
862	406
862	197
862	91
862	257
862	61
862	182
862	521
862	205
862	24
862	184
862	651
862	100
862	210
862	89
862	496
862	185
862	789
862	413
862	176
862	288
862	405
862	633
862	1011
862	214
862	491
862	59
862	265
862	175
862	559
862	429
862	187
862	1199
862	222
862	151
862	650
862	208
862	1110
862	69
862	831
862	485
862	505
862	1117
862	271
862	655
862	177
862	544
862	121
862	526
862	474
862	64
862	70
862	202
862	215
862	1009
862	431
862	111
862	200
862	742
862	132
862	96
862	433
862	498
862	250
862	423
862	479
862	92
862	520
862	135
862	211
862	127
862	866
862	974
862	357
862	186
862	82
862	99
862	515
862	203
862	11
862	141
862	647
862	260
862	198
862	823
862	181
862	7
862	105
862	748
862	737
862	979
862	81
862	282
71	174
71	357
71	154
71	135
71	181
71	257
71	462
71	134
71	89
71	50
71	289
71	197
71	282
71	98
71	346
71	6
71	151
71	744
71	177
71	56
71	168
71	222
71	276
71	923
71	14
71	429
71	153
71	514
71	248
71	52
71	64
71	100
565	10
565	70
565	639
565	638
565	730
565	1396
565	640
565	1622
565	652
565	86
565	855
565	190
565	970
565	382
565	971
565	923
565	512
565	515
565	381
565	30
565	179
565	707
565	83
565	165
565	212
565	166
565	171
565	713
565	462
522	179
522	11
522	12
522	200
522	510
522	168
522	23
522	134
522	133
522	205
522	135
522	128
522	654
522	180
522	173
522	480
522	318
522	79
522	523
522	492
522	543
522	514
522	530
522	208
174	384
174	312
174	1033
174	721
174	88
174	708
174	871
174	623
174	284
174	386
174	739
174	369
174	699
174	244
174	237
174	553
174	13
174	1
174	29
174	845
174	1035
174	280
174	902
174	723
174	40
174	118
174	451
174	162
174	415
174	288
174	433
174	988
174	934
174	393
174	781
174	655
174	196
174	724
174	949
174	100
174	575
174	12
174	69
174	246
174	293
174	117
174	1041
174	49
174	210
174	381
174	347
174	1139
174	395
174	65
174	125
174	1086
174	582
174	662
174	953
174	147
174	333
174	747
174	1230
174	216
174	1221
174	167
174	15
174	143
174	950
174	402
174	132
174	215
174	160
174	412
174	315
174	1282
174	1311
174	571
174	648
174	221
174	80
174	471
174	823
174	340
174	98
174	197
174	41
174	269
174	107
174	709
174	1001
174	168
174	905
174	11
174	1312
174	417
174	140
174	722
174	56
174	1091
174	1254
174	124
174	278
174	122
174	696
174	716
174	50
174	139
174	762
174	388
174	21
174	268
174	364
174	1028
174	423
174	1017
174	63
174	1262
174	383
174	577
174	158
174	14
174	1313
174	202
174	111
174	768
174	407
174	70
174	204
174	155
174	476
174	368
174	780
174	151
174	937
174	31
174	82
174	67
174	546
174	458
174	951
174	9
174	862
208	524
208	302
208	208
208	216
208	86
208	367
208	310
208	56
208	996
208	70
208	428
208	430
208	663
208	662
208	202
208	197
208	194
208	739
208	781
208	393
208	371
208	514
208	517
208	66
208	88
208	402
208	435
715	284
715	216
715	257
715	205
715	183
715	53
715	125
715	100
715	549
715	4
715	425
715	159
715	685
715	739
715	204
715	208
715	564
715	68
715	222
715	480
715	318
715	237
715	82
715	181
715	64
715	1047
715	658
715	71
715	206
715	1
715	11
715	97
715	1011
715	239
715	367
715	826
715	268
715	157
715	274
715	121
715	778
715	746
715	50
715	743
715	713
715	249
715	98
715	7
715	232
715	941
715	595
715	273
715	182
715	1217
715	58
715	410
715	155
715	248
715	761
715	471
715	172
715	39
715	70
715	697
715	96
715	288
715	732
715	282
715	1222
715	939
715	376
715	90
715	588
715	106
715	87
715	977
715	73
715	926
715	83
715	108
715	629
715	193
715	118
715	79
715	944
715	69
715	196
715	101
715	40
715	174
715	92
715	735
715	789
715	1088
715	175
715	276
715	231
715	173
715	627
715	426
715	692
715	168
715	28
715	755
715	433
715	144
715	576
715	455
715	150
715	1188
715	234
715	111
715	195
715	88
715	976
715	217
715	89
715	143
715	470
715	254
715	756
715	227
715	591
715	405
715	1215
715	546
715	265
715	412
715	24
715	462
715	117
715	955
715	27
715	252
715	235
337	392
337	250
337	67
337	25
337	631
337	181
337	106
337	125
337	515
337	230
337	235
337	1133
337	831
337	636
337	371
337	222
337	380
337	121
337	228
337	229
337	50
337	15
337	227
337	520
337	257
337	471
337	1016
337	135
24	699
24	729
24	518
24	127
24	7
24	71
24	662
24	372
24	486
24	288
24	79
24	191
24	8
24	1007
24	64
24	275
24	508
24	763
24	357
24	129
24	69
24	176
24	258
24	109
24	97
24	9
24	98
24	742
24	11
24	41
24	276
24	132
24	180
24	25
24	223
24	178
24	12
24	153
24	318
24	173
24	475
24	58
24	237
24	427
24	324
24	477
24	655
24	56
24	289
24	151
24	249
24	55
24	402
24	358
24	300
24	92
468	251
468	97
468	1051
468	435
468	432
468	96
468	286
468	178
468	121
468	143
468	209
468	192
468	471
468	498
468	428
468	70
468	82
468	204
468	89
468	160
468	237
468	98
468	469
468	222
468	159
468	529
468	955
468	55
468	642
468	42
468	25
468	50
468	826
468	118
468	952
468	582
468	321
468	226
468	71
468	135
468	367
468	69
468	246
468	544
468	180
468	297
468	126
468	423
468	91
468	692
468	461
468	285
468	275
468	647
468	603
468	724
468	943
468	39
468	238
468	772
468	283
468	195
468	191
468	475
468	318
468	249
468	170
468	127
468	4
468	58
468	116
468	23
468	12
468	1008
468	15
468	926
468	51
468	531
468	248
468	357
468	294
468	1070
468	1
468	100
468	7
468	584
468	218
468	216
468	22
468	153
468	117
468	662
468	508
468	1012
468	111
468	19
468	214
468	462
468	95
468	8
468	161
468	13
468	293
468	372
468	172
468	64
468	655
468	182
468	181
468	405
468	273
468	173
468	174
468	65
468	200
210	98
210	404
210	926
210	154
210	134
210	274
210	234
210	465
210	629
210	956
210	568
210	44
210	152
210	216
210	315
210	684
210	208
210	187
210	205
210	105
210	419
210	4
210	161
210	72
210	56
210	180
210	443
210	357
210	28
210	153
210	97
210	517
210	135
210	94
210	202
210	188
210	392
210	163
210	969
210	657
210	751
210	200
210	173
210	25
210	204
210	708
210	96
210	679
210	257
210	380
210	99
210	423
210	58
210	655
210	514
210	654
210	435
210	792
210	40
210	483
210	1012
210	168
210	1118
210	402
210	953
210	451
210	127
210	114
210	210
210	211
210	70
210	255
210	393
210	49
210	832
210	732
210	197
210	181
210	235
210	501
210	172
210	447
210	182
210	502
210	523
210	185
210	132
210	300
210	301
210	73
210	50
210	651
210	420
210	65
210	484
210	327
210	15
210	821
210	631
210	722
210	160
210	88
210	1028
210	186
210	276
210	222
3	329
3	353
3	303
3	323
3	342
3	307
3	322
3	288
3	349
3	341
3	324
3	352
3	319
3	335
3	321
3	258
3	181
3	268
3	325
3	331
3	340
3	271
3	344
3	272
3	345
3	343
3	327
3	355
3	347
3	354
3	334
3	338
3	299
3	245
3	264
3	330
3	350
3	317
3	346
3	333
3	326
3	294
3	318
3	351
66	1016
66	21
66	257
66	286
66	475
66	117
66	508
66	181
66	295
66	1
66	9
66	298
66	300
66	294
66	248
66	763
66	24
66	127
66	742
66	284
66	281
66	282
66	249
66	280
66	7
66	121
66	597
66	741
66	288
66	471
66	405
66	15
559	187
559	521
559	12
559	56
559	197
559	233
559	519
559	257
559	153
559	427
559	514
559	660
559	385
559	194
559	398
559	144
559	315
559	902
559	210
559	216
559	261
559	55
559	1401
559	515
559	311
559	520
559	70
559	502
559	511
559	550
559	167
559	508
559	180
559	87
559	1141
559	238
559	4
559	347
559	652
559	318
559	513
559	265
559	205
559	188
559	1101
559	94
559	687
559	191
559	163
559	527
559	566
559	435
559	226
559	587
559	393
559	204
559	524
559	127
559	661
559	1556
559	199
559	69
132	154
132	523
132	175
132	251
132	1154
132	127
132	806
132	151
132	521
132	137
132	100
132	484
132	50
132	275
132	12
132	922
132	285
132	56
527	1109
527	100
527	93
527	144
527	962
527	507
527	183
527	50
527	210
527	182
527	508
527	204
527	628
527	69
527	651
527	190
527	963
527	526
527	498
527	60
527	514
527	169
527	174
527	19
527	192
527	318
527	91
527	528
527	187
527	657
527	652
527	116
527	499
527	603
527	285
527	631
527	202
527	86
527	99
527	423
527	23
527	134
527	7
527	317
527	191
527	558
527	588
527	1333
527	324
527	646
527	655
527	496
527	59
527	22
527	208
527	467
527	462
527	28
527	170
527	234
527	201
527	200
527	517
527	661
527	127
527	197
527	124
527	12
527	433
527	513
527	4
527	11
527	855
527	214
527	56
527	238
527	203
527	176
527	181
527	213
527	70
527	1101
527	172
527	659
527	582
527	671
527	466
527	653
527	96
527	185
527	211
527	286
527	180
527	179
527	135
527	868
527	479
527	193
527	156
527	543
527	474
527	647
527	1149
527	878
527	640
527	425
527	154
527	1211
527	531
527	475
527	492
254	432
254	286
254	132
254	554
254	50
254	1
254	82
254	768
254	951
254	112
254	892
254	15
254	200
254	625
254	429
254	419
254	204
254	172
254	174
254	655
254	1183
254	22
254	871
254	405
254	629
254	465
254	211
254	577
254	143
254	662
254	679
254	379
254	584
254	230
254	755
254	210
254	168
254	496
254	133
254	78
254	167
254	417
254	1033
254	501
254	575
254	141
254	62
254	621
254	624
254	842
254	423
254	573
254	1469
254	259
254	90
254	357
254	622
254	1470
254	498
254	21
254	612
254	240
254	125
254	234
254	403
254	457
254	219
254	435
254	102
254	616
254	35
254	343
254	269
254	678
254	121
254	561
254	313
254	526
254	649
254	436
254	389
254	596
254	1133
254	64
254	162
254	415
254	1444
254	393
254	186
254	225
254	1050
254	1091
254	451
254	69
254	126
254	8
254	118
254	1443
254	588
254	176
254	199
254	229
254	610
254	472
254	1263
254	238
254	231
254	138
254	164
254	71
254	443
254	1060
254	416
254	265
254	151
254	1028
254	75
254	400
254	97
254	665
254	135
254	196
254	98
254	99
254	699
254	241
254	94
254	142
254	380
300	1012
300	687
300	322
300	294
300	328
300	243
300	881
300	300
300	876
300	288
300	264
300	833
300	456
300	257
300	100
300	261
382	7
382	168
382	276
382	50
382	183
382	508
382	286
382	56
382	639
382	1268
382	511
382	252
382	334
382	180
382	496
382	171
382	258
382	357
382	546
382	1142
382	1381
382	59
382	137
382	122
382	151
382	134
382	514
382	127
382	98
382	1017
382	100
382	1534
382	481
382	197
382	717
382	531
382	475
382	177
382	482
382	14
382	756
382	235
382	504
396	930
396	329
396	9
396	118
396	619
396	841
396	274
396	288
396	25
396	597
396	245
396	1215
396	1025
396	328
396	100
396	291
396	472
396	1
396	117
396	323
396	1399
396	151
396	717
396	591
396	742
396	322
396	823
396	222
396	333
396	121
396	471
396	1028
396	406
396	595
396	751
396	405
396	455
396	125
396	271
396	106
396	546
396	282
396	977
396	678
8	22
8	241
8	336
8	127
8	227
8	228
8	177
8	566
8	243
8	176
8	518
8	172
8	358
8	96
8	688
8	50
8	79
8	457
8	301
8	273
8	685
8	187
8	294
8	684
8	222
8	55
8	511
8	89
8	687
8	190
8	56
8	210
8	403
8	338
8	11
8	7
8	341
8	82
8	188
8	689
8	568
8	181
8	686
8	229
8	385
8	435
8	195
8	258
8	182
706	331
706	471
706	100
706	742
706	117
706	24
706	410
706	245
706	258
706	118
706	9
706	25
706	1
706	294
706	273
706	288
706	323
706	687
706	50
706	756
706	325
706	148
706	628
706	125
706	7
272	175
272	469
272	96
272	357
272	12
272	205
272	178
272	8
272	234
272	521
272	69
272	210
272	98
272	201
272	32
272	208
272	172
272	604
272	746
272	772
272	204
272	423
272	174
272	56
272	654
272	183
272	127
272	200
272	317
272	50
272	238
272	133
272	211
272	11
272	483
272	194
272	193
272	1393
272	651
272	187
272	48
575	506
575	96
575	531
575	304
575	182
575	79
575	181
575	111
575	215
575	603
575	50
575	483
575	194
575	176
575	507
575	321
575	173
575	98
575	322
575	963
575	127
575	318
736	248
736	748
736	1089
736	532
736	1388
736	323
736	296
736	253
736	181
736	1278
736	293
736	294
736	127
736	50
736	254
736	515
736	286
736	257
736	255
736	533
284	305
284	332
284	328
284	539
284	272
284	751
284	750
284	289
284	339
284	315
284	319
284	877
284	690
284	300
284	269
284	754
284	302
284	938
284	322
284	347
284	682
284	262
284	333
284	346
284	270
284	324
284	307
284	900
284	906
284	340
284	887
284	304
284	259
284	903
284	301
284	334
284	306
284	344
284	303
702	230
702	748
702	450
702	346
702	258
702	288
702	449
702	1127
702	538
702	294
702	313
702	229
702	343
702	879
702	259
702	307
702	227
702	350
702	751
702	690
702	228
702	300
702	380
702	895
702	352
172	220
172	485
172	1134
172	603
172	483
172	23
172	178
172	514
172	612
172	183
172	606
172	177
172	772
172	124
172	697
172	430
172	488
172	1172
172	463
172	425
172	478
172	462
172	580
660	186
660	603
660	216
660	1050
660	485
660	64
660	134
660	222
660	491
660	272
660	229
660	472
660	29
660	419
660	386
660	470
660	675
660	316
660	87
660	625
660	748
660	1181
660	38
660	235
660	123
660	473
660	449
660	250
660	84
660	257
660	144
660	71
660	91
660	462
660	527
660	739
660	83
660	63
660	403
660	1139
660	259
660	266
660	826
660	56
660	98
660	890
660	173
660	550
660	542
660	434
660	1483
660	182
660	349
660	219
660	95
660	290
660	67
660	496
660	239
660	168
660	2
660	161
660	120
660	430
660	1419
660	357
660	1183
660	80
660	301
660	139
660	159
660	181
660	429
660	1035
660	209
660	201
660	393
660	456
660	135
660	510
660	444
660	17
660	82
660	50
660	151
660	97
660	1078
660	636
660	1615
660	167
660	930
660	328
660	47
660	404
660	243
660	227
660	1240
660	742
660	809
660	786
660	483
660	680
660	318
660	294
660	679
660	810
660	183
660	569
660	926
660	125
660	117
660	1411
660	94
660	118
660	24
660	22
660	391
660	658
660	89
660	8
660	1133
660	1135
660	1074
660	515
660	121
660	946
660	358
660	231
660	846
660	96
660	197
660	1065
660	153
660	385
660	208
660	217
660	568
660	402
660	710
660	825
660	313
660	40
660	174
660	898
660	298
660	652
660	362
660	33
660	249
660	657
660	435
660	428
660	392
660	72
660	431
660	176
660	800
660	196
660	163
660	62
660	254
660	845
660	265
660	722
660	179
660	230
660	238
660	307
660	202
660	663
660	252
660	747
660	177
660	172
660	347
660	380
660	315
660	546
660	207
660	1020
622	479
622	162
622	568
622	1303
622	781
622	184
622	99
622	7
622	993
622	1203
622	231
622	121
622	209
622	175
622	96
622	934
622	1
622	418
622	845
622	294
622	248
622	156
622	88
622	866
622	284
622	165
622	199
622	56
622	1216
622	1181
622	202
622	578
622	364
622	386
622	89
622	24
622	105
622	1230
622	558
622	218
622	280
622	215
622	207
622	168
622	756
622	725
622	66
622	154
622	159
622	127
622	206
622	30
622	763
622	135
622	98
622	204
622	396
622	855
622	1419
622	190
622	250
622	3
622	1149
622	685
622	977
622	431
622	198
622	183
622	64
622	195
622	161
622	8
622	1408
622	978
622	252
622	391
622	174
622	427
622	69
622	253
622	1078
622	11
622	118
622	1074
622	553
622	41
622	395
622	1231
622	86
622	404
622	111
622	780
622	67
622	83
622	719
622	125
622	95
622	50
622	693
622	176
622	1552
622	277
622	625
622	433
622	367
622	552
622	769
622	47
622	196
622	100
622	169
622	29
622	451
622	109
622	519
622	217
622	2
622	166
622	233
622	674
622	808
622	72
622	212
622	222
622	742
622	402
622	90
622	450
622	213
622	739
622	132
622	46
622	144
622	484
622	172
622	588
622	240
622	117
622	506
622	586
622	597
622	1411
622	405
622	1406
622	363
622	385
622	120
622	210
622	9
622	49
622	4
622	373
622	185
622	31
622	482
622	106
622	1407
622	423
622	380
622	737
622	15
622	480
622	721
622	79
622	797
622	511
622	94
622	434
622	22
622	229
622	283
622	665
622	142
622	532
622	403
622	1060
622	257
622	1228
622	227
622	82
622	474
622	679
622	1039
622	1016
855	45
855	531
855	855
855	475
855	86
855	171
855	638
855	582
855	198
855	170
855	512
855	919
855	60
855	166
855	510
855	283
855	529
855	462
855	165
652	395
652	323
652	288
652	699
652	125
652	257
652	538
652	286
652	96
652	307
652	282
652	328
652	301
652	275
652	300
652	259
652	748
652	245
697	50
697	301
697	1
697	742
697	456
697	754
697	331
697	288
697	763
697	818
697	237
697	591
697	546
697	245
697	343
697	125
697	252
697	305
697	815
697	295
697	323
697	126
697	682
697	181
697	975
697	1160
697	254
697	307
697	263
697	979
697	1047
697	928
697	277
697	270
697	260
697	250
697	294
697	291
697	284
697	989
697	271
697	713
697	324
697	282
697	339
697	244
697	1012
697	1059
697	986
697	333
697	881
697	879
697	683
697	225
697	325
697	118
697	122
697	121
697	833
697	235
697	276
697	1022
697	326
697	283
697	1089
697	1245
697	748
697	286
697	25
697	287
697	150
697	302
697	628
697	242
697	336
697	820
697	886
697	127
697	298
697	751
697	369
697	257
697	107
697	280
697	595
817	455
817	329
817	245
817	300
817	294
817	273
817	1
817	831
817	289
817	258
817	405
817	363
817	129
817	281
817	327
817	928
817	546
817	222
817	748
817	328
817	597
817	15
817	924
817	288
817	147
817	121
817	876
817	117
817	9
817	124
321	633
321	56
321	510
321	432
321	211
321	511
321	709
321	186
321	651
321	435
321	657
321	603
321	64
321	519
321	529
321	173
321	704
321	428
321	647
321	276
321	419
321	30
321	283
321	45
321	463
321	855
321	100
321	521
321	478
321	174
321	1028
321	124
321	1126
321	50
321	83
321	32
321	7
321	52
321	116
321	611
321	133
321	205
321	199
321	191
321	527
321	216
321	182
321	515
321	153
321	485
321	654
321	193
321	1101
321	531
321	180
321	507
321	87
321	59
321	48
321	175
321	215
321	20
321	604
321	198
321	61
321	494
321	224
321	190
321	221
321	493
321	14
321	135
321	526
321	513
321	483
321	491
321	357
321	8
321	631
321	730
321	496
321	1050
321	530
321	736
321	382
321	287
321	607
321	131
321	615
321	132
321	480
321	484
321	212
321	19
321	86
321	143
321	213
321	479
321	663
321	659
321	498
97	603
97	133
97	172
97	82
97	28
97	115
97	183
97	83
97	204
97	98
97	69
97	434
97	195
97	23
97	496
97	153
97	135
97	408
97	431
97	89
97	96
97	663
97	191
97	169
97	222
97	428
97	357
97	435
97	79
97	919
97	208
97	202
97	429
97	655
97	1126
97	97
97	482
97	484
97	174
97	175
97	32
97	189
97	192
97	197
97	173
97	1
97	50
97	7
97	670
97	423
97	194
523	210
523	582
523	257
523	1069
523	163
523	1121
523	1047
523	934
523	866
523	384
523	83
523	167
523	549
523	508
523	166
523	954
523	14
523	202
523	301
523	154
523	629
523	634
523	944
523	56
523	663
523	114
523	408
523	412
523	476
523	95
523	638
523	1041
523	662
523	186
523	72
523	67
523	208
523	393
523	3
523	694
523	25
523	1195
523	652
523	477
523	153
523	949
523	289
523	179
523	1014
523	155
523	1472
523	169
523	1
523	732
523	935
523	523
523	194
523	306
523	874
523	97
523	213
523	430
523	66
523	514
523	197
523	50
523	407
523	269
523	168
523	285
523	258
523	516
523	727
523	794
523	722
523	204
523	189
523	575
523	116
523	255
891	285
891	15
891	118
891	50
891	476
891	1197
891	866
891	597
891	126
891	111
891	280
891	717
891	25
891	934
891	933
891	742
891	237
891	286
891	409
891	978
891	117
891	1040
891	274
891	740
891	313
891	282
891	107
891	756
891	1278
891	531
891	924
891	121
891	281
891	471
891	116
891	148
891	1028
891	405
891	127
253	679
253	125
253	1016
253	1468
253	210
253	79
253	156
253	89
253	173
253	647
253	482
253	742
253	127
253	234
253	222
253	1
253	433
253	97
253	427
253	259
253	685
253	328
253	117
253	8
253	168
253	518
253	203
253	282
253	81
253	15
253	485
253	198
253	1404
253	243
253	95
253	98
253	732
253	527
253	87
253	1025
253	96
253	655
253	566
253	591
253	331
253	153
253	659
253	318
253	200
253	4
253	188
253	56
253	132
253	83
253	12
253	523
253	183
253	298
253	966
253	568
253	806
253	751
253	483
253	747
253	50
253	588
253	343
253	1039
253	175
253	294
253	300
253	448
253	216
253	487
253	182
253	100
253	237
253	689
253	220
153	64
153	216
153	56
153	50
153	181
153	568
153	325
153	265
153	323
153	172
153	22
153	79
153	127
153	187
153	321
153	678
153	357
153	182
153	510
191	891
191	340
191	339
191	288
191	752
191	332
191	328
191	750
191	300
191	345
191	900
191	272
191	301
191	315
191	343
191	307
191	896
191	86
191	316
191	331
191	302
191	286
191	269
601	1084
601	201
601	508
601	455
601	210
601	1135
601	405
601	418
601	96
601	411
601	699
601	154
601	294
601	222
601	228
601	241
601	476
601	47
601	225
601	842
601	239
601	234
601	1540
601	934
601	118
601	419
601	928
601	584
601	208
601	257
601	9
601	443
601	8
601	183
601	421
601	163
601	21
601	389
601	148
601	483
601	284
601	834
601	1039
601	181
601	230
601	157
601	673
601	98
601	387
601	179
601	357
601	87
601	431
601	276
601	133
601	1615
601	472
601	176
601	64
601	22
601	100
601	91
601	186
601	191
601	156
601	504
601	184
601	496
601	288
601	250
601	204
601	196
601	121
601	427
601	1079
601	238
601	127
601	125
601	325
601	198
601	56
601	172
601	174
601	949
601	151
601	416
601	12
601	135
601	82
601	1063
601	436
601	318
601	50
601	173
601	591
601	1028
601	406
601	1116
601	141
601	153
601	1073
601	1047
601	820
601	378
601	479
601	164
601	921
601	429
601	39
601	588
601	475
601	178
601	840
601	287
601	260
601	143
601	99
601	65
601	382
601	140
465	100
465	127
465	12
465	496
465	8
465	855
465	50
465	474
465	423
465	275
465	154
465	258
465	56
465	135
465	511
465	216
465	143
465	651
465	7
465	64
465	151
465	134
465	97
465	475
465	281
465	191
465	588
465	286
465	257
465	835
465	525
465	404
465	705
465	114
465	48
465	132
465	87
465	428
465	1078
465	179
465	318
465	136
465	357
465	28
465	478
465	584
465	202
465	199
465	477
465	408
465	868
465	109
465	172
465	1
465	300
465	836
465	283
465	845
465	528
465	22
465	638
465	513
465	98
465	656
223	597
223	25
223	252
223	984
223	258
223	423
223	969
223	278
223	845
223	742
223	926
223	143
223	1009
223	411
223	369
223	313
223	323
223	237
223	8
223	339
223	826
223	470
223	866
223	22
223	846
223	298
223	682
223	908
223	288
223	993
223	873
223	121
223	596
223	1088
223	155
223	929
223	329
223	286
223	249
223	749
223	405
223	289
223	257
223	1197
223	974
223	274
223	977
223	820
223	255
223	546
223	975
223	120
223	333
223	111
223	477
223	591
223	295
223	11
223	1014
223	322
223	1052
223	318
223	717
223	328
223	1051
223	1291
223	284
223	125
223	259
223	1
223	332
223	864
223	930
223	1234
223	1284
223	309
223	28
223	117
223	1300
223	282
223	69
223	173
223	225
223	535
223	620
912	616
912	653
912	1041
912	192
912	168
912	474
912	659
912	648
912	496
912	610
912	427
912	523
912	357
912	443
912	419
912	173
912	172
912	501
912	28
912	655
912	423
912	483
912	238
912	661
912	204
912	318
912	654
912	498
912	194
912	14
912	132
912	15
912	602
912	152
912	56
912	418
912	520
912	517
912	174
912	646
912	97
912	64
912	611
187	196
187	86
187	204
187	186
187	663
187	735
187	216
187	694
187	659
187	134
187	435
187	173
187	214
187	64
187	462
187	65
187	792
187	179
187	210
187	433
187	137
187	23
187	522
187	241
187	191
187	8
187	1119
187	582
187	710
187	135
187	651
187	213
187	707
187	209
187	215
187	523
187	116
187	175
187	69
187	83
187	427
187	423
187	428
187	52
187	28
187	300
933	181
933	167
933	585
933	229
933	746
933	39
933	1183
933	180
933	710
933	577
933	69
933	159
933	470
933	483
933	384
933	202
933	62
933	196
933	164
933	28
933	447
933	449
933	451
933	233
933	172
933	651
933	1188
933	385
933	153
933	89
933	232
933	940
933	441
933	317
933	52
933	1228
933	575
933	405
933	284
933	265
933	216
933	1017
933	934
933	452
933	12
933	1110
933	157
933	105
933	127
933	53
933	231
933	227
933	550
933	357
933	174
933	56
933	58
933	318
933	732
933	559
933	1
933	959
933	583
933	230
933	186
933	204
933	1037
933	597
933	569
933	823
933	834
933	568
933	183
933	125
933	211
933	200
933	98
933	88
933	1070
933	21
933	215
933	410
933	95
933	840
933	222
933	561
933	94
933	7
933	182
933	67
933	50
933	467
933	176
933	4
933	82
933	735
933	665
933	87
933	22
933	403
933	144
933	218
933	135
933	179
933	160
933	195
933	73
933	80
933	187
933	210
933	273
933	156
933	132
933	636
933	433
933	42
933	100
933	654
933	11
933	576
933	391
933	173
933	367
933	193
933	25
933	627
933	194
933	117
933	214
933	476
933	866
933	209
933	175
933	578
933	97
933	474
933	121
933	241
933	523
933	64
933	226
933	508
933	70
933	238
933	168
933	234
933	789
933	1246
440	213
440	1504
440	736
440	1073
440	904
440	361
440	283
440	324
440	512
440	921
440	515
440	70
440	988
440	198
440	300
440	749
440	312
440	1194
440	258
440	971
440	923
440	1038
440	350
440	1105
440	171
440	690
440	242
440	310
440	271
440	883
440	323
440	245
440	313
440	243
440	304
440	329
440	272
440	340
440	1191
440	886
440	462
669	300
669	329
669	192
669	118
669	915
669	408
669	169
669	302
669	483
669	258
669	96
669	7
669	879
669	427
669	480
669	517
669	248
669	175
669	649
669	268
669	505
669	902
669	474
669	257
669	657
669	97
669	347
669	898
669	290
669	490
669	614
669	515
669	252
669	168
669	12
669	194
669	172
669	514
669	190
669	647
669	664
669	462
669	181
669	174
669	196
669	114
669	133
669	521
669	195
669	324
669	127
669	475
669	22
669	150
669	125
669	271
669	79
669	348
669	310
669	522
669	508
669	111
669	527
669	56
669	357
669	326
669	121
669	117
669	313
669	603
669	191
669	151
669	246
669	187
669	340
669	482
669	749
669	64
669	269
669	523
794	248
794	109
794	19
794	557
794	221
794	14
794	275
794	473
794	137
794	285
794	100
794	249
794	257
794	13
794	50
794	187
794	150
794	1251
794	847
794	887
794	1
794	116
794	286
794	118
794	269
794	455
794	242
794	273
794	514
794	936
794	127
794	238
794	515
517	740
517	300
517	761
517	333
517	328
517	131
517	222
517	1177
517	755
517	538
517	284
517	269
517	311
517	275
517	25
517	597
517	873
517	127
517	50
517	283
517	237
517	1
517	105
517	111
517	1016
517	294
517	117
517	369
517	258
517	748
517	405
419	488
419	28
419	14
419	478
419	197
419	1
419	604
419	405
419	306
419	617
419	100
419	173
419	191
419	705
419	181
419	269
419	223
419	50
419	514
419	286
419	1451
419	615
419	79
419	494
419	89
419	257
703	9
703	328
703	926
703	15
703	288
703	1012
703	123
703	259
703	845
703	591
703	628
703	118
703	294
703	864
703	322
703	25
703	147
703	275
703	50
703	1047
703	458
703	410
703	300
703	819
703	276
703	1197
703	508
703	742
703	237
703	121
703	471
703	7
703	748
703	181
703	1
703	764
703	293
703	323
703	993
101	975
101	109
101	121
101	257
101	742
101	288
101	763
101	278
101	1028
101	125
101	24
101	926
101	225
101	7
101	280
101	1051
101	1132
101	820
101	819
101	1047
101	596
101	281
101	756
101	595
101	841
101	282
101	845
101	252
101	123
101	472
101	122
101	1093
101	304
101	866
101	928
101	147
101	924
101	717
101	411
101	118
101	50
101	1057
101	471
101	181
101	1009
101	840
101	979
101	829
101	370
101	111
101	284
101	222
101	405
101	815
101	546
786	871
786	100
786	237
786	197
786	866
786	280
786	230
786	98
786	240
786	82
786	181
786	265
786	117
786	588
786	179
786	404
786	7
786	655
786	484
786	95
786	276
786	228
786	289
786	70
786	15
786	186
786	419
786	376
786	180
786	222
786	684
786	111
786	174
786	198
786	204
786	451
786	528
786	318
786	9
786	211
786	1044
786	497
786	285
786	281
786	520
786	71
786	86
786	471
786	709
786	125
786	381
786	199
786	849
786	121
786	546
786	286
786	176
786	501
786	455
786	143
786	99
786	188
786	385
786	708
786	50
786	161
786	234
786	724
786	69
786	405
786	88
786	28
786	238
786	1
786	699
786	4
786	231
786	465
786	449
786	423
786	127
786	416
786	203
786	418
786	322
786	177
786	429
786	126
786	216
786	458
786	187
786	692
786	210
786	504
786	275
205	322
205	286
205	1025
205	269
205	678
205	316
205	294
205	258
205	304
205	289
205	328
205	313
205	315
205	300
205	268
205	748
205	984
205	242
812	333
812	1393
812	328
812	881
812	289
812	332
812	873
812	261
812	300
812	292
812	288
812	302
812	678
812	748
812	682
812	245
189	225
189	131
189	96
189	487
189	847
189	14
189	479
189	433
189	934
189	129
189	527
189	654
189	196
189	485
189	59
189	20
189	134
189	61
189	1400
189	281
189	496
189	638
189	45
189	632
189	24
189	100
189	276
189	191
189	423
189	603
189	317
189	178
189	618
189	516
189	194
189	1
189	517
189	568
189	44
189	9
189	120
189	50
189	532
189	16
189	204
189	990
189	511
189	124
189	510
189	297
189	500
189	89
189	492
189	657
189	56
189	28
189	157
189	60
189	241
189	607
189	7
189	197
189	661
189	489
189	99
189	1372
189	248
189	742
189	952
189	474
189	639
189	1056
189	135
189	214
189	118
189	1065
189	246
189	238
189	10
189	523
189	525
189	1099
189	1020
189	79
189	216
189	1005
189	486
189	8
189	83
189	1060
189	1403
189	172
189	313
189	4
189	418
189	136
189	151
189	175
189	505
189	165
189	121
189	268
189	132
189	1115
189	253
189	405
189	15
189	663
189	484
189	180
189	30
189	531
189	378
189	127
189	199
189	520
189	751
189	792
189	198
189	179
189	209
189	150
189	914
189	483
189	185
189	203
189	596
189	21
189	1315
189	173
189	166
189	1401
189	91
189	498
189	630
189	659
189	732
189	694
189	503
189	588
189	170
189	820
189	275
189	459
189	863
189	582
189	207
189	480
189	1117
189	499
189	634
857	275
857	892
857	259
857	300
857	328
857	116
857	24
857	348
857	258
857	321
857	294
857	475
857	898
857	988
857	325
857	20
857	547
857	304
614	871
614	286
614	294
614	235
614	255
614	147
614	293
614	237
614	472
614	25
614	279
614	126
614	9
614	281
614	508
614	100
614	535
614	756
614	546
614	1009
614	117
614	122
614	405
614	121
614	288
614	410
614	287
614	717
614	458
614	289
614	1142
614	476
614	14
600	182
600	583
600	399
600	518
600	665
600	550
600	515
600	176
600	22
600	568
600	89
600	269
600	540
600	810
600	1274
600	802
600	391
600	576
600	779
600	510
600	761
600	586
600	226
600	526
600	554
600	566
600	1004
600	177
600	172
600	1419
600	27
600	228
600	187
600	1110
600	195
600	651
600	231
600	188
600	511
600	181
600	92
600	174
600	449
600	230
600	161
600	183
600	229
600	29
600	373
600	679
600	2
600	450
600	1188
600	82
600	385
600	947
600	127
600	1407
600	1239
600	62
600	431
600	759
600	233
600	562
600	435
600	50
600	771
600	241
600	403
600	96
600	4
600	720
600	38
103	98
103	405
103	50
103	255
103	1089
103	69
103	121
103	250
103	222
103	117
103	252
103	96
103	127
103	301
103	144
103	126
103	204
103	24
103	300
103	471
103	487
103	118
103	181
103	211
103	257
646	307
646	354
646	272
646	682
646	294
646	347
646	893
646	1313
646	908
646	877
646	1176
646	332
646	313
646	286
646	683
646	328
646	880
646	349
646	1022
646	352
646	258
646	319
646	895
646	315
646	892
646	748
646	310
646	259
646	288
646	690
646	751
646	750
246	240
246	195
246	853
246	204
246	827
246	68
246	561
246	227
246	541
246	895
246	230
246	289
246	728
246	196
246	741
246	932
246	232
246	81
246	1073
246	1232
246	174
246	211
246	1411
246	239
246	80
246	155
246	720
246	628
246	416
246	356
246	99
246	724
246	420
246	109
246	29
246	919
246	208
246	547
246	98
246	739
246	121
246	198
246	1228
246	172
246	633
246	444
246	758
246	475
246	412
246	369
246	158
246	578
246	765
246	82
246	409
246	67
246	567
246	181
246	451
246	17
246	24
246	138
246	981
246	1028
246	56
246	477
246	679
246	173
246	216
246	210
246	69
246	652
246	809
246	735
246	3
246	470
246	1188
246	185
246	431
246	1101
246	596
246	1052
246	8
246	616
246	941
246	841
246	55
246	675
246	284
246	469
246	235
246	410
246	66
246	77
246	202
246	402
246	447
246	254
246	92
246	219
246	393
246	97
246	176
246	132
246	743
246	550
246	250
246	658
246	665
246	585
246	83
246	95
246	425
246	164
246	226
246	413
246	288
246	1135
246	236
246	432
246	790
246	145
246	572
246	441
246	260
246	1220
246	159
246	257
246	238
246	418
246	96
246	118
246	117
246	993
246	111
246	252
246	151
246	38
246	597
246	25
246	401
246	175
246	384
246	570
246	133
246	12
246	94
246	1089
246	672
246	559
246	746
246	1222
246	265
246	840
246	849
246	385
246	588
925	332
925	559
925	816
925	773
925	245
925	325
925	324
925	185
925	260
925	447
925	682
925	558
925	678
925	5
925	288
925	327
925	563
925	333
925	299
925	672
925	561
925	876
925	56
925	788
925	323
925	200
501	1011
501	121
501	122
501	1007
501	544
501	508
501	628
501	313
501	129
501	150
501	475
501	147
501	369
501	117
501	274
501	741
501	685
501	597
501	845
501	273
501	405
501	591
501	928
501	546
501	952
501	1534
501	13
501	342
501	293
501	1278
501	678
501	294
501	257
501	222
501	118
501	7
501	829
501	288
501	25
501	406
501	245
501	100
501	298
501	127
501	410
501	1081
501	840
501	282
501	844
501	125
501	276
501	411
501	922
501	696
501	124
501	324
501	181
501	237
501	307
717	980
717	358
717	222
717	237
717	301
717	751
717	282
717	7
717	271
717	1051
717	312
717	125
717	302
717	846
717	307
717	475
717	268
717	748
717	300
717	281
717	111
717	299
717	288
717	291
717	130
717	327
717	476
717	742
717	285
717	258
717	100
717	50
717	106
717	472
717	25
717	995
717	148
717	831
717	117
717	628
717	328
717	324
717	280
717	121
717	1137
717	591
717	455
717	127
717	815
717	286
717	246
717	1047
717	260
717	287
717	289
717	126
717	274
717	866
717	250
717	240
717	471
717	685
717	293
717	326
717	887
717	1282
717	269
717	975
717	24
717	597
717	331
717	150
717	1011
717	322
717	245
754	273
754	255
754	340
754	744
754	9
754	676
754	127
754	922
754	359
754	292
754	1197
754	937
754	117
754	282
754	286
754	276
754	237
754	291
754	328
754	284
754	293
754	15
754	307
754	118
754	1016
754	476
754	477
754	243
459	7
459	1039
459	742
459	250
459	651
459	15
459	405
459	328
459	1013
459	255
459	259
459	216
459	748
459	274
459	409
459	301
459	245
459	323
459	989
459	322
459	815
459	127
459	472
459	181
459	16
459	1047
459	1040
459	3
459	164
459	333
459	1014
459	222
459	147
459	289
459	291
459	111
459	678
459	134
459	523
459	108
459	148
459	685
459	1115
459	471
459	357
459	934
459	105
459	473
459	100
459	260
459	926
459	121
459	1
459	879
459	846
459	969
459	295
459	257
459	300
459	264
459	307
459	832
459	336
459	220
459	866
459	258
459	275
459	79
459	172
459	174
459	597
459	294
459	278
459	596
459	235
459	619
459	282
459	50
459	978
459	298
459	286
459	8
459	864
459	332
459	568
459	194
459	117
459	25
459	22
459	825
459	249
459	1038
459	123
459	98
459	411
459	676
595	369
595	129
595	1047
595	290
595	1059
595	460
595	922
595	880
595	929
595	820
595	410
595	15
595	274
595	258
595	121
595	930
595	1009
595	546
595	544
595	744
595	871
595	368
595	222
595	3
595	952
595	14
595	268
595	1259
595	1010
595	325
595	411
595	678
595	275
595	986
595	111
595	864
595	763
595	151
595	298
595	50
595	288
595	472
595	109
595	289
595	336
595	1061
595	717
595	358
595	1142
595	237
595	591
595	948
595	255
595	1023
595	762
595	282
595	547
595	108
595	475
595	246
595	127
595	291
595	1165
595	824
595	926
595	1312
595	1134
595	100
595	293
595	826
595	346
595	748
595	240
595	845
595	1264
595	181
595	676
595	825
352	12
352	210
352	657
352	216
352	50
352	17
352	431
352	195
352	234
352	79
352	89
352	82
352	385
352	56
352	228
352	173
352	181
352	172
352	96
352	176
352	174
352	86
352	55
352	144
352	100
352	175
352	746
352	568
352	92
352	302
352	194
352	156
352	39
352	4
860	1059
860	313
860	393
860	269
860	274
860	49
860	894
860	285
860	339
860	245
860	302
860	865
860	286
860	321
860	316
860	890
860	262
860	629
860	846
860	300
860	70
860	663
860	781
860	732
860	303
860	257
860	1047
860	56
860	1602
860	517
860	716
860	211
860	287
860	204
860	690
860	289
860	514
860	678
860	344
860	100
860	1061
860	301
860	333
860	220
860	715
860	327
860	315
860	381
860	949
860	692
860	332
860	900
860	4
860	307
860	305
860	310
860	283
861	286
861	83
861	52
861	737
861	10
861	116
861	740
861	305
861	45
861	382
861	70
861	275
861	321
861	213
861	547
861	301
861	584
861	1009
861	242
861	319
861	529
861	20
861	582
861	14
861	949
861	475
861	531
861	462
861	736
861	26
861	937
861	292
861	1148
861	289
861	463
678	181
678	1115
678	50
678	332
678	285
678	14
678	277
678	276
678	287
678	15
678	300
678	1
678	111
678	282
678	25
678	742
678	222
678	7
678	127
678	237
678	147
678	275
678	924
678	515
764	1284
764	125
764	50
764	597
764	7
764	588
764	220
764	692
764	143
764	140
764	1152
764	281
764	276
764	282
764	275
764	1
764	98
764	151
764	323
764	946
764	71
764	274
764	596
764	756
764	118
764	223
764	696
764	200
764	31
764	99
764	56
764	252
764	732
764	9
764	86
764	820
764	121
764	595
764	289
764	742
764	216
764	591
764	294
764	202
764	11
764	418
764	633
764	132
764	173
764	747
764	227
764	95
764	25
764	866
764	280
764	1057
764	1046
764	496
764	245
764	356
764	222
764	70
764	278
764	1028
764	174
764	22
764	106
764	111
764	191
764	13
764	1221
764	64
764	273
764	527
764	1012
764	939
764	14
764	318
764	673
764	286
764	411
764	845
764	531
764	77
764	4
764	405
764	284
764	2
764	819
761	864
761	326
761	458
761	123
761	147
761	283
761	127
761	278
761	245
761	263
761	1197
761	1
761	222
761	877
761	288
761	50
761	214
761	1558
761	1287
761	988
761	1272
761	477
761	275
761	628
761	924
761	205
761	15
761	151
761	148
761	261
761	235
761	258
761	678
761	294
761	402
761	243
761	201
761	237
761	1277
761	282
761	476
761	748
761	358
761	508
761	688
761	840
761	1012
761	457
761	546
761	471
761	117
761	289
761	455
761	1152
532	229
532	8
532	1092
532	636
532	295
532	210
532	302
532	917
532	1483
532	840
532	347
532	284
532	842
532	242
532	251
532	1199
532	879
532	120
532	204
532	485
532	404
532	750
532	1189
532	482
532	679
532	1240
532	311
532	330
532	1217
532	298
532	684
532	425
532	95
532	1136
532	1188
532	1162
532	690
532	501
532	1207
532	240
532	520
532	153
532	468
532	491
532	554
532	506
532	545
532	250
532	332
532	761
532	1300
532	982
532	722
532	754
532	235
532	535
532	66
532	407
532	155
532	633
532	938
532	339
532	470
532	1228
532	450
532	12
532	44
532	895
532	472
532	282
532	187
532	689
532	117
532	796
532	568
532	164
532	136
532	272
532	1
532	676
532	829
532	269
532	759
532	147
532	1594
532	483
532	151
532	496
532	2
532	301
532	195
532	277
532	914
532	864
532	127
532	268
532	815
532	29
532	420
532	769
532	252
532	7
532	26
532	824
532	329
532	898
532	352
532	619
532	105
532	411
532	682
532	426
532	946
532	480
532	658
532	1226
532	771
532	24
532	338
532	107
532	721
532	186
532	373
532	492
532	403
532	419
532	100
532	831
532	313
532	98
532	99
532	508
532	22
532	143
532	523
532	980
532	1168
532	834
532	241
532	135
532	230
532	660
532	161
532	38
532	51
532	576
532	781
532	218
532	248
532	588
532	421
532	515
532	357
532	312
532	931
532	402
532	763
532	77
532	354
532	132
532	1426
532	227
532	121
532	399
532	1407
532	603
532	72
532	915
532	531
532	451
532	990
532	498
532	148
532	452
532	97
532	259
532	1470
532	82
532	331
532	181
532	348
532	1046
532	562
532	447
532	11
532	197
532	929
532	916
532	431
532	453
532	345
532	318
532	865
532	125
532	310
532	1428
532	226
532	304
532	1496
532	369
532	139
532	708
532	300
532	427
532	739
532	833
532	559
532	1119
532	601
532	570
532	216
532	526
532	477
532	549
532	1210
532	215
532	918
532	205
532	1039
532	495
126	751
126	337
126	323
126	340
126	1175
126	881
126	326
126	315
126	311
126	681
126	316
126	333
126	289
126	327
126	262
126	344
126	288
126	266
126	243
126	322
126	905
126	258
126	294
126	286
126	328
126	690
126	682
126	313
126	350
126	303
126	678
126	346
126	884
126	300
126	302
126	752
126	319
507	121
507	1237
507	1034
507	682
507	405
507	892
507	288
507	597
507	50
507	690
507	1089
507	678
507	294
507	895
507	258
507	245
507	345
507	1016
507	751
507	118
507	271
507	826
507	147
507	307
507	334
507	538
507	315
507	181
507	898
507	300
507	827
507	338
507	879
507	323
507	748
507	302
507	298
507	319
507	691
507	841
507	689
507	257
507	306
507	269
507	754
507	894
507	117
507	316
695	324
695	887
695	302
695	260
695	268
695	682
695	289
695	305
695	358
695	288
695	242
695	286
695	991
695	270
695	346
695	895
695	989
695	748
695	995
695	903
695	311
695	340
695	307
695	313
695	264
695	678
695	882
695	338
695	333
695	300
695	343
695	328
729	288
729	322
729	354
729	901
729	689
729	313
729	690
729	894
729	294
729	879
729	362
729	328
729	748
729	346
729	310
729	338
729	333
755	322
755	689
755	289
755	271
755	304
755	343
755	311
755	310
755	302
755	880
755	327
755	872
755	264
755	328
755	688
755	938
755	286
755	538
755	301
755	294
755	323
755	331
755	881
755	259
755	245
755	690
755	748
755	879
755	887
755	319
755	258
755	875
938	1016
938	748
938	243
938	591
938	284
938	105
938	458
938	259
938	829
938	866
938	815
938	762
938	106
938	1033
938	288
938	476
938	181
938	291
938	742
938	343
938	678
938	756
938	328
938	9
938	472
938	289
938	281
938	50
938	405
938	15
938	25
938	220
938	235
938	717
938	1
938	473
938	841
938	125
938	370
938	273
938	456
938	300
938	410
938	111
938	676
938	248
938	245
938	293
938	477
938	290
938	275
938	118
938	258
938	222
938	411
938	845
938	121
938	286
938	471
938	122
938	595
938	685
938	298
938	406
938	1012
938	358
938	1283
938	926
938	1013
938	323
938	252
938	871
938	993
938	240
938	929
938	597
938	117
938	988
938	276
938	237
938	596
938	1061
938	151
938	823
938	864
938	127
938	250
938	333
826	2
826	96
826	426
826	95
826	624
826	228
826	79
826	184
826	182
826	586
826	578
826	403
826	391
826	101
826	576
826	625
826	232
826	748
826	127
826	92
826	554
826	343
826	588
826	1240
826	50
826	227
826	568
826	449
826	4
826	431
826	22
826	1091
826	420
826	849
826	271
826	190
826	102
826	231
826	1110
826	187
826	566
826	397
826	55
826	265
826	385
826	550
826	1228
826	99
826	627
826	181
826	11
826	38
826	570
826	678
826	802
826	820
826	309
826	1239
826	71
826	29
826	56
826	233
826	258
826	62
826	172
826	161
826	183
826	210
826	68
826	720
826	1409
826	188
826	1231
826	432
826	53
826	511
826	33
826	651
826	540
826	679
826	91
826	226
826	82
826	332
826	174
826	1219
826	241
826	501
826	399
826	422
826	294
826	336
826	946
112	269
112	312
112	750
112	310
112	301
112	258
112	313
112	984
112	272
112	286
112	751
112	289
112	316
112	690
112	347
112	331
112	315
112	332
112	321
112	245
112	323
112	346
112	327
112	333
112	937
112	888
112	328
112	689
112	903
112	887
112	354
112	879
112	303
112	322
112	1106
112	294
112	891
112	325
159	289
159	1025
159	121
159	72
159	742
159	918
159	1278
159	628
159	932
159	358
159	273
159	225
159	286
159	815
159	588
159	1048
159	1095
159	272
159	127
159	364
159	873
159	1012
159	195
159	471
159	1037
159	1092
159	117
159	15
159	1049
159	1023
159	310
159	258
159	595
159	249
159	298
159	293
159	1152
159	405
159	24
159	67
159	274
159	831
159	291
159	881
159	597
159	876
159	220
159	333
159	1254
159	832
159	1258
159	96
159	294
159	118
159	245
159	476
159	322
159	748
159	872
159	546
159	877
159	7
159	871
159	276
159	103
159	880
159	260
159	678
159	930
159	111
159	756
159	1014
159	866
159	255
159	259
159	948
159	130
159	685
159	299
159	288
159	456
159	326
159	412
159	125
159	319
159	9
159	411
691	478
691	1172
691	50
691	603
691	227
691	185
691	322
691	318
691	1
691	205
691	243
691	631
691	8
691	524
691	496
691	79
691	604
691	64
691	178
691	650
691	748
691	182
691	672
691	98
691	735
691	294
781	50
781	878
781	523
781	258
781	179
781	318
781	100
781	181
781	327
781	1500
781	180
781	245
781	286
781	268
781	135
781	205
781	127
781	215
781	324
781	474
781	195
781	289
781	172
781	174
781	134
781	87
781	191
781	210
781	204
781	223
781	483
781	69
781	403
781	232
789	93
789	1
789	508
789	129
789	100
789	286
789	111
789	475
789	150
789	628
789	1008
789	124
789	248
789	137
789	1012
789	249
789	1161
789	181
789	288
789	284
789	1017
789	151
789	762
789	50
789	1007
789	127
789	294
680	143
680	1
680	151
680	24
680	20
680	117
680	7
680	408
680	9
680	242
680	517
680	248
680	150
680	276
680	121
680	515
680	100
680	15
680	285
680	845
680	203
680	50
680	25
680	274
680	1012
680	1089
680	169
680	294
680	286
680	195
680	98
680	269
775	264
775	348
775	900
775	307
775	312
775	286
775	887
775	690
775	258
775	305
775	750
775	269
775	344
775	272
775	315
775	302
775	333
775	329
775	300
775	331
775	270
775	310
775	313
775	327
490	237
490	764
490	222
490	50
490	15
490	993
490	987
490	410
490	1067
490	24
490	458
490	255
490	292
490	150
490	475
490	126
490	919
490	284
490	547
490	286
490	273
490	277
490	289
490	515
490	455
490	224
490	847
490	124
490	1128
490	741
490	333
490	1386
490	926
490	117
490	1383
490	293
490	100
490	302
490	1
490	9
490	246
490	137
490	109
490	7
490	151
490	181
490	1012
243	127
243	699
243	191
243	283
243	22
243	458
243	13
243	111
243	732
243	778
243	8
243	14
243	26
243	813
243	86
243	69
243	1281
243	77
243	25
243	632
243	15
243	16
243	655
243	1466
243	280
243	173
243	317
243	196
243	461
243	509
243	660
243	151
243	246
243	225
243	208
243	285
243	713
243	423
243	237
243	157
243	1039
243	1148
243	1115
243	215
243	1465
243	531
243	116
243	318
243	306
243	125
243	223
243	724
243	514
243	7
243	477
243	708
243	194
243	367
243	631
243	1197
243	275
243	137
243	387
243	468
243	162
74	340
74	326
74	1084
74	258
74	331
74	358
74	272
74	351
74	15
74	126
74	508
74	9
74	315
74	690
74	276
74	307
74	121
74	150
74	285
74	7
74	13
74	294
74	301
74	354
74	237
74	333
74	245
74	137
74	539
74	100
74	124
74	288
74	300
185	216
185	638
185	447
185	239
185	480
185	111
185	703
185	160
185	9
185	845
185	237
185	740
185	690
185	15
185	269
185	50
185	28
185	302
185	279
185	701
185	178
185	223
185	321
185	25
185	23
185	116
185	286
185	1020
185	287
185	199
185	196
185	276
185	181
185	197
185	528
185	515
185	939
185	258
185	514
185	86
462	272
462	328
462	292
462	288
462	313
462	100
462	321
462	358
462	678
462	315
462	330
462	261
462	11
462	332
462	259
462	866
462	22
462	323
462	271
462	539
462	300
462	289
462	895
462	326
462	136
462	310
462	655
333	483
333	294
333	894
333	168
333	520
333	276
333	316
333	79
333	748
333	315
333	269
333	255
333	513
333	186
333	180
333	66
333	100
333	88
333	739
333	873
333	174
333	153
735	93
735	50
735	319
735	756
735	245
735	124
735	285
735	744
735	123
735	301
735	286
735	300
735	748
735	332
735	25
735	277
735	117
735	288
735	690
735	327
735	321
735	9
735	298
735	275
735	237
735	475
735	181
735	741
735	289
735	515
735	333
735	676
735	7
735	100
735	258
735	325
735	628
735	276
735	304
735	269
735	13
735	331
735	1012
573	205
573	179
573	194
573	162
573	479
573	495
573	258
573	22
573	423
573	480
573	528
573	176
573	192
573	182
573	654
573	427
573	347
573	685
573	216
573	174
573	713
573	183
573	134
573	661
573	519
573	632
573	10
573	523
573	836
573	69
573	507
573	237
573	286
573	657
573	180
573	157
573	276
573	513
573	143
573	127
573	135
547	319
547	315
547	311
547	751
547	332
547	345
547	333
547	301
547	258
547	354
547	328
547	289
547	303
547	269
547	313
547	340
547	312
547	294
547	302
91	82
91	689
91	618
91	136
91	511
91	323
91	22
91	300
91	79
91	195
91	495
91	143
91	748
91	483
91	520
91	614
91	603
91	31
91	526
91	568
91	601
91	97
91	234
91	515
91	435
91	326
91	289
91	389
91	527
91	735
91	331
91	501
91	498
91	69
91	612
91	211
91	64
91	1126
91	176
91	343
91	328
91	480
91	988
91	482
91	657
91	616
91	50
91	265
91	474
91	131
91	484
91	230
91	28
91	327
91	338
91	504
91	183
91	662
91	427
91	264
91	127
91	507
91	99
91	174
91	132
91	210
91	1050
91	682
91	651
91	182
91	161
91	479
91	172
91	204
91	1192
91	98
91	313
91	529
91	181
91	318
841	353
841	271
841	678
841	258
841	288
841	892
841	333
841	358
841	689
841	751
841	873
841	344
841	302
841	300
841	322
841	331
841	325
841	307
841	313
841	754
841	888
841	1294
841	748
841	306
841	315
667	98
667	23
667	268
667	234
667	275
667	9
667	197
667	475
667	210
667	28
667	283
667	223
667	315
667	301
667	318
667	86
667	238
667	69
667	272
667	427
667	527
667	313
667	651
667	461
667	962
667	435
667	482
667	182
667	216
667	487
667	192
667	694
667	880
667	660
667	124
667	131
667	186
667	357
667	504
329	98
329	245
329	147
329	323
329	322
329	185
329	534
329	657
329	483
329	199
329	50
329	269
329	282
329	512
329	8
329	11
329	274
329	705
329	197
329	302
329	181
329	591
329	7
329	515
329	303
329	651
329	297
329	169
329	174
329	100
329	124
329	272
329	288
329	333
329	892
329	326
329	198
329	79
329	313
329	276
329	423
329	338
329	137
329	194
329	117
329	1011
329	250
329	286
329	186
329	248
329	294
329	81
329	129
50	286
50	123
50	288
50	325
50	246
50	276
50	125
50	327
50	319
50	475
50	547
50	1084
50	100
50	15
50	9
50	1010
50	124
50	544
50	268
50	253
935	257
935	274
935	286
935	313
935	117
935	125
935	237
935	127
935	300
935	864
935	405
935	815
935	934
935	282
935	846
935	281
935	1016
935	181
935	100
935	924
935	120
935	9
935	597
935	284
935	148
935	685
935	742
935	1
935	717
935	546
935	255
935	118
935	471
395	151
395	596
395	458
395	632
395	300
395	118
395	365
395	98
395	64
395	240
395	866
395	328
395	237
395	89
395	315
395	210
395	318
395	338
395	924
395	172
395	121
395	342
395	231
395	15
395	215
395	257
395	216
395	1
395	127
395	255
395	313
395	50
395	258
395	21
395	154
395	273
395	892
395	174
395	748
395	343
395	288
395	472
395	750
395	163
395	739
395	423
395	1028
822	25
822	91
822	95
822	1110
822	539
822	432
822	235
822	751
822	408
822	902
822	111
822	169
822	189
822	206
822	272
822	1240
822	101
822	926
822	1
822	588
822	358
341	877
341	294
341	876
341	887
341	1527
341	330
341	299
341	881
341	895
341	1280
341	908
341	259
341	335
341	358
341	682
341	872
341	880
858	333
858	515
858	323
858	127
858	690
858	9
858	289
858	678
858	100
858	327
858	1368
858	331
858	286
858	754
858	293
858	269
858	292
263	484
263	260
263	176
263	31
263	177
263	328
263	168
263	82
263	125
263	64
263	79
263	483
263	646
263	99
263	378
263	269
263	1
263	135
263	510
263	87
263	443
263	435
263	174
263	496
263	662
263	678
263	614
263	300
263	245
263	527
263	357
263	416
263	210
263	526
263	1020
263	465
263	318
263	153
263	134
263	205
263	163
263	1126
263	732
263	495
263	648
263	323
263	272
263	690
263	141
263	202
263	194
263	886
263	511
263	250
263	188
263	100
263	543
263	234
263	480
263	434
263	1473
263	699
263	180
263	432
263	521
263	98
263	183
263	1444
263	514
263	622
263	143
263	58
263	237
263	1451
263	23
263	528
263	95
263	523
263	921
263	294
263	498
263	520
263	419
263	315
263	482
263	322
263	28
263	265
263	195
263	97
263	117
263	181
263	132
263	197
263	588
263	423
263	602
263	96
263	515
865	743
865	95
865	471
865	455
865	294
865	411
865	328
865	268
865	169
865	1009
865	1
865	222
865	546
865	24
865	91
865	685
865	412
865	1047
865	108
865	21
865	472
865	148
865	928
865	501
865	473
865	676
865	99
865	763
865	258
865	588
865	189
865	7
865	100
865	919
865	627
865	111
865	929
865	118
865	408
865	245
865	946
865	302
865	847
865	71
865	117
865	405
865	432
865	547
865	597
865	122
865	744
865	831
865	1240
865	1011
681	894
681	1176
681	898
681	1394
681	990
681	538
681	258
681	539
681	328
681	1105
681	292
681	690
681	682
681	294
681	286
681	259
681	750
681	304
611	334
611	303
611	887
611	680
611	873
611	305
611	299
611	752
611	324
611	906
611	750
611	306
611	269
611	690
611	347
611	1243
611	353
611	886
611	315
611	346
611	896
611	354
611	288
611	882
611	301
611	311
611	300
611	333
611	350
611	336
611	751
611	342
611	302
611	262
306	19
306	258
306	321
306	756
306	306
306	1028
306	286
306	14
306	289
306	13
306	242
306	476
306	269
306	1514
306	116
306	303
306	150
306	257
306	283
306	25
306	275
306	287
306	235
306	285
306	100
306	111
483	676
483	277
483	450
483	365
483	271
483	228
483	318
483	229
483	480
483	12
483	121
483	270
483	230
483	582
483	462
483	180
483	257
483	237
483	197
483	473
483	743
483	101
483	249
483	173
483	515
483	20
483	275
483	283
483	222
483	1
483	449
483	227
483	1152
483	151
483	510
483	91
483	286
483	116
483	250
483	99
483	50
483	290
483	199
483	68
483	900
483	405
483	313
483	109
483	274
856	258
856	315
856	690
856	322
856	307
856	300
856	326
856	323
856	313
856	316
856	688
856	879
856	289
856	749
856	678
856	286
856	310
856	272
856	748
856	328
856	270
856	294
791	327
791	50
791	259
791	288
791	245
791	299
791	304
791	322
791	301
791	748
791	289
791	275
791	294
791	269
791	9
791	286
791	754
791	319
791	331
791	181
791	306
180	318
180	204
180	1046
180	98
180	83
180	631
180	153
180	462
180	111
180	660
180	12
180	372
180	258
180	469
180	202
180	356
180	655
180	186
180	729
180	1131
180	785
180	421
180	778
180	367
180	173
180	156
180	235
180	961
180	68
180	213
180	69
180	716
180	201
180	196
180	737
180	739
180	762
180	403
180	222
180	431
180	216
180	79
180	747
180	191
180	121
180	433
180	732
180	684
180	735
180	28
180	1119
292	50
292	223
292	628
292	252
292	324
292	419
292	535
292	153
292	100
292	479
292	195
292	125
292	98
292	264
292	331
292	472
292	298
292	181
292	194
292	657
292	265
292	117
292	511
292	748
292	499
292	2
292	491
292	83
292	10
292	1039
292	705
292	156
292	197
292	919
292	248
292	855
292	214
292	20
292	169
292	124
292	79
292	320
292	132
292	1010
292	135
292	328
292	183
292	199
292	64
292	176
292	193
292	528
292	1073
292	24
292	222
292	492
292	484
292	285
292	300
292	28
292	11
292	111
292	429
292	607
292	844
292	486
292	58
292	203
292	174
292	207
292	488
292	173
292	603
292	276
292	226
292	423
292	228
292	249
292	209
292	144
292	475
292	589
292	180
292	343
292	482
292	56
292	525
292	789
292	1
292	86
292	48
292	405
292	602
292	1050
292	234
292	515
292	665
292	288
292	9
292	510
362	748
362	328
362	333
362	321
362	1025
362	264
362	302
362	322
362	350
362	300
362	678
362	323
362	268
362	258
362	332
362	288
362	689
362	347
362	313
362	294
362	879
733	458
733	275
733	1226
733	696
733	950
733	126
733	1115
733	1067
733	296
733	10
733	137
733	534
733	224
733	515
733	285
733	148
733	121
733	1375
733	1142
733	1
733	740
733	297
733	762
733	221
733	293
733	288
733	1163
733	117
733	591
733	846
733	1023
733	713
733	933
733	985
733	619
733	1085
733	125
733	1011
733	1380
733	129
733	248
733	244
733	544
733	1173
733	7
733	258
733	820
733	276
733	273
733	459
733	286
733	290
733	1338
733	242
733	1132
733	250
733	279
733	742
733	281
733	287
733	1047
733	116
733	124
733	324
733	471
733	127
733	245
733	220
733	1117
733	847
733	100
733	1114
733	14
733	294
733	274
733	277
733	302
733	1658
733	20
733	16
733	676
733	150
733	282
733	151
733	298
733	405
733	149
277	117
277	93
277	1012
277	151
277	50
277	278
277	237
277	285
277	742
277	121
277	255
277	25
277	129
277	279
277	276
277	15
277	1011
277	872
277	748
277	628
277	471
277	591
277	1
277	282
277	274
277	762
277	293
277	24
277	284
277	1283
277	1129
277	472
277	1008
277	273
277	111
277	844
277	181
277	258
277	147
277	9
277	619
277	473
277	286
277	508
14	42
14	517
14	210
14	151
14	408
14	222
14	32
14	919
14	23
14	176
14	921
14	524
14	845
14	50
14	820
14	474
14	18
14	25
14	792
14	22
14	116
14	275
14	211
14	302
14	181
14	13
14	100
14	475
14	922
14	56
14	204
14	269
14	492
14	81
14	523
14	663
14	96
14	525
14	477
14	507
14	430
14	195
14	175
14	319
14	285
14	750
14	628
14	19
14	514
14	238
14	168
14	121
14	12
14	174
14	93
14	124
14	313
14	111
14	213
14	654
14	98
14	498
14	191
14	7
14	127
14	382
14	716
14	172
14	9
14	473
14	427
14	276
14	455
14	923
14	762
14	509
14	357
14	186
14	70
14	428
647	748
647	291
647	588
647	604
647	568
647	1063
647	213
647	134
647	993
647	22
647	326
647	71
647	294
647	70
647	1014
647	231
647	82
647	300
647	705
647	202
647	136
647	554
647	298
647	197
647	631
647	173
647	117
647	402
647	1263
647	177
647	73
647	203
647	237
647	490
647	496
647	255
647	88
647	1016
647	15
647	196
647	427
647	328
647	222
647	403
647	250
647	405
647	77
647	357
296	248
296	469
296	276
296	685
296	255
296	180
296	114
296	855
296	632
296	269
296	56
296	250
296	504
296	61
296	100
296	181
296	544
296	238
296	83
296	268
296	628
296	45
296	287
296	313
296	24
296	1007
296	510
296	257
296	256
296	258
296	125
296	483
296	222
296	462
296	303
296	696
296	297
296	55
296	961
296	315
296	14
296	15
296	9
296	435
296	23
296	32
296	1160
296	191
296	275
296	705
296	293
296	246
296	289
296	209
296	357
296	124
296	242
296	127
296	1251
296	237
296	429
296	277
296	484
296	285
296	272
296	475
296	204
296	1073
296	846
296	845
296	13
296	228
296	523
296	950
296	111
296	172
296	50
296	923
296	688
296	1284
296	898
296	151
296	137
296	963
296	7
296	199
296	186
296	279
296	294
296	292
296	251
296	221
296	528
296	194
296	117
296	19
296	144
296	153
296	244
296	455
296	48
296	659
296	198
296	89
296	10
296	282
296	482
296	521
296	514
296	79
296	815
296	179
296	301
296	284
296	11
296	121
296	1009
296	210
296	286
372	327
372	183
372	844
372	559
372	678
372	447
372	441
372	164
372	333
372	79
372	1083
372	1090
372	581
372	628
372	201
372	7
372	595
372	696
372	5
372	322
372	12
372	332
372	325
372	219
372	100
372	185
372	649
372	98
372	637
372	446
372	874
372	443
372	448
372	44
372	436
372	672
372	218
372	262
372	299
372	200
372	574
372	674
372	875
372	1273
372	56
372	452
372	77
372	1109
372	264
372	129
372	286
372	176
372	326
372	872
129	327
129	1176
129	307
129	903
129	303
129	339
129	311
129	313
129	258
129	272
129	302
129	304
129	995
129	270
129	300
129	906
129	268
129	245
129	310
129	331
129	242
129	323
129	288
129	678
235	494
235	211
235	192
235	792
235	522
235	191
235	22
235	435
235	433
235	196
235	174
235	1193
235	181
235	96
235	197
235	474
235	344
235	1451
235	603
235	179
235	1
235	648
235	1105
235	512
235	1021
235	269
235	185
235	705
235	285
235	303
235	338
235	520
235	194
235	190
235	87
235	462
235	511
235	135
235	652
235	198
235	193
235	523
235	655
235	496
235	1464
235	692
235	153
235	170
235	515
235	7
235	213
235	524
235	83
235	747
235	701
235	195
235	275
235	419
235	237
235	292
235	483
235	429
235	647
235	79
235	69
235	431
235	319
235	923
235	684
235	346
235	52
235	971
235	100
235	65
235	1176
235	898
31	682
31	328
31	493
31	1019
31	79
31	32
31	705
31	490
31	498
31	1020
31	811
31	514
31	299
31	192
31	319
31	504
31	611
31	302
31	124
31	153
31	271
31	886
31	484
31	1022
31	519
31	340
31	303
31	135
31	268
31	136
521	203
521	684
521	324
521	202
521	229
521	195
521	204
521	50
521	100
521	173
521	748
521	403
521	827
521	655
521	42
521	273
521	96
521	246
521	566
521	25
521	135
521	73
521	1022
521	127
521	258
521	210
521	168
521	385
521	12
521	1
521	99
521	163
521	181
521	833
521	87
521	56
521	191
521	393
521	967
521	79
521	172
521	380
521	159
521	69
521	1012
521	235
521	431
521	290
521	8
521	526
521	597
521	721
521	679
521	751
521	109
521	288
521	13
521	174
521	95
521	97
521	248
521	184
521	77
521	826
521	763
521	1240
521	257
521	117
521	249
521	300
521	215
521	250
521	154
521	68
521	271
521	11
521	427
521	232
521	7
521	1016
521	1059
521	31
521	625
521	240
521	153
521	81
521	392
521	1244
521	226
521	291
521	405
521	208
521	23
521	743
521	230
521	90
521	144
521	659
521	2
521	161
521	241
521	343
521	475
521	72
521	239
521	22
521	1014
521	108
521	125
521	188
521	746
521	147
521	550
521	520
521	754
521	568
521	651
521	755
521	231
521	179
677	14
677	91
677	845
677	148
677	908
677	322
677	1245
677	294
677	687
677	539
677	508
677	245
677	475
677	300
677	748
677	1
677	288
677	222
677	1011
677	1049
677	126
677	471
677	1240
677	678
677	358
677	240
677	988
677	129
677	109
677	101
677	351
677	457
677	980
677	7
677	286
677	323
677	742
677	237
677	307
677	289
677	455
590	676
590	547
590	1061
590	298
590	15
590	476
590	244
590	276
590	1129
590	14
590	255
590	237
590	130
590	137
590	221
590	546
590	127
590	293
590	284
590	150
590	248
590	126
590	9
590	125
590	754
590	864
590	740
590	591
590	275
590	19
590	1014
590	100
590	285
590	1009
590	287
590	116
590	124
590	515
590	274
590	286
426	211
426	200
426	332
426	430
426	429
426	474
426	505
426	659
426	609
426	478
426	527
426	99
426	616
426	648
426	607
426	754
426	1079
426	511
426	606
426	168
426	196
426	524
426	133
426	404
426	525
426	208
426	199
426	174
426	661
426	50
426	646
426	486
426	1451
426	655
426	182
426	613
426	633
426	1064
426	653
426	494
426	132
426	178
426	654
426	100
426	504
426	836
426	134
426	197
426	489
426	617
426	631
426	491
426	481
426	657
426	428
426	204
426	1204
426	289
426	526
426	480
426	968
426	1116
426	610
426	673
426	492
426	185
426	23
426	191
426	614
426	488
426	705
426	663
426	427
426	641
426	496
426	482
426	510
426	135
426	519
426	418
426	98
376	815
376	663
376	154
376	705
376	275
376	223
376	427
376	288
376	289
376	269
376	707
376	514
376	111
376	762
376	268
376	603
376	197
376	328
376	198
376	100
376	14
376	11
376	237
376	357
403	257
403	472
403	127
403	129
403	410
403	477
403	151
403	515
403	1047
403	685
403	258
403	181
403	106
403	1012
403	928
403	237
403	284
403	123
403	222
403	100
403	276
403	288
403	1199
403	282
403	118
403	925
403	866
403	370
403	864
403	50
403	760
403	235
403	7
403	597
403	476
403	147
403	291
403	748
403	9
403	471
166	288
166	322
166	243
166	894
166	343
166	313
166	315
166	688
166	751
166	323
166	328
166	300
166	748
166	258
166	687
166	286
464	879
464	50
464	510
464	258
464	1598
464	269
464	678
464	286
464	322
464	333
464	288
464	289
464	194
464	1025
464	181
464	302
464	294
464	515
464	257
464	984
464	298
464	292
464	116
464	176
464	520
464	293
464	12
464	709
464	300
464	264
464	358
464	249
464	127
464	301
464	748
464	705
464	307
464	248
464	1226
464	479
464	326
464	255
464	270
176	273
176	240
176	328
176	285
176	1097
176	324
176	50
176	258
176	289
176	948
176	268
176	151
176	250
176	475
176	321
176	272
176	345
176	181
176	305
176	13
176	286
176	876
176	508
176	288
176	270
176	293
176	1012
176	751
176	129
176	319
176	25
176	881
176	458
176	117
176	1008
176	262
176	222
176	257
176	111
176	340
176	874
176	93
176	150
176	347
176	875
176	7
176	303
176	919
176	298
176	325
176	237
121	427
121	628
121	25
121	479
121	124
121	294
121	9
121	98
121	298
121	180
121	742
121	582
121	250
121	509
121	546
121	318
121	276
121	197
121	458
121	428
121	181
121	313
121	515
121	125
121	249
121	257
121	127
121	315
121	117
121	135
121	792
121	11
121	644
121	744
121	717
121	237
121	275
121	50
121	235
121	121
121	300
121	172
121	122
121	126
121	14
121	405
121	156
121	192
121	291
121	1194
121	740
121	292
121	86
121	411
121	1
121	137
121	508
121	282
121	357
121	12
12	300
12	200
12	195
12	242
12	174
12	4
12	591
12	133
12	753
12	127
12	168
12	328
12	480
12	754
12	392
12	28
12	276
12	381
12	735
12	170
12	318
12	416
12	202
12	143
12	15
12	228
12	132
12	196
12	50
12	282
12	69
12	82
12	88
12	215
12	161
12	238
12	708
12	216
12	191
12	98
12	471
469	194
469	605
469	134
469	161
469	152
469	495
469	484
469	474
469	127
469	286
469	610
469	603
469	215
469	510
469	611
469	306
469	168
469	65
469	705
469	656
469	173
469	487
469	483
469	507
469	923
469	582
469	1558
469	641
469	513
469	511
469	136
469	530
469	238
469	855
469	607
197	228
197	332
197	431
197	328
197	288
197	751
197	515
197	570
197	181
197	678
197	385
197	323
197	62
197	720
197	4
197	313
197	748
197	679
197	362
197	586
197	307
197	530
197	311
197	354
197	232
197	688
197	550
197	510
197	50
197	92
197	779
197	182
197	2
197	690
197	210
197	316
197	322
197	22
197	127
197	306
197	566
197	1222
197	227
197	39
197	177
197	802
197	947
197	403
197	1419
197	183
197	511
197	518
197	808
197	229
197	68
197	294
197	161
197	241
197	174
197	176
197	770
197	346
197	79
197	568
197	1420
197	259
197	286
197	188
197	333
197	554
197	302
197	89
197	265
197	187
197	231
197	880
197	435
197	651
197	233
197	226
197	347
197	449
197	750
197	230
197	321
197	271
197	399
197	895
197	344
197	172
197	184
197	538
197	849
197	29
197	96
197	340
365	309
365	315
365	25
365	1420
365	13
365	268
365	342
365	151
365	137
365	815
365	995
365	287
365	277
365	285
365	272
365	813
365	352
365	948
365	269
365	124
365	235
365	1137
365	476
365	894
365	1011
365	1
365	591
365	294
365	271
365	109
365	7
365	222
365	15
365	742
365	762
365	125
365	316
365	301
365	319
365	237
365	275
365	741
365	340
365	1048
365	150
365	473
365	321
365	100
242	305
242	1
242	1152
242	291
242	1011
242	294
242	740
242	934
242	283
242	268
242	361
242	111
242	237
242	331
242	1357
242	275
797	1254
797	181
797	781
797	243
797	990
797	300
797	257
797	309
797	127
797	259
797	720
797	294
797	286
797	340
797	687
797	50
797	269
797	336
797	327
797	307
797	298
797	1023
19	313
19	202
19	319
19	210
19	153
19	382
19	8
19	435
19	887
19	201
19	692
19	655
19	325
19	4
19	310
19	294
451	259
451	680
451	302
451	1265
451	1296
451	308
451	262
451	876
451	333
451	884
451	873
451	681
451	688
451	266
451	885
451	991
451	879
451	748
451	1280
451	323
451	948
451	330
451	334
451	269
451	883
451	270
451	683
451	1295
451	1022
451	938
451	322
451	359
451	327
451	306
451	1026
451	887
451	687
451	1025
451	749
451	989
451	690
451	300
451	260
451	1393
451	360
451	881
451	289
451	319
451	286
451	304
451	886
451	457
451	882
451	1394
451	335
451	358
451	268
451	292
451	243
451	303
451	1392
451	880
451	242
451	874
451	261
451	258
451	336
451	299
451	678
451	875
451	1038
451	331
451	325
451	990
451	995
451	988
451	305
451	324
451	307
451	329
607	121
607	498
607	474
607	475
607	212
607	487
607	435
607	45
607	482
607	19
607	847
607	238
607	462
607	511
607	382
607	887
607	100
607	107
607	485
607	213
607	528
607	275
607	30
607	707
607	174
607	222
607	311
607	529
607	180
607	137
607	211
392	632
392	491
392	310
392	249
392	257
392	268
392	345
392	98
392	178
392	173
392	847
392	875
392	244
392	1142
392	615
392	99
392	169
392	165
392	344
392	511
392	333
392	209
392	191
392	50
392	255
392	346
392	340
392	127
392	134
392	189
392	515
392	312
392	297
392	1143
392	199
392	58
392	180
392	129
392	493
392	59
392	170
392	285
392	114
392	324
392	880
392	837
392	304
392	23
392	482
392	179
392	289
392	813
392	495
392	298
392	1160
392	1014
392	657
392	272
392	513
392	650
392	276
392	872
392	246
392	663
392	321
392	347
392	1258
392	463
392	288
392	270
392	260
392	873
392	197
392	269
392	166
392	181
392	319
392	1007
392	517
392	302
392	328
392	300
392	528
392	325
392	313
392	303
392	200
392	492
392	293
331	302
331	182
331	1017
331	11
331	31
331	47
331	64
331	634
331	1296
331	868
331	735
331	305
331	215
331	133
331	242
331	1141
331	486
331	198
331	59
331	511
331	234
331	178
331	653
331	1194
331	7
331	180
331	503
331	454
331	304
331	705
331	1100
331	306
331	268
331	702
331	933
331	214
331	1101
331	69
331	100
331	223
331	8
331	221
331	124
331	491
331	22
331	482
331	479
331	160
331	1
331	190
331	694
331	238
331	175
331	682
331	958
331	58
439	125
439	14
439	282
439	307
439	301
439	257
439	242
439	147
439	475
439	93
439	1048
439	100
439	285
439	293
439	121
439	290
439	237
439	7
439	276
439	240
439	1328
439	405
439	591
439	895
439	268
257	1010
257	1160
257	57
257	100
257	237
257	1260
257	275
257	116
257	921
257	1022
257	276
257	305
257	288
257	165
257	70
257	307
257	86
257	60
257	286
257	59
257	224
257	50
257	14
257	61
257	269
257	1008
257	531
257	245
257	181
257	676
257	381
257	301
257	324
257	313
257	113
257	1472
257	345
257	285
257	1129
257	151
257	129
257	221
257	198
257	121
257	462
257	405
257	1462
685	286
685	340
685	872
685	327
685	333
685	886
685	299
685	337
685	289
685	325
685	991
685	269
685	319
685	324
685	288
685	334
123	276
123	127
123	50
123	480
123	187
123	98
123	275
123	192
123	962
123	135
123	462
123	182
123	479
123	432
123	319
123	64
123	165
123	485
123	9
123	514
123	482
123	13
123	286
123	1269
123	321
123	143
123	523
123	22
123	294
123	735
123	704
123	255
123	285
123	14
123	134
123	511
123	288
123	185
123	289
123	531
123	197
123	606
123	100
123	504
122	1119
122	215
122	190
122	699
122	423
122	180
122	737
122	11
122	724
122	956
122	387
122	357
122	792
122	511
122	708
122	519
122	191
122	212
122	83
122	513
122	427
122	1267
122	28
122	736
122	673
122	127
122	509
122	214
122	378
122	197
122	382
122	470
122	1268
122	715
122	1168
122	469
122	187
122	46
122	510
122	1044
122	582
122	1113
122	727
122	86
122	661
122	70
122	69
122	193
122	553
574	327
574	896
574	910
574	305
574	344
574	311
574	1022
574	286
574	100
574	272
574	750
574	347
574	303
574	331
574	321
574	270
574	1313
574	300
574	262
574	900
574	690
574	1062
574	310
574	288
574	332
574	269
574	358
574	883
574	213
574	345
574	268
574	258
574	754
574	312
574	289
574	328
574	340
574	887
238	255
238	845
238	926
238	756
238	181
238	815
238	286
238	546
238	111
238	538
238	405
238	151
238	220
238	125
238	471
238	237
238	476
238	458
238	258
238	118
238	300
238	1258
238	294
238	1190
238	298
266	14
266	321
266	268
266	319
266	272
266	237
266	676
266	924
266	289
266	275
266	874
266	286
266	25
266	124
266	9
266	313
266	245
266	283
266	325
353	343
353	905
353	270
353	271
353	245
353	301
353	898
353	315
353	358
353	316
353	340
353	333
353	326
353	332
353	328
353	313
353	272
353	750
353	327
353	286
353	260
705	471
705	144
705	363
705	97
705	568
705	588
705	622
705	400
705	99
705	191
705	578
705	222
705	117
705	195
705	419
705	111
705	255
705	1035
705	215
705	227
705	58
705	318
705	815
705	83
705	228
705	252
705	174
705	405
705	554
705	233
705	241
705	8
705	196
705	148
705	385
705	15
705	416
705	50
705	826
705	399
705	1228
705	229
705	393
705	231
705	173
705	373
705	94
705	427
705	62
705	38
705	932
705	546
705	257
705	181
705	82
705	684
705	172
705	849
705	118
705	403
705	2
705	423
705	286
705	95
705	79
705	827
705	298
705	143
705	193
705	142
705	151
705	820
705	282
705	720
705	29
705	862
705	1
705	755
705	843
705	377
705	64
705	699
705	627
705	183
705	265
705	283
705	566
705	526
705	28
705	300
705	210
705	71
784	260
784	898
784	751
784	307
784	271
784	300
784	754
784	332
784	313
784	304
784	303
784	331
784	333
784	327
784	328
784	1038
784	346
784	269
784	334
784	315
784	678
784	323
784	310
784	690
784	321
784	302
784	270
784	326
784	272
784	877
784	312
784	292
784	268
529	258
529	682
529	288
529	340
529	690
529	301
529	991
529	292
529	984
529	269
529	689
529	307
529	332
529	268
529	321
529	886
529	286
529	294
529	343
529	309
529	319
529	1038
529	873
529	322
529	875
529	327
529	876
529	326
529	331
529	325
529	245
529	749
529	260
529	880
529	300
635	333
635	886
635	879
635	294
635	331
635	358
635	301
635	875
635	742
635	323
635	874
635	688
635	877
635	682
635	873
635	328
635	269
635	262
635	13
635	1
635	268
635	302
635	15
635	246
635	237
635	1025
635	748
635	327
893	264
893	240
893	246
893	845
893	288
893	976
893	148
893	471
893	151
893	147
893	24
893	260
893	286
893	411
893	781
893	405
893	121
893	235
893	69
893	290
893	11
893	1245
893	323
893	815
893	161
893	237
893	531
893	928
893	1218
893	259
893	96
893	144
893	476
893	724
893	819
893	258
893	172
893	849
893	298
893	771
893	77
893	759
893	50
893	1012
893	426
893	125
893	294
893	122
893	820
743	181
743	258
743	297
743	744
743	273
743	322
743	340
743	288
743	276
743	300
743	302
743	748
743	294
743	100
743	298
743	308
743	338
743	879
743	286
743	289
743	259
743	9
743	311
743	222
743	326
743	268
743	15
743	303
743	301
434	288
434	1060
434	411
434	7
434	1095
434	220
434	147
434	975
434	477
434	1197
434	424
434	9
434	819
434	369
434	471
434	628
434	974
434	118
434	15
434	347
434	844
434	225
434	111
434	1051
434	283
434	763
434	406
434	756
434	274
434	546
434	833
434	275
434	1152
434	237
434	743
434	815
203	150
203	258
203	890
203	323
203	879
203	151
203	117
203	475
203	815
203	148
203	7
203	100
203	477
203	282
203	181
203	471
203	276
203	628
203	271
203	24
203	304
203	742
203	336
203	748
203	294
203	288
203	283
203	250
203	237
203	1
203	321
203	50
203	222
203	993
203	1049
799	258
799	307
799	499
799	484
799	173
799	1545
799	292
799	45
799	306
799	319
799	654
799	1063
799	289
799	479
799	321
799	748
799	50
799	331
799	286
799	127
598	895
598	313
598	292
598	343
598	22
598	258
598	538
598	260
598	751
598	350
598	349
598	300
598	347
598	691
598	323
598	750
598	690
598	312
598	286
598	243
598	898
631	301
631	873
631	323
631	334
631	338
631	313
631	315
631	332
631	307
631	272
631	886
631	1527
631	877
631	286
631	346
631	288
209	258
209	301
209	50
209	688
209	269
209	181
209	351
209	251
209	16
209	898
209	349
209	286
209	813
209	129
209	304
209	906
209	321
209	1086
209	1137
209	127
209	9
209	276
209	271
209	285
209	766
209	14
209	333
420	603
420	251
420	855
420	508
420	547
420	319
420	331
420	127
420	86
420	753
420	475
420	302
420	116
420	301
420	408
420	179
420	19
420	275
420	270
420	478
420	484
420	285
420	750
420	137
420	124
420	190
420	286
420	283
420	690
420	1347
839	1
839	117
839	277
839	1245
839	118
839	532
839	475
839	813
839	258
839	323
839	845
839	319
839	1085
839	696
839	50
839	458
839	257
839	220
839	866
839	950
839	285
839	1048
839	106
839	255
839	1664
839	181
839	130
839	1009
839	244
839	93
839	326
839	127
839	111
839	235
839	410
839	7
839	264
839	100
839	123
839	121
839	286
839	455
839	1381
839	237
839	292
839	321
839	864
513	841
513	257
513	546
513	127
513	258
513	250
513	121
513	50
513	763
513	222
513	252
513	181
513	323
513	265
513	739
513	117
513	118
513	472
564	281
564	245
564	181
564	1016
564	313
564	930
564	117
564	289
564	685
564	127
564	302
564	272
564	827
564	298
564	1034
564	323
564	597
564	258
564	750
564	257
564	1025
564	924
564	344
564	1399
564	831
564	300
564	472
564	333
920	682
920	340
920	268
920	288
920	245
920	331
920	350
920	300
920	347
920	299
920	333
920	307
920	286
920	332
920	310
920	272
920	1612
920	270
920	302
920	292
920	301
920	311
900	124
900	186
900	871
900	696
900	31
900	205
900	483
900	100
900	480
900	288
900	405
900	117
900	1132
900	508
900	458
900	618
900	654
900	325
900	280
900	9
900	200
900	471
900	137
900	661
900	864
900	318
900	834
900	237
900	130
900	474
900	410
900	121
900	129
900	136
900	429
900	744
900	493
36	289
36	682
36	268
36	882
36	319
36	261
36	873
36	269
36	310
36	339
36	333
36	878
36	358
36	883
36	748
36	885
473	1007
473	293
473	1143
473	124
473	127
473	273
473	319
473	547
473	508
473	321
473	129
473	1129
473	7
473	25
473	285
473	150
473	10
473	327
473	116
473	242
473	256
473	246
473	813
473	9
473	268
473	303
473	302
473	275
473	14
285	286
285	628
285	150
285	538
285	198
285	902
285	300
285	151
285	313
285	168
285	455
285	276
285	514
285	302
285	258
285	357
285	185
285	682
285	194
285	191
285	319
285	64
285	183
285	237
285	270
285	205
278	515
278	882
278	286
278	258
278	173
278	923
278	603
278	301
278	288
278	538
278	22
278	302
278	306
278	752
278	525
278	245
278	311
278	269
278	315
264	1074
264	183
264	186
264	208
264	275
264	42
264	721
264	202
264	19
264	216
264	709
264	25
264	659
264	192
264	504
264	436
264	676
264	283
264	153
264	100
264	844
264	654
264	173
264	1355
264	194
264	200
264	1103
264	789
264	184
264	286
264	645
264	234
264	56
264	558
264	683
264	175
264	448
264	672
264	367
264	433
264	12
264	204
264	222
264	217
264	655
264	792
264	813
264	1475
264	381
264	219
264	559
264	269
264	7
264	156
264	137
264	447
264	451
264	240
264	514
264	14
264	1070
264	443
264	150
264	168
264	182
264	1474
264	671
264	430
264	524
264	210
264	517
264	475
264	516
264	238
264	320
264	33
264	203
264	702
264	478
264	656
264	116
264	288
264	123
264	98
264	201
264	209
264	230
264	93
264	774
264	4
264	211
264	70
264	235
264	675
264	185
264	179
260	270
260	881
260	1105
260	538
260	307
260	272
260	258
260	748
260	362
260	333
260	891
260	1243
260	322
260	350
260	288
260	319
260	313
260	682
260	300
260	1025
752	902
752	348
752	260
752	315
752	311
752	344
752	316
752	288
752	286
752	331
752	340
752	322
752	1127
752	307
752	346
752	882
752	306
752	900
752	345
752	1527
752	354
752	350
752	289
752	748
752	678
752	589
752	259
752	270
752	750
752	271
752	302
752	327
752	338
752	995
752	905
752	752
752	258
752	1024
752	1279
752	1176
752	321
752	1243
752	690
752	683
752	325
752	333
752	305
752	268
752	1105
752	294
752	355
752	1463
752	313
752	1294
752	539
752	909
752	269
752	332
752	310
770	331
770	117
770	14
770	50
770	7
770	929
770	328
770	742
770	151
770	748
770	475
770	240
770	294
770	937
770	288
770	303
770	222
770	297
770	323
770	255
770	253
770	410
770	325
770	326
770	93
770	300
770	301
770	295
770	924
770	123
770	111
770	919
770	246
770	100
770	988
770	289
770	302
770	546
770	473
770	282
770	258
770	268
770	936
770	129
770	333
770	477
770	1012
770	875
770	334
770	508
770	298
770	250
722	100
722	696
722	307
722	148
722	237
722	871
722	300
722	476
722	471
722	866
722	322
722	546
722	7
722	405
722	333
722	678
722	328
722	310
722	25
722	628
722	508
722	412
722	294
722	928
722	147
722	111
722	458
722	117
722	151
722	597
722	13
722	823
722	124
722	121
779	109
779	255
779	509
779	118
779	294
779	304
779	411
779	181
779	15
779	222
779	121
779	257
779	328
779	117
779	95
779	275
779	71
779	300
779	225
779	879
779	1028
779	125
779	596
779	926
779	252
779	50
779	235
779	111
779	258
779	447
779	243
769	831
769	237
769	258
769	824
769	934
769	685
769	120
769	411
769	15
769	476
769	1322
769	111
769	284
769	235
769	269
769	1028
769	597
769	405
769	121
769	13
769	1
769	1011
769	222
769	118
769	748
549	100
549	118
549	515
549	678
549	472
549	1
549	252
549	748
549	121
549	405
549	181
549	237
549	288
549	411
549	225
549	127
549	866
549	151
549	50
549	258
549	620
143	333
143	347
143	326
143	307
143	322
143	1038
143	331
143	288
143	325
143	328
143	323
143	271
143	258
143	682
143	313
143	690
161	56
161	316
161	133
161	187
161	14
161	315
161	132
161	276
161	69
161	168
161	98
161	15
161	197
161	428
161	929
161	127
161	640
161	186
161	213
161	1266
161	215
161	272
161	435
161	582
161	48
161	473
161	204
161	483
161	191
161	274
161	496
161	508
161	174
161	1117
161	162
161	898
161	135
161	523
161	202
161	181
161	210
161	265
161	286
161	486
161	318
161	118
161	177
161	257
569	225
569	340
569	258
569	473
569	236
569	117
569	325
569	756
569	50
569	295
569	291
569	13
569	546
569	748
569	471
569	237
569	9
569	405
569	283
569	100
569	124
569	302
569	301
569	321
569	1197
569	333
569	126
569	3
569	294
569	25
569	455
569	274
569	222
569	277
569	252
569	111
569	328
569	762
569	121
569	979
569	685
569	273
569	676
569	19
569	1014
569	14
569	508
569	276
569	1
569	16
569	268
569	284
569	287
569	281
569	248
569	1284
492	212
492	134
492	193
492	131
492	1098
492	86
492	192
492	654
492	492
492	172
492	137
492	1147
492	650
492	221
492	772
492	482
492	527
492	474
492	318
492	69
492	45
492	483
492	83
492	127
492	205
492	291
492	275
492	514
492	124
492	1021
492	185
492	531
492	528
492	523
492	187
492	100
492	1121
492	56
492	923
492	651
492	64
492	511
492	285
492	462
492	286
869	118
869	1079
869	126
869	288
869	1047
869	1014
869	127
869	1132
869	125
869	696
869	1134
869	237
869	181
869	1382
869	275
869	1061
869	240
869	269
869	411
869	315
869	515
869	25
869	242
869	249
869	1163
869	846
869	596
869	412
869	122
869	151
869	50
869	476
869	13
869	284
869	298
869	310
869	100
869	15
869	756
516	191
516	199
516	431
516	628
516	204
516	250
516	523
516	181
516	902
516	474
516	660
516	286
516	214
516	194
516	310
516	169
516	50
410	340
410	272
410	312
410	323
410	886
410	316
410	286
410	289
410	300
410	352
410	905
410	690
410	754
410	303
410	258
410	898
410	269
410	311
410	328
410	354
410	315
410	882
410	748
410	689
449	268
449	702
449	269
449	100
449	291
449	546
449	1194
449	753
449	117
449	248
449	120
449	86
449	1006
449	14
449	748
449	1073
449	459
449	333
449	59
449	9
449	310
449	170
449	462
449	224
449	593
449	1010
449	293
449	763
449	276
449	515
449	1011
449	282
449	473
449	179
449	285
449	544
449	198
449	936
449	475
449	274
449	105
449	337
449	127
449	171
449	1009
449	1372
449	983
449	410
449	213
449	971
449	137
449	288
449	286
449	1404
449	381
449	106
449	212
449	742
449	1005
449	60
449	639
368	183
368	320
368	53
368	670
368	379
368	181
368	441
368	98
368	447
368	551
368	844
368	292
368	217
368	5
368	396
368	11
368	672
368	288
368	17
368	569
368	7
368	413
368	448
368	774
368	637
368	89
368	234
368	313
368	777
368	164
368	573
368	219
368	127
368	436
368	559
368	567
368	561
175	660
175	234
175	96
175	195
175	12
175	98
175	186
175	172
175	193
175	71
175	11
175	111
175	9
175	31
175	133
175	127
175	56
175	483
175	869
175	100
175	183
175	136
175	132
175	273
175	566
175	661
175	64
175	215
175	419
175	496
175	50
175	187
485	313
485	319
485	269
485	889
485	286
485	328
485	346
485	245
485	301
485	330
485	752
485	289
485	302
485	288
485	321
485	341
485	307
485	294
485	347
485	303
485	748
485	311
879	751
879	763
879	596
879	294
879	118
879	304
879	255
879	276
879	50
879	237
879	597
879	125
879	121
879	222
879	866
879	151
879	1047
879	25
879	292
879	111
879	685
879	127
879	117
879	181
879	300
47	1022
47	269
47	323
47	288
47	306
47	683
47	302
47	305
47	340
47	307
47	301
47	262
47	324
47	258
47	289
47	304
47	303
47	292
47	322
47	327
47	874
443	313
443	39
443	175
443	260
443	687
443	307
443	323
443	12
443	343
443	333
443	358
443	245
443	258
443	309
443	286
443	748
443	294
443	340
443	327
443	269
359	50
359	181
359	298
359	313
359	1
359	7
359	323
359	748
359	118
359	273
359	250
359	246
359	472
359	24
359	405
359	286
359	751
359	408
359	121
359	268
359	831
359	295
359	117
73	127
73	650
73	94
73	100
73	183
73	246
73	56
73	89
73	179
73	286
73	135
73	1
73	187
73	475
73	514
73	173
73	196
73	894
73	268
73	255
73	202
73	82
73	269
73	48
73	683
73	288
73	152
73	188
73	7
73	923
73	271
73	213
73	12
73	480
73	206
73	518
73	129
73	175
73	382
73	657
73	289
73	156
73	81
73	180
73	285
73	1149
73	357
73	171
73	748
73	96
73	197
73	660
73	507
73	1073
576	275
576	763
576	259
576	280
576	1
576	50
576	257
576	815
576	248
576	319
576	471
576	15
576	124
576	137
576	255
576	381
576	276
576	323
576	210
576	181
576	70
576	100
576	208
576	294
576	237
576	435
576	514
576	9
576	204
576	7
700	423
700	50
700	144
700	56
700	173
700	79
700	318
700	222
700	169
700	202
700	28
700	651
700	531
700	174
700	168
700	180
700	181
358	582
358	114
358	45
358	918
358	268
358	666
358	258
358	643
358	1021
358	512
358	482
358	1524
358	529
358	511
358	584
358	863
358	469
358	324
358	1266
358	896
358	127
358	65
358	558
358	1159
358	174
358	639
358	1396
358	213
358	638
358	1149
358	132
358	221
358	1529
358	1005
358	208
502	263
502	301
502	259
502	687
502	258
502	307
502	333
502	300
502	343
502	895
502	350
502	294
502	683
502	682
502	264
502	358
502	754
502	243
502	681
502	678
502	271
502	890
502	879
502	270
502	892
502	338
502	751
502	680
502	288
502	261
502	313
77	523
77	156
77	100
77	121
77	518
77	483
77	172
77	144
77	276
77	168
77	96
77	252
77	50
77	250
77	192
77	641
77	154
77	238
77	405
77	474
77	455
77	134
77	133
77	228
77	28
77	195
77	357
77	210
77	519
77	69
77	56
77	527
77	511
77	484
77	215
77	125
77	4
77	268
77	52
77	778
77	42
77	15
77	431
77	498
77	97
77	31
77	89
77	179
77	265
77	183
77	1
77	91
77	636
77	201
77	222
77	175
77	132
77	181
732	882
732	269
732	690
732	286
732	875
732	304
732	938
732	332
732	321
732	288
732	937
732	324
732	245
732	289
732	300
732	294
41	969
41	238
41	96
41	180
41	1039
41	486
41	156
41	174
41	28
41	56
41	194
41	58
41	100
41	69
41	97
41	175
41	357
41	202
41	286
41	173
41	216
41	414
41	209
41	265
41	751
41	430
41	289
41	181
41	196
41	1
41	153
41	195
41	191
41	168
41	152
41	188
41	98
41	135
41	518
41	435
41	746
41	50
53	250
53	64
53	257
53	628
53	50
53	228
53	924
53	284
53	100
53	258
53	151
53	845
53	96
53	24
53	546
53	181
53	1087
53	281
53	15
53	118
53	7
53	174
53	156
53	199
808	333
808	245
808	748
808	264
808	346
808	875
808	288
808	302
808	332
808	294
808	750
808	286
808	313
808	327
808	340
808	271
808	300
808	325
808	872
720	887
720	319
720	242
720	302
720	316
720	1062
720	268
720	262
720	333
720	896
720	749
720	272
720	1176
720	906
720	315
720	321
720	306
720	347
720	345
720	313
720	310
720	872
720	898
720	995
237	357
237	197
237	485
237	64
237	190
237	513
237	178
237	183
237	656
237	187
237	191
237	176
237	408
237	98
237	179
237	499
237	479
237	603
237	525
237	423
237	238
237	83
237	23
237	211
237	498
237	199
237	705
237	180
237	100
237	502
237	153
237	286
237	185
237	169
237	1192
237	474
237	483
237	134
237	659
237	58
375	77
375	302
375	566
375	218
375	1046
375	583
375	234
375	773
375	183
375	761
375	770
375	300
375	5
375	185
375	356
375	573
375	443
375	233
375	176
375	525
375	1217
375	684
375	39
375	1073
670	417
670	659
670	15
670	195
670	96
670	651
670	8
670	174
670	199
670	419
670	611
670	949
670	657
670	175
670	483
670	83
670	161
670	191
670	144
670	515
670	98
670	519
670	521
670	245
670	603
670	222
670	479
670	484
670	1299
670	650
670	615
670	168
670	511
670	482
670	1099
670	135
670	945
670	474
229	750
229	258
229	340
229	260
229	882
229	272
229	347
229	288
229	896
229	245
229	875
229	302
229	898
229	937
229	286
229	311
229	315
229	313
229	328
229	269
229	751
229	358
229	316
229	748
415	185
415	483
415	243
415	684
415	180
415	56
415	154
415	531
415	754
415	432
415	269
415	480
415	748
415	322
415	204
415	136
415	195
415	641
415	323
415	479
319	340
319	301
319	313
319	338
319	267
319	268
319	750
319	751
319	682
319	332
319	302
319	346
319	307
319	879
319	261
319	259
319	880
319	350
319	333
701	286
701	750
701	328
701	275
701	272
701	333
701	1
701	289
701	124
701	19
701	312
701	315
701	311
701	300
701	689
701	292
701	127
701	297
701	326
701	313
701	100
701	316
701	269
701	255
701	257
701	285
701	690
657	744
657	690
657	327
657	7
657	258
657	282
657	286
657	340
657	1009
657	269
657	508
657	294
657	9
657	118
657	151
657	300
657	301
657	475
657	873
657	302
657	111
657	628
657	922
657	109
657	455
310	275
310	258
310	294
310	536
310	116
310	222
310	740
310	274
310	257
310	14
310	251
310	181
310	304
310	1142
310	832
310	1022
310	748
931	303
931	250
931	459
931	1022
931	845
931	362
931	306
931	476
931	304
931	116
931	137
931	678
931	896
931	258
931	471
931	750
931	1152
931	50
931	546
931	281
931	315
931	181
931	333
931	245
931	508
931	100
931	316
931	252
931	126
931	909
931	313
931	121
931	220
931	127
931	310
931	515
931	302
931	125
931	312
931	347
931	286
931	298
931	355
931	300
931	272
931	257
931	275
931	344
931	685
433	358
433	1598
433	194
433	50
433	269
433	276
433	286
433	205
433	435
433	325
433	12
433	457
433	246
433	95
433	300
433	657
433	919
433	293
433	60
433	273
433	682
433	174
433	173
433	302
433	340
433	59
433	474
433	268
433	507
433	323
433	322
433	748
433	754
196	845
196	428
196	66
196	13
196	286
196	382
196	94
196	340
196	8
196	153
196	111
196	70
196	251
196	411
196	1241
196	110
196	381
196	269
196	1022
196	173
196	202
196	393
196	257
196	67
196	285
196	238
196	287
196	1118
196	306
196	116
196	25
196	655
196	108
760	928
760	451
760	185
760	216
760	604
760	278
760	748
760	873
760	204
760	1135
760	195
760	71
760	162
760	739
760	172
760	776
760	202
760	65
760	50
760	631
760	98
760	375
760	237
760	1037
760	25
760	255
760	183
760	111
760	365
760	288
760	258
760	723
760	845
171	344
171	315
171	326
171	327
171	887
171	286
171	305
171	906
171	1022
171	258
171	272
171	346
171	245
171	354
171	270
171	303
171	288
171	690
171	268
171	306
171	304
171	292
171	302
171	262
340	66
340	480
340	1133
340	662
340	378
340	199
340	969
340	173
340	588
340	211
340	180
340	215
340	497
340	15
340	504
340	423
340	71
340	520
340	196
340	181
340	584
340	179
340	174
340	205
340	435
340	274
340	143
340	526
340	88
340	1
340	502
340	204
340	405
340	486
340	172
340	417
29	312
29	358
29	300
29	180
29	539
29	286
29	332
29	343
29	270
29	306
29	874
29	678
29	98
29	303
29	480
29	326
29	748
29	268
29	79
29	269
29	1019
29	294
29	189
29	264
29	302
29	12
29	657
29	879
785	183
785	886
785	168
785	69
785	318
785	423
785	661
785	79
785	209
785	294
785	152
785	22
785	12
785	301
785	496
785	137
785	1050
785	748
785	288
785	56
785	269
785	1
785	995
309	879
309	304
309	303
309	1025
309	333
309	331
309	300
309	1296
309	938
309	690
309	258
309	242
309	324
309	989
309	306
309	319
404	301
404	323
404	754
404	258
404	339
404	259
404	270
404	687
404	683
404	313
404	343
404	243
404	331
404	22
404	332
404	328
404	879
404	66
404	286
404	289
404	876
404	300
404	342
404	288
404	739
404	690
404	678
404	333
404	892
404	269
404	327
404	310
404	938
404	302
404	750
404	272
612	15
612	259
612	25
612	7
612	1060
612	1063
612	480
612	878
612	322
612	926
612	127
612	118
612	300
612	275
612	243
612	604
612	924
612	117
612	237
612	100
612	9
612	476
612	147
318	809
318	137
318	8
318	237
318	24
318	94
318	508
318	63
318	1521
318	321
318	132
318	26
318	968
318	72
318	305
318	1012
318	944
318	605
318	158
318	866
318	301
318	864
318	238
318	385
318	182
318	792
318	174
318	193
318	307
318	750
318	384
318	239
318	105
318	610
318	315
318	143
318	631
318	142
318	133
318	458
318	476
318	14
318	414
318	70
318	85
318	898
318	403
318	796
318	179
318	509
318	1063
318	485
318	708
318	474
318	405
318	187
318	566
318	481
318	869
318	865
318	660
318	1014
318	480
318	56
318	205
318	378
318	356
318	186
318	1120
318	692
318	657
318	255
318	712
318	248
318	1032
318	213
318	282
318	269
318	419
318	628
318	286
318	527
318	197
318	229
318	451
318	138
318	265
318	25
318	722
318	162
318	768
318	655
318	482
318	216
318	134
318	64
318	100
318	648
318	77
318	215
318	501
318	540
318	934
318	66
318	795
318	49
318	40
318	312
318	326
318	381
318	50
318	1160
318	435
318	404
318	127
318	157
318	514
318	1044
318	4
318	357
318	941
318	401
318	196
318	763
318	191
318	210
318	88
318	629
318	575
318	188
318	735
318	503
318	257
318	47
318	58
318	294
318	12
318	618
318	208
318	393
283	91
283	209
283	70
283	42
283	208
283	588
283	866
283	412
283	56
283	407
283	109
283	1114
283	204
283	175
283	288
283	194
283	83
283	186
283	1487
283	216
283	676
283	393
283	845
283	732
283	49
283	71
283	291
283	1009
283	1079
283	151
283	455
283	50
283	173
283	95
283	125
283	627
283	24
283	820
283	659
283	210
283	294
283	625
283	432
827	316
827	748
827	312
827	289
827	358
827	300
827	329
827	343
827	332
827	294
827	313
827	347
827	301
827	302
827	333
827	286
827	689
827	269
827	326
827	245
827	272
827	331
827	268
827	750
550	748
550	222
550	310
550	181
550	993
550	682
550	259
550	1
550	237
550	254
550	688
550	313
550	50
550	596
550	255
550	121
550	294
550	249
550	1620
550	258
550	125
550	15
550	271
550	323
550	846
550	257
550	1089
550	243
550	924
550	304
550	892
550	405
696	689
696	906
696	1126
696	305
696	312
696	285
696	427
696	315
696	307
696	883
696	178
696	310
696	286
696	313
696	9
696	311
696	347
696	520
696	245
696	124
696	234
696	748
696	523
696	1176
696	302
80	79
80	466
80	886
80	208
80	58
80	303
80	205
80	531
80	423
80	86
80	215
80	199
80	269
80	237
80	699
80	154
80	514
80	50
80	483
80	887
80	582
80	45
80	260
80	87
80	100
816	259
816	326
816	332
816	322
816	355
816	300
816	258
816	349
816	342
816	678
816	294
816	343
816	331
816	264
816	1025
816	313
816	260
816	271
816	687
816	243
816	690
51	210
51	479
51	173
51	132
51	485
51	148
51	679
51	203
51	134
51	182
51	692
51	496
51	50
51	144
51	655
51	181
51	64
51	184
51	83
644	823
644	293
644	291
644	121
644	257
644	323
644	328
644	181
644	289
644	237
644	546
644	250
644	300
644	125
644	1620
644	100
644	873
644	977
644	261
644	1610
644	298
644	330
644	333
644	294
644	1025
644	326
644	871
644	50
644	988
644	307
644	258
644	117
644	308
644	127
810	321
810	294
810	331
810	879
810	288
810	326
810	286
810	333
810	342
810	269
810	881
810	339
810	902
810	300
810	878
810	289
810	243
810	313
810	304
810	876
810	328
810	301
604	100
604	98
604	184
604	164
604	234
604	441
604	567
604	670
604	443
604	5
604	218
604	127
604	7
604	447
604	201
604	558
604	183
604	413
604	185
604	56
604	448
604	200
604	48
739	526
739	333
739	751
739	98
739	50
739	100
739	176
739	286
739	132
739	79
739	749
739	168
739	97
739	1431
739	661
739	327
739	197
739	216
739	603
739	465
739	55
739	969
739	96
739	69
739	22
739	56
739	359
739	498
739	172
192	1160
192	108
192	258
192	289
192	118
192	1171
192	100
192	7
192	287
192	9
192	125
192	127
192	340
192	276
192	476
192	111
192	1405
192	235
192	50
192	301
192	1061
192	255
192	284
192	277
192	1137
192	948
192	813
192	252
192	515
610	489
610	317
610	56
610	582
610	318
610	98
610	50
610	203
610	272
610	516
610	751
610	275
610	162
610	568
610	70
610	11
610	352
610	607
610	117
610	402
610	9
610	484
610	283
610	127
610	606
610	294
610	331
610	313
610	423
610	172
610	210
610	183
610	153
610	480
610	1558
610	750
610	216
610	755
610	591
610	276
610	195
610	204
610	699
610	95
610	135
610	28
610	176
610	527
610	419
610	288
610	477
610	12
610	505
610	143
610	1
610	378
610	79
610	8
610	66
610	483
610	673
688	754
688	341
688	682
688	879
688	678
688	329
688	304
688	307
688	338
688	898
688	309
688	359
688	326
688	259
688	288
688	332
688	749
688	349
688	336
688	877
366	98
366	573
366	758
366	218
366	288
366	443
366	164
366	672
366	217
366	447
366	448
366	445
366	671
366	559
366	56
366	853
366	201
366	17
366	413
366	7
366	436
366	860
366	773
366	200
366	219
366	234
366	854
4	324
4	327
4	300
4	260
4	356
4	264
4	258
4	329
4	357
4	210
4	303
4	362
4	358
4	50
4	271
4	11
4	354
4	360
4	301
4	361
632	485
632	633
632	356
632	1028
632	196
632	609
632	71
632	651
632	258
632	150
632	549
632	161
632	510
632	210
632	95
632	591
632	79
632	566
632	527
632	168
632	679
632	288
632	22
632	720
632	568
632	201
632	508
632	237
632	588
632	746
632	468
632	132
632	845
632	739
632	12
632	693
632	143
632	99
632	282
632	184
632	276
632	655
632	877
632	233
632	69
632	97
632	68
632	186
632	195
632	357
632	483
632	134
632	176
632	191
632	164
632	172
632	100
632	204
632	96
632	735
632	54
632	194
632	82
632	367
632	685
632	81
632	203
632	25
632	156
632	402
632	131
632	470
632	234
632	144
632	7
632	58
632	56
632	419
632	763
632	55
632	181
632	475
632	318
632	523
632	17
632	451
632	1
632	228
632	215
632	174
632	91
632	28
632	2
632	51
632	622
632	173
482	245
482	127
482	295
482	289
482	286
482	257
482	294
482	346
482	315
482	50
482	313
482	876
482	988
482	748
482	311
482	321
482	249
482	682
482	258
482	269
482	288
482	243
67	1052
67	1095
67	25
67	105
67	276
67	235
67	151
67	64
67	871
67	472
67	756
67	7
67	117
67	122
67	125
67	147
67	833
67	273
67	240
67	743
67	827
67	1
67	1093
67	123
55	7
55	685
55	1016
55	254
55	121
55	118
55	678
55	273
55	1089
55	597
55	79
55	117
55	181
55	56
55	50
55	89
55	144
170	984
170	300
170	304
170	322
170	348
170	678
170	299
170	881
170	988
170	292
170	259
170	326
170	323
170	294
170	876
170	328
170	288
170	245
39	270
39	333
39	302
39	294
39	300
39	269
39	352
39	288
39	307
39	258
39	339
39	900
39	319
39	748
39	937
39	313
39	306
39	272
616	327
616	750
616	313
616	346
616	328
616	303
616	895
616	315
616	302
616	331
616	288
616	329
616	689
616	286
616	347
616	300
616	258
616	245
616	333
616	299
616	269
616	362
616	937
616	289
616	879
616	343
616	748
616	292
616	260
616	1313
616	873
616	326
616	678
616	272
616	339
147	904
147	305
147	690
147	319
147	313
147	304
147	340
147	339
147	286
147	898
147	750
147	269
147	751
147	292
147	937
147	345
173	1265
173	321
173	292
173	260
173	301
173	242
173	324
173	306
173	690
173	328
173	319
173	303
173	259
173	305
173	879
173	332
173	302
173	678
173	329
173	268
173	299
173	245
173	327
173	984
173	322
173	262
173	874
173	938
173	331
173	300
173	258
173	880
173	326
173	995
173	286
849	27
849	298
849	625
849	421
849	588
849	234
849	568
849	174
849	118
849	288
849	133
849	207
849	172
849	121
849	15
849	676
849	143
849	928
849	427
289	363
289	109
289	282
289	151
289	125
289	926
289	1
289	685
289	471
289	473
289	15
289	254
289	815
289	24
289	849
289	222
289	410
289	405
289	455
289	7
289	147
289	477
289	121
408	288
408	751
408	312
408	1296
408	310
408	358
408	242
408	689
408	327
408	270
408	315
408	334
408	286
408	271
408	302
408	683
408	328
408	294
408	313
408	748
408	539
408	319
408	324
261	1025
261	259
261	301
261	748
261	245
261	304
261	125
261	294
261	321
261	300
261	359
261	288
261	339
261	596
261	892
261	597
261	1237
261	875
261	322
261	988
261	340
261	117
261	243
348	685
348	288
348	126
348	834
348	406
348	245
348	369
348	117
348	411
348	1060
348	546
348	151
348	118
348	928
348	926
348	934
348	472
348	405
348	123
348	1
348	370
348	237
348	225
348	291
348	827
348	628
348	276
348	100
348	15
348	1028
348	294
348	974
348	409
348	988
348	323
348	1061
348	596
348	831
348	25
348	975
348	473
348	412
348	742
348	313
348	1120
348	477
348	240
348	243
355	242
355	329
355	872
355	288
355	1233
355	324
355	328
355	300
355	286
355	882
355	1175
355	681
355	358
355	1392
355	336
355	264
355	689
355	260
355	310
355	271
355	360
355	319
448	302
448	874
448	340
448	1602
448	1294
448	269
448	896
448	258
448	884
448	345
448	288
448	301
448	1022
448	271
448	307
448	344
448	303
448	304
448	1062
448	750
448	262
448	286
448	360
448	292
448	338
448	902
448	321
448	319
448	1176
448	900
448	312
448	305
430	168
430	117
430	1240
430	744
430	298
430	656
430	148
430	297
430	1375
430	293
430	123
430	152
430	674
430	121
430	237
430	7
430	436
430	50
430	10
430	137
430	547
430	235
430	222
430	748
430	628
430	514
430	64
430	318
430	328
430	300
430	9
430	234
430	288
430	221
430	515
430	151
430	42
430	165
430	286
430	100
430	264
430	164
430	129
430	98
430	12
430	253
430	181
430	124
430	19
430	273
430	101
430	294
430	527
108	50
108	7
108	100
108	718
108	125
108	319
108	290
108	405
108	127
108	181
108	281
108	121
108	294
108	748
108	1
108	222
108	124
108	255
108	275
108	740
108	237
108	304
108	252
108	471
108	284
108	13
108	10
568	474
568	488
568	631
568	479
568	135
568	606
568	482
568	6
568	494
568	1137
568	127
568	772
568	242
568	529
568	735
568	954
568	530
568	1125
568	486
568	100
568	165
568	162
568	659
568	301
568	525
568	234
568	187
568	923
568	427
568	483
568	615
568	430
568	519
568	509
568	988
568	132
568	653
568	641
568	56
568	524
568	269
568	191
568	423
568	512
568	493
568	224
568	79
568	638
568	134
568	435
568	319
568	199
568	178
568	661
568	656
568	286
568	213
568	179
568	491
568	303
568	855
568	612
568	520
568	1203
568	475
245	1028
245	596
245	756
245	94
245	1033
245	473
245	151
245	50
245	300
245	112
245	258
245	894
245	1047
245	181
245	411
245	133
245	21
245	210
777	690
777	205
777	100
777	692
777	1
777	117
777	180
777	202
777	212
777	196
777	527
777	818
777	288
777	223
777	238
777	216
777	157
777	522
777	204
777	153
777	652
777	523
777	1079
777	9
777	15
777	273
777	357
777	127
777	521
777	135
388	678
388	672
388	569
388	147
388	326
388	845
388	333
388	266
388	1
388	323
388	100
388	5
388	871
388	121
388	300
388	237
388	596
388	111
388	315
388	184
388	98
388	294
388	591
388	310
388	9
388	313
388	307
388	742
388	680
388	302
388	508
388	117
388	328
388	301
388	288
388	690
388	276
388	628
388	218
388	200
388	259
388	559
317	271
317	351
317	328
317	331
317	264
317	748
317	322
317	300
317	355
317	245
317	354
317	350
317	323
317	326
317	683
317	268
317	313
317	678
602	880
602	237
602	125
602	358
602	50
602	121
602	895
602	508
602	257
602	9
602	988
602	304
602	300
602	871
602	538
602	117
602	748
602	127
602	294
602	259
602	148
602	457
602	181
602	118
602	243
939	717
939	546
939	680
939	471
939	9
939	298
939	283
939	1277
939	476
939	266
939	254
939	275
939	222
939	258
939	285
939	411
939	118
939	257
939	1023
939	1054
939	274
939	993
939	409
939	405
939	742
939	220
939	121
939	1028
939	424
939	15
939	841
939	1051
939	106
939	934
939	591
939	280
939	508
939	931
939	1190
939	127
939	756
783	264
783	333
783	288
783	876
783	330
783	292
783	750
783	334
783	331
783	271
783	346
783	872
783	301
783	286
783	345
783	948
783	881
783	299
783	335
783	260
783	258
783	294
783	887
783	269
17	150
17	125
17	111
17	1
17	744
17	9
17	222
17	237
17	294
17	276
17	475
17	323
17	221
17	100
17	13
17	7
17	286
17	126
17	117
17	269
17	243
17	919
17	137
17	245
105	270
105	880
105	286
105	302
105	347
105	751
105	327
105	748
105	271
105	690
105	333
105	264
105	340
105	324
105	268
105	288
105	343
105	313
105	272
471	50
471	404
471	477
471	420
471	1219
471	172
471	501
471	225
471	393
471	71
471	969
471	102
471	99
471	946
471	418
471	140
471	465
471	878
471	95
471	151
471	627
471	94
471	82
471	432
471	596
418	313
418	258
418	1313
418	344
418	269
418	899
418	895
418	300
418	304
418	327
418	331
418	315
418	302
418	301
418	346
418	750
544	346
544	310
544	288
544	302
544	748
544	286
544	271
544	332
544	312
544	1280
544	300
544	326
544	343
544	292
544	338
544	877
544	749
544	325
544	750
544	331
544	327
544	304
544	313
544	270
544	259
674	118
674	50
674	125
674	1620
674	294
674	539
674	313
674	117
674	255
674	300
674	127
674	323
674	282
674	763
674	405
674	15
674	1197
674	252
674	181
674	742
674	315
674	151
674	25
674	410
674	111
674	866
674	257
674	304
674	1
674	222
674	289
674	929
674	597
441	538
441	294
441	282
441	7
441	300
441	338
441	100
441	751
441	313
441	259
441	1
441	405
441	121
441	117
441	25
441	288
750	323
750	306
750	748
750	301
750	886
750	327
750	300
750	873
750	294
750	271
750	288
750	269
750	330
750	749
750	328
750	245
750	358
750	1280
750	270
750	876
750	286
750	304
750	305
750	325
750	338
750	331
750	688
725	881
725	100
725	328
725	9
725	15
725	748
725	333
725	294
725	111
725	245
725	358
725	301
725	286
725	181
725	288
725	1197
725	19
725	258
725	873
725	322
725	879
692	326
692	168
692	845
692	692
692	1040
692	328
692	523
692	257
692	412
692	194
692	56
692	211
692	476
692	1132
692	866
692	208
692	285
692	508
692	411
692	1047
692	25
692	294
692	321
692	249
692	300
692	287
692	127
692	1028
692	238
692	756
692	1054
692	410
424	1
424	882
424	690
424	127
424	427
424	1346
424	275
424	286
424	172
424	538
424	14
424	292
424	288
424	258
424	261
424	689
424	969
424	688
424	333
424	304
424	740
424	259
424	840
424	276
424	1084
424	310
424	115
424	25
424	15
424	243
424	300
424	508
424	9
424	681
424	100
424	50
842	344
842	306
842	269
842	751
842	313
842	362
842	333
842	302
842	752
842	324
842	754
842	886
842	340
842	328
842	272
842	1105
842	288
842	258
842	303
842	874
842	749
842	1395
842	902
438	300
438	21
438	471
438	476
438	845
438	15
438	118
438	252
438	100
438	866
438	148
438	619
438	257
438	255
438	50
438	1
438	121
438	269
438	220
438	282
438	281
438	280
438	815
438	1028
438	321
438	864
438	237
672	815
672	25
672	109
672	284
672	255
672	1190
672	931
672	127
672	50
672	281
672	874
672	124
672	321
672	301
672	280
672	1061
672	269
672	515
672	220
672	864
672	181
672	225
672	1023
672	756
672	237
35	327
35	358
35	332
35	258
35	264
35	321
35	333
35	748
35	877
35	300
35	678
35	261
35	243
35	680
35	1025
35	259
35	242
35	326
35	937
35	876
35	879
61	328
61	690
61	269
61	323
61	748
61	331
61	751
61	271
61	333
61	310
61	243
61	301
61	678
61	327
61	304
61	294
61	300
780	520
780	97
780	133
780	433
780	515
780	657
780	28
780	705
780	70
780	604
780	164
780	497
780	419
780	286
780	510
780	199
780	275
780	467
780	313
780	187
780	511
780	50
780	385
780	300
780	318
780	603
780	22
780	339
780	186
780	526
780	204
780	294
780	474
780	98
780	498
780	508
780	491
780	208
780	660
780	183
780	427
780	659
780	485
780	662
780	496
511	880
511	346
511	294
511	678
511	358
511	355
511	343
511	260
511	288
511	908
511	872
511	340
511	895
511	1527
511	333
511	682
511	299
511	322
511	271
511	300
414	325
414	886
414	313
414	11
414	264
414	301
414	748
414	294
414	300
414	895
414	678
414	343
414	258
414	270
414	324
414	272
414	340
414	100
414	288
414	310
414	433
888	792
888	202
888	631
888	269
888	111
888	514
888	280
888	69
888	762
888	153
888	535
888	237
888	644
888	191
888	137
888	274
570	305
570	243
570	340
570	327
570	245
570	302
570	886
570	289
570	271
570	321
570	258
570	324
570	326
570	358
570	301
570	690
570	879
570	288
120	827
120	245
120	508
120	286
120	15
120	1
120	121
120	405
120	515
120	282
120	546
120	742
120	118
120	9
120	25
120	252
120	257
120	237
120	924
120	744
120	127
120	125
386	281
386	121
386	405
386	833
386	127
386	181
386	685
386	982
386	24
386	597
386	273
386	50
386	222
386	1016
386	455
386	118
386	546
386	117
386	825
202	172
202	515
202	195
202	191
202	269
202	604
202	204
202	1
202	242
202	258
202	516
202	318
202	484
202	481
202	173
202	283
369	358
369	948
369	196
369	114
369	268
369	168
369	988
369	243
369	335
369	919
369	50
369	271
369	752
369	179
369	166
369	890
369	181
369	316
687	748
687	286
687	879
687	313
687	895
687	245
687	340
687	269
687	268
687	319
687	321
687	264
687	300
687	678
687	288
687	294
687	324
596	13
596	328
596	300
596	313
596	50
596	295
596	149
596	294
596	289
596	222
596	682
596	286
596	123
596	276
596	181
596	895
873	307
873	292
873	289
873	321
873	339
873	326
873	328
873	259
873	313
873	269
873	879
873	358
873	294
873	286
873	348
873	300
68	742
68	475
68	181
68	111
68	125
68	1047
68	405
68	282
68	409
68	258
68	1089
68	1028
68	127
68	50
68	411
68	121
68	596
68	458
68	118
68	713
68	237
68	471
68	117
68	286
68	7
68	763
68	926
68	276
572	284
572	121
572	9
572	924
572	14
572	222
572	124
572	100
572	289
572	301
572	1137
572	286
572	476
572	1171
572	13
572	277
220	995
220	333
220	294
220	682
220	269
220	268
220	303
220	325
220	301
220	332
220	264
220	340
220	288
220	286
220	289
220	319
220	305
220	306
228	690
228	327
228	137
228	938
228	275
228	651
228	87
228	98
228	650
228	286
228	812
228	886
228	204
228	427
228	750
228	272
228	288
304	111
304	895
304	893
304	681
304	294
304	288
304	763
304	278
304	323
304	300
304	328
304	682
304	742
304	259
304	271
304	286
304	243
304	322
304	343
304	237
304	298
304	275
895	301
895	50
895	222
895	597
895	284
895	283
895	1
895	275
895	328
895	181
895	1014
895	151
895	294
895	117
895	100
895	748
584	541
584	313
584	114
584	227
584	228
584	40
584	258
584	109
584	450
584	181
584	222
584	423
584	82
584	229
584	431
584	172
584	165
584	449
584	161
584	249
461	259
461	285
461	302
461	748
461	50
461	304
461	255
461	327
461	9
461	242
461	313
461	158
461	575
461	294
461	1006
461	258
461	321
461	682
461	269
926	322
926	340
926	288
926	286
926	302
926	289
926	269
926	300
926	321
926	258
926	292
926	272
926	315
926	294
926	237
926	245
628	301
628	270
628	288
628	1296
628	8
628	326
628	294
628	330
628	258
628	874
628	361
628	338
628	242
628	168
628	305
628	173
628	302
628	332
628	340
628	1025
628	292
628	938
628	333
510	1025
510	300
510	457
510	245
510	313
510	748
510	325
510	259
510	261
510	243
510	288
510	323
510	876
510	678
510	324
510	330
510	289
510	294
510	881
510	322
510	286
510	687
510	299
510	681
364	325
364	690
364	262
364	948
364	294
364	875
364	319
364	268
364	286
364	988
364	261
364	990
364	321
364	687
364	1048
364	289
477	1051
477	275
477	88
477	280
477	255
477	794
477	815
477	756
477	724
477	709
477	49
477	546
477	66
477	25
477	553
477	289
477	369
477	237
477	778
477	846
477	20
477	731
477	732
477	36
477	15
477	1041
477	111
477	282
477	722
597	1152
597	990
597	295
597	936
597	289
597	1
597	328
597	275
597	286
597	298
597	763
597	15
597	242
597	1016
597	988
597	293
597	1534
597	748
597	825
597	181
597	118
597	235
597	824
597	294
597	250
597	742
597	127
597	300
597	678
597	326
597	225
597	111
597	264
859	763
859	1132
859	410
859	275
859	368
859	1095
859	249
859	1008
859	313
859	535
859	475
859	111
859	1014
859	421
859	1326
859	1281
859	1048
859	955
859	1315
859	381
859	458
859	928
859	257
859	25
859	276
859	3
859	118
859	1009
859	294
859	293
859	287
859	476
859	846
107	333
107	323
107	321
107	258
107	312
107	902
107	288
107	300
107	327
107	325
107	271
107	302
107	259
107	305
107	1243
107	313
107	340
107	269
723	164
723	433
723	89
723	748
723	150
723	988
723	289
723	172
723	178
723	258
723	189
723	137
723	1
723	9
723	28
723	169
723	286
723	174
241	310
241	880
241	294
241	682
241	887
241	332
241	343
241	313
241	335
241	350
241	302
241	689
241	268
241	300
241	307
241	292
241	895
241	346
241	750
27	50
27	475
27	1017
27	742
27	286
27	281
27	244
27	288
27	298
27	596
27	9
27	123
27	508
27	118
27	370
27	246
27	978
27	295
27	100
27	148
27	121
649	254
649	275
649	291
649	127
649	257
649	1016
649	282
649	471
649	15
649	815
649	181
649	147
649	117
649	1244
649	323
649	678
649	252
649	50
649	24
649	1283
155	748
155	332
155	322
155	990
155	294
155	306
155	288
155	319
155	321
155	286
155	327
155	326
155	328
155	292
155	245
155	325
155	988
155	324
832	323
832	876
832	286
832	326
832	313
832	245
832	307
832	681
832	243
832	748
832	181
832	678
832	895
832	334
832	288
832	264
832	873
832	25
832	260
832	294
832	471
93	412
93	235
93	222
93	477
93	125
93	866
93	15
93	276
93	820
93	476
93	815
93	151
93	118
93	275
93	14
93	1
850	82
850	98
850	96
850	56
850	648
850	663
850	659
850	8
850	28
850	435
850	173
850	208
850	88
850	742
850	294
850	210
850	172
850	496
850	196
850	419
850	480
850	566
850	705
850	95
850	490
850	519
850	204
850	300
850	162
850	121
850	132
850	71
850	22
850	318
850	494
850	174
850	568
850	153
850	385
850	584
850	79
902	127
902	187
902	301
902	479
902	318
902	333
902	993
902	754
902	480
902	497
902	1016
902	307
902	423
902	8
902	327
902	134
902	172
902	298
902	144
902	181
902	258
902	304
902	176
902	879
902	87
902	515
902	271
902	1
902	50
902	289
902	306
902	191
902	204
902	989
902	250
902	295
902	228
902	483
902	268
902	300
902	246
726	310
726	1
726	294
726	355
726	248
726	1059
726	535
726	117
726	845
726	832
726	25
726	409
726	833
726	255
726	323
726	257
726	1038
726	274
726	1028
726	819
302	323
302	266
302	301
302	299
302	333
302	307
302	294
302	303
302	245
302	289
302	271
302	328
302	879
302	680
302	322
302	748
302	258
252	742
252	847
252	740
252	410
252	100
252	7
252	300
252	286
252	277
252	475
252	268
252	290
252	9
252	14
252	124
252	276
252	129
914	643
914	724
914	1259
914	775
914	736
914	1355
914	197
914	313
914	371
914	451
914	155
914	381
914	88
914	387
914	692
914	739
914	1406
914	111
914	732
140	245
140	258
140	289
140	872
140	325
140	334
140	988
140	288
140	302
140	322
140	321
140	294
140	301
140	268
140	303
140	319
140	880
609	1
609	750
609	285
609	314
609	259
609	352
609	877
609	288
609	125
609	319
609	901
609	258
609	475
609	15
609	287
609	147
609	908
609	243
609	294
609	890
609	878
609	538
609	948
609	1012
520	315
520	1051
520	283
520	898
520	240
520	242
520	302
520	286
520	300
520	274
520	1028
520	100
520	269
520	25
520	310
520	893
520	311
520	294
520	678
139	127
139	475
139	296
139	307
139	237
139	297
139	1233
139	268
139	302
139	460
139	222
139	676
139	246
139	458
139	242
139	744
139	508
139	150
139	1176
139	100
212	382
212	511
212	317
212	246
212	631
212	268
212	179
212	527
212	528
212	423
212	127
212	863
212	427
212	197
212	645
212	515
212	269
212	735
212	318
212	86
212	180
231	597
231	471
231	121
231	126
231	50
231	289
231	866
231	405
231	15
231	181
231	151
231	252
231	476
231	924
231	748
231	255
231	313
431	245
431	690
431	988
431	303
431	358
431	323
431	328
431	754
431	879
431	269
431	286
431	302
431	689
431	307
431	300
431	327
431	538
866	242
866	887
866	347
866	313
866	272
866	900
866	344
866	302
866	300
866	321
866	303
866	315
866	269
866	882
866	896
866	305
